Mes,Dia,Hora,FS_geometrico,Fachada,Punto,Fila
1,1,9,0.8201,East2,P1-reconstruido,Fila 1
1,1,10,0.2473,East2,P1-reconstruido,Fila 1
1,1,11,0.0,East2,P1-reconstruido,Fila 1
1,1,12,0.0128,East2,P1-reconstruido,Fila 1
1,1,13,0.7638,East2,P1-reconstruido,Fila 1
1,1,14,1.0,East2,P1-reconstruido,Fila 1
1,1,15,1.0,East2,P1-reconstruido,Fila 1
1,1,16,1.0,East2,P1-reconstruido,Fila 1
1,1,17,1.0,East2,P1-reconstruido,Fila 1
1,2,9,0.8262,East2,P1-reconstruido,Fila 1
1,2,10,0.2533,East2,P1-reconstruido,Fila 1
1,2,11,0.0,East2,P1-reconstruido,Fila 1
1,2,12,0.0059,East2,P1-reconstruido,Fila 1
1,2,13,0.7574,East2,P1-reconstruido,Fila 1
1,2,14,1.0,East2,P1-reconstruido,Fila 1
1,2,15,1.0,East2,P1-reconstruido,Fila 1
1,2,16,1.0,East2,P1-reconstruido,Fila 1
1,2,17,1.0,East2,P1-reconstruido,Fila 1
1,3,9,0.8325,East2,P1-reconstruido,Fila 1
1,3,10,0.2595,East2,P1-reconstruido,Fila 1
1,3,11,0.0,East2,P1-reconstruido,Fila 1
1,3,12,0.0,East2,P1-reconstruido,Fila 1
1,3,13,0.7511,East2,P1-reconstruido,Fila 1
1,3,14,1.0,East2,P1-reconstruido,Fila 1
1,3,15,1.0,East2,P1-reconstruido,Fila 1
1,3,16,1.0,East2,P1-reconstruido,Fila 1
1,3,17,1.0,East2,P1-reconstruido,Fila 1
1,4,9,0.8389,East2,P1-reconstruido,Fila 1
1,4,10,0.2656,East2,P1-reconstruido,Fila 1
1,4,11,0.0,East2,P1-reconstruido,Fila 1
1,4,12,0.0,East2,P1-reconstruido,Fila 1
1,4,13,0.7449,East2,P1-reconstruido,Fila 1
1,4,14,1.0,East2,P1-reconstruido,Fila 1
1,4,15,1.0,East2,P1-reconstruido,Fila 1
1,4,16,1.0,East2,P1-reconstruido,Fila 1
1,4,17,1.0,East2,P1-reconstruido,Fila 1
1,5,9,0.8455,East2,P1-reconstruido,Fila 1
1,5,10,0.2719,East2,P1-reconstruido,Fila 1
1,5,11,0.0,East2,P1-reconstruido,Fila 1
1,5,12,0.0,East2,P1-reconstruido,Fila 1
1,5,13,0.7386,East2,P1-reconstruido,Fila 1
1,5,14,1.0,East2,P1-reconstruido,Fila 1
1,5,15,1.0,East2,P1-reconstruido,Fila 1
1,5,16,1.0,East2,P1-reconstruido,Fila 1
1,5,17,1.0,East2,P1-reconstruido,Fila 1
1,6,9,0.8522,East2,P1-reconstruido,Fila 1
1,6,10,0.2782,East2,P1-reconstruido,Fila 1
1,6,11,0.0,East2,P1-reconstruido,Fila 1
1,6,12,0.0,East2,P1-reconstruido,Fila 1
1,6,13,0.7325,East2,P1-reconstruido,Fila 1
1,6,14,1.0,East2,P1-reconstruido,Fila 1
1,6,15,1.0,East2,P1-reconstruido,Fila 1
1,6,16,1.0,East2,P1-reconstruido,Fila 1
1,6,17,1.0,East2,P1-reconstruido,Fila 1
1,7,9,0.859,East2,P1-reconstruido,Fila 1
1,7,10,0.2845,East2,P1-reconstruido,Fila 1
1,7,11,0.0,East2,P1-reconstruido,Fila 1
1,7,12,0.0,East2,P1-reconstruido,Fila 1
1,7,13,0.7263,East2,P1-reconstruido,Fila 1
1,7,14,1.0,East2,P1-reconstruido,Fila 1
1,7,15,1.0,East2,P1-reconstruido,Fila 1
1,7,16,1.0,East2,P1-reconstruido,Fila 1
1,7,17,1.0,East2,P1-reconstruido,Fila 1
1,8,9,0.866,East2,P1-reconstruido,Fila 1
1,8,10,0.2908,East2,P1-reconstruido,Fila 1
1,8,11,0.0,East2,P1-reconstruido,Fila 1
1,8,12,0.0,East2,P1-reconstruido,Fila 1
1,8,13,0.7202,East2,P1-reconstruido,Fila 1
1,8,14,1.0,East2,P1-reconstruido,Fila 1
1,8,15,1.0,East2,P1-reconstruido,Fila 1
1,8,16,1.0,East2,P1-reconstruido,Fila 1
1,8,17,1.0,East2,P1-reconstruido,Fila 1
1,9,9,0.8731,East2,P1-reconstruido,Fila 1
1,9,10,0.2971,East2,P1-reconstruido,Fila 1
1,9,11,0.0,East2,P1-reconstruido,Fila 1
1,9,12,0.0,East2,P1-reconstruido,Fila 1
1,9,13,0.7142,East2,P1-reconstruido,Fila 1
1,9,14,1.0,East2,P1-reconstruido,Fila 1
1,9,15,1.0,East2,P1-reconstruido,Fila 1
1,9,16,1.0,East2,P1-reconstruido,Fila 1
1,9,17,1.0,East2,P1-reconstruido,Fila 1
1,10,9,0.8803,East2,P1-reconstruido,Fila 1
1,10,10,0.3035,East2,P1-reconstruido,Fila 1
1,10,11,0.0,East2,P1-reconstruido,Fila 1
1,10,12,0.0,East2,P1-reconstruido,Fila 1
1,10,13,0.7082,East2,P1-reconstruido,Fila 1
1,10,14,1.0,East2,P1-reconstruido,Fila 1
1,10,15,1.0,East2,P1-reconstruido,Fila 1
1,10,16,1.0,East2,P1-reconstruido,Fila 1
1,10,17,1.0,East2,P1-reconstruido,Fila 1
1,11,9,0.8876,East2,P1-reconstruido,Fila 1
1,11,10,0.3098,East2,P1-reconstruido,Fila 1
1,11,11,0.0,East2,P1-reconstruido,Fila 1
1,11,12,0.0,East2,P1-reconstruido,Fila 1
1,11,13,0.7023,East2,P1-reconstruido,Fila 1
1,11,14,1.0,East2,P1-reconstruido,Fila 1
1,11,15,1.0,East2,P1-reconstruido,Fila 1
1,11,16,1.0,East2,P1-reconstruido,Fila 1
1,11,17,1.0,East2,P1-reconstruido,Fila 1
1,12,9,0.895,East2,P1-reconstruido,Fila 1
1,12,10,0.3161,East2,P1-reconstruido,Fila 1
1,12,11,0.0,East2,P1-reconstruido,Fila 1
1,12,12,0.0,East2,P1-reconstruido,Fila 1
1,12,13,0.6964,East2,P1-reconstruido,Fila 1
1,12,14,1.0,East2,P1-reconstruido,Fila 1
1,12,15,1.0,East2,P1-reconstruido,Fila 1
1,12,16,1.0,East2,P1-reconstruido,Fila 1
1,12,17,1.0,East2,P1-reconstruido,Fila 1
1,12,18,1.0,East2,P1-reconstruido,Fila 1
1,13,9,0.9026,East2,P1-reconstruido,Fila 1
1,13,10,0.3223,East2,P1-reconstruido,Fila 1
1,13,11,0.0,East2,P1-reconstruido,Fila 1
1,13,12,0.0,East2,P1-reconstruido,Fila 1
1,13,13,0.6906,East2,P1-reconstruido,Fila 1
1,13,14,1.0,East2,P1-reconstruido,Fila 1
1,13,15,1.0,East2,P1-reconstruido,Fila 1
1,13,16,1.0,East2,P1-reconstruido,Fila 1
1,13,17,1.0,East2,P1-reconstruido,Fila 1
1,13,18,1.0,East2,P1-reconstruido,Fila 1
1,14,9,0.9103,East2,P1-reconstruido,Fila 1
1,14,10,0.3285,East2,P1-reconstruido,Fila 1
1,14,11,0.0,East2,P1-reconstruido,Fila 1
1,14,12,0.0,East2,P1-reconstruido,Fila 1
1,14,13,0.6849,East2,P1-reconstruido,Fila 1
1,14,14,1.0,East2,P1-reconstruido,Fila 1
1,14,15,1.0,East2,P1-reconstruido,Fila 1
1,14,16,1.0,East2,P1-reconstruido,Fila 1
1,14,17,1.0,East2,P1-reconstruido,Fila 1
1,14,18,1.0,East2,P1-reconstruido,Fila 1
1,15,9,0.918,East2,P1-reconstruido,Fila 1
1,15,10,0.3346,East2,P1-reconstruido,Fila 1
1,15,11,0.0,East2,P1-reconstruido,Fila 1
1,15,12,0.0,East2,P1-reconstruido,Fila 1
1,15,13,0.6793,East2,P1-reconstruido,Fila 1
1,15,14,1.0,East2,P1-reconstruido,Fila 1
1,15,15,1.0,East2,P1-reconstruido,Fila 1
1,15,16,1.0,East2,P1-reconstruido,Fila 1
1,15,17,1.0,East2,P1-reconstruido,Fila 1
1,15,18,1.0,East2,P1-reconstruido,Fila 1
1,16,9,0.9259,East2,P1-reconstruido,Fila 1
1,16,10,0.3407,East2,P1-reconstruido,Fila 1
1,16,11,0.0,East2,P1-reconstruido,Fila 1
1,16,12,0.0,East2,P1-reconstruido,Fila 1
1,16,13,0.6737,East2,P1-reconstruido,Fila 1
1,16,14,1.0,East2,P1-reconstruido,Fila 1
1,16,15,1.0,East2,P1-reconstruido,Fila 1
1,16,16,1.0,East2,P1-reconstruido,Fila 1
1,16,17,1.0,East2,P1-reconstruido,Fila 1
1,16,18,1.0,East2,P1-reconstruido,Fila 1
1,17,9,0.9339,East2,P1-reconstruido,Fila 1
1,17,10,0.3467,East2,P1-reconstruido,Fila 1
1,17,11,0.0,East2,P1-reconstruido,Fila 1
1,17,12,0.0,East2,P1-reconstruido,Fila 1
1,17,13,0.6682,East2,P1-reconstruido,Fila 1
1,17,14,1.0,East2,P1-reconstruido,Fila 1
1,17,15,1.0,East2,P1-reconstruido,Fila 1
1,17,16,1.0,East2,P1-reconstruido,Fila 1
1,17,17,1.0,East2,P1-reconstruido,Fila 1
1,17,18,1.0,East2,P1-reconstruido,Fila 1
1,18,9,0.942,East2,P1-reconstruido,Fila 1
1,18,10,0.3525,East2,P1-reconstruido,Fila 1
1,18,11,0.0,East2,P1-reconstruido,Fila 1
1,18,12,0.0,East2,P1-reconstruido,Fila 1
1,18,13,0.6628,East2,P1-reconstruido,Fila 1
1,18,14,1.0,East2,P1-reconstruido,Fila 1
1,18,15,1.0,East2,P1-reconstruido,Fila 1
1,18,16,1.0,East2,P1-reconstruido,Fila 1
1,18,17,1.0,East2,P1-reconstruido,Fila 1
1,18,18,1.0,East2,P1-reconstruido,Fila 1
1,19,9,0.9502,East2,P1-reconstruido,Fila 1
1,19,10,0.3583,East2,P1-reconstruido,Fila 1
1,19,11,0.0,East2,P1-reconstruido,Fila 1
1,19,12,0.0,East2,P1-reconstruido,Fila 1
1,19,13,0.6575,East2,P1-reconstruido,Fila 1
1,19,14,1.0,East2,P1-reconstruido,Fila 1
1,19,15,1.0,East2,P1-reconstruido,Fila 1
1,19,16,1.0,East2,P1-reconstruido,Fila 1
1,19,17,1.0,East2,P1-reconstruido,Fila 1
1,19,18,1.0,East2,P1-reconstruido,Fila 1
1,20,9,0.9584,East2,P1-reconstruido,Fila 1
1,20,10,0.3639,East2,P1-reconstruido,Fila 1
1,20,11,0.0,East2,P1-reconstruido,Fila 1
1,20,12,0.0,East2,P1-reconstruido,Fila 1
1,20,13,0.6523,East2,P1-reconstruido,Fila 1
1,20,14,1.0,East2,P1-reconstruido,Fila 1
1,20,15,1.0,East2,P1-reconstruido,Fila 1
1,20,16,1.0,East2,P1-reconstruido,Fila 1
1,20,17,1.0,East2,P1-reconstruido,Fila 1
1,20,18,1.0,East2,P1-reconstruido,Fila 1
1,21,9,0.9668,East2,P1-reconstruido,Fila 1
1,21,10,0.3694,East2,P1-reconstruido,Fila 1
1,21,11,0.0,East2,P1-reconstruido,Fila 1
1,21,12,0.0,East2,P1-reconstruido,Fila 1
1,21,13,0.6472,East2,P1-reconstruido,Fila 1
1,21,14,1.0,East2,P1-reconstruido,Fila 1
1,21,15,1.0,East2,P1-reconstruido,Fila 1
1,21,16,1.0,East2,P1-reconstruido,Fila 1
1,21,17,1.0,East2,P1-reconstruido,Fila 1
1,21,18,1.0,East2,P1-reconstruido,Fila 1
1,22,9,0.9753,East2,P1-reconstruido,Fila 1
1,22,10,0.3747,East2,P1-reconstruido,Fila 1
1,22,11,0.0,East2,P1-reconstruido,Fila 1
1,22,12,0.0,East2,P1-reconstruido,Fila 1
1,22,13,0.6422,East2,P1-reconstruido,Fila 1
1,22,14,1.0,East2,P1-reconstruido,Fila 1
1,22,15,1.0,East2,P1-reconstruido,Fila 1
1,22,16,1.0,East2,P1-reconstruido,Fila 1
1,22,17,1.0,East2,P1-reconstruido,Fila 1
1,22,18,1.0,East2,P1-reconstruido,Fila 1
1,23,9,0.9757,East2,P1-reconstruido,Fila 1
1,23,10,0.3799,East2,P1-reconstruido,Fila 1
1,23,11,0.0,East2,P1-reconstruido,Fila 1
1,23,12,0.0,East2,P1-reconstruido,Fila 1
1,23,13,0.6372,East2,P1-reconstruido,Fila 1
1,23,14,1.0,East2,P1-reconstruido,Fila 1
1,23,15,1.0,East2,P1-reconstruido,Fila 1
1,23,16,1.0,East2,P1-reconstruido,Fila 1
1,23,17,1.0,East2,P1-reconstruido,Fila 1
1,23,18,1.0,East2,P1-reconstruido,Fila 1
1,24,9,0.9753,East2,P1-reconstruido,Fila 1
1,24,10,0.3849,East2,P1-reconstruido,Fila 1
1,24,11,0.0,East2,P1-reconstruido,Fila 1
1,24,12,0.0,East2,P1-reconstruido,Fila 1
1,24,13,0.6324,East2,P1-reconstruido,Fila 1
1,24,14,1.0,East2,P1-reconstruido,Fila 1
1,24,15,1.0,East2,P1-reconstruido,Fila 1
1,24,16,1.0,East2,P1-reconstruido,Fila 1
1,24,17,1.0,East2,P1-reconstruido,Fila 1
1,24,18,1.0,East2,P1-reconstruido,Fila 1
1,25,9,0.9748,East2,P1-reconstruido,Fila 1
1,25,10,0.3897,East2,P1-reconstruido,Fila 1
1,25,11,0.0,East2,P1-reconstruido,Fila 1
1,25,12,0.0,East2,P1-reconstruido,Fila 1
1,25,13,0.6278,East2,P1-reconstruido,Fila 1
1,25,14,1.0,East2,P1-reconstruido,Fila 1
1,25,15,1.0,East2,P1-reconstruido,Fila 1
1,25,16,1.0,East2,P1-reconstruido,Fila 1
1,25,17,1.0,East2,P1-reconstruido,Fila 1
1,25,18,1.0,East2,P1-reconstruido,Fila 1
1,26,9,0.9743,East2,P1-reconstruido,Fila 1
1,26,10,0.3944,East2,P1-reconstruido,Fila 1
1,26,11,0.0,East2,P1-reconstruido,Fila 1
1,26,12,0.0,East2,P1-reconstruido,Fila 1
1,26,13,0.6232,East2,P1-reconstruido,Fila 1
1,26,14,1.0,East2,P1-reconstruido,Fila 1
1,26,15,1.0,East2,P1-reconstruido,Fila 1
1,26,16,1.0,East2,P1-reconstruido,Fila 1
1,26,17,1.0,East2,P1-reconstruido,Fila 1
1,26,18,1.0,East2,P1-reconstruido,Fila 1
1,27,9,0.9738,East2,P1-reconstruido,Fila 1
1,27,10,0.3988,East2,P1-reconstruido,Fila 1
1,27,11,0.0,East2,P1-reconstruido,Fila 1
1,27,12,0.0,East2,P1-reconstruido,Fila 1
1,27,13,0.6187,East2,P1-reconstruido,Fila 1
1,27,14,1.0,East2,P1-reconstruido,Fila 1
1,27,15,1.0,East2,P1-reconstruido,Fila 1
1,27,16,1.0,East2,P1-reconstruido,Fila 1
1,27,17,1.0,East2,P1-reconstruido,Fila 1
1,27,18,1.0,East2,P1-reconstruido,Fila 1
1,28,9,0.9732,East2,P1-reconstruido,Fila 1
1,28,10,0.4029,East2,P1-reconstruido,Fila 1
1,28,11,0.0,East2,P1-reconstruido,Fila 1
1,28,12,0.0,East2,P1-reconstruido,Fila 1
1,28,13,0.6144,East2,P1-reconstruido,Fila 1
1,28,14,1.0,East2,P1-reconstruido,Fila 1
1,28,15,1.0,East2,P1-reconstruido,Fila 1
1,28,16,1.0,East2,P1-reconstruido,Fila 1
1,28,17,1.0,East2,P1-reconstruido,Fila 1
1,28,18,1.0,East2,P1-reconstruido,Fila 1
1,29,9,0.9727,East2,P1-reconstruido,Fila 1
1,29,10,0.4069,East2,P1-reconstruido,Fila 1
1,29,11,0.0,East2,P1-reconstruido,Fila 1
1,29,12,0.0,East2,P1-reconstruido,Fila 1
1,29,13,0.6102,East2,P1-reconstruido,Fila 1
1,29,14,1.0,East2,P1-reconstruido,Fila 1
1,29,15,1.0,East2,P1-reconstruido,Fila 1
1,29,16,1.0,East2,P1-reconstruido,Fila 1
1,29,17,1.0,East2,P1-reconstruido,Fila 1
1,29,18,1.0,East2,P1-reconstruido,Fila 1
1,30,9,0.9721,East2,P1-reconstruido,Fila 1
1,30,10,0.4106,East2,P1-reconstruido,Fila 1
1,30,11,0.0,East2,P1-reconstruido,Fila 1
1,30,12,0.0,East2,P1-reconstruido,Fila 1
1,30,13,0.6061,East2,P1-reconstruido,Fila 1
1,30,14,1.0,East2,P1-reconstruido,Fila 1
1,30,15,1.0,East2,P1-reconstruido,Fila 1
1,30,16,1.0,East2,P1-reconstruido,Fila 1
1,30,17,1.0,East2,P1-reconstruido,Fila 1
1,30,18,1.0,East2,P1-reconstruido,Fila 1
1,31,9,0.9716,East2,P1-reconstruido,Fila 1
1,31,10,0.4141,East2,P1-reconstruido,Fila 1
1,31,11,0.0,East2,P1-reconstruido,Fila 1
1,31,12,0.0,East2,P1-reconstruido,Fila 1
1,31,13,0.6022,East2,P1-reconstruido,Fila 1
1,31,14,1.0,East2,P1-reconstruido,Fila 1
1,31,15,1.0,East2,P1-reconstruido,Fila 1
1,31,16,1.0,East2,P1-reconstruido,Fila 1
1,31,17,1.0,East2,P1-reconstruido,Fila 1
1,31,18,1.0,East2,P1-reconstruido,Fila 1
2,1,9,0.971,East2,P1-reconstruido,Fila 1
2,1,10,0.4173,East2,P1-reconstruido,Fila 1
2,1,11,0.0,East2,P1-reconstruido,Fila 1
2,1,12,0.0,East2,P1-reconstruido,Fila 1
2,1,13,0.5984,East2,P1-reconstruido,Fila 1
2,1,14,1.0,East2,P1-reconstruido,Fila 1
2,1,15,1.0,East2,P1-reconstruido,Fila 1
2,1,16,1.0,East2,P1-reconstruido,Fila 1
2,1,17,1.0,East2,P1-reconstruido,Fila 1
2,1,18,1.0,East2,P1-reconstruido,Fila 1
2,2,9,0.9704,East2,P1-reconstruido,Fila 1
2,2,10,0.4202,East2,P1-reconstruido,Fila 1
2,2,11,0.0,East2,P1-reconstruido,Fila 1
2,2,12,0.0,East2,P1-reconstruido,Fila 1
2,2,13,0.5947,East2,P1-reconstruido,Fila 1
2,2,14,1.0,East2,P1-reconstruido,Fila 1
2,2,15,1.0,East2,P1-reconstruido,Fila 1
2,2,16,1.0,East2,P1-reconstruido,Fila 1
2,2,17,1.0,East2,P1-reconstruido,Fila 1
2,2,18,1.0,East2,P1-reconstruido,Fila 1
2,3,9,0.9699,East2,P1-reconstruido,Fila 1
2,3,10,0.4229,East2,P1-reconstruido,Fila 1
2,3,11,0.0,East2,P1-reconstruido,Fila 1
2,3,12,0.0,East2,P1-reconstruido,Fila 1
2,3,13,0.5912,East2,P1-reconstruido,Fila 1
2,3,14,1.0,East2,P1-reconstruido,Fila 1
2,3,15,1.0,East2,P1-reconstruido,Fila 1
2,3,16,1.0,East2,P1-reconstruido,Fila 1
2,3,17,1.0,East2,P1-reconstruido,Fila 1
2,3,18,1.0,East2,P1-reconstruido,Fila 1
2,4,9,0.9693,East2,P1-reconstruido,Fila 1
2,4,10,0.4253,East2,P1-reconstruido,Fila 1
2,4,11,0.0,East2,P1-reconstruido,Fila 1
2,4,12,0.0,East2,P1-reconstruido,Fila 1
2,4,13,0.5877,East2,P1-reconstruido,Fila 1
2,4,14,1.0,East2,P1-reconstruido,Fila 1
2,4,15,1.0,East2,P1-reconstruido,Fila 1
2,4,16,1.0,East2,P1-reconstruido,Fila 1
2,4,17,1.0,East2,P1-reconstruido,Fila 1
2,4,18,1.0,East2,P1-reconstruido,Fila 1
2,5,9,0.9687,East2,P1-reconstruido,Fila 1
2,5,10,0.4274,East2,P1-reconstruido,Fila 1
2,5,11,0.0,East2,P1-reconstruido,Fila 1
2,5,12,0.0,East2,P1-reconstruido,Fila 1
2,5,13,0.5845,East2,P1-reconstruido,Fila 1
2,5,14,1.0,East2,P1-reconstruido,Fila 1
2,5,15,1.0,East2,P1-reconstruido,Fila 1
2,5,16,1.0,East2,P1-reconstruido,Fila 1
2,5,17,1.0,East2,P1-reconstruido,Fila 1
2,5,18,1.0,East2,P1-reconstruido,Fila 1
2,6,9,0.9681,East2,P1-reconstruido,Fila 1
2,6,10,0.4292,East2,P1-reconstruido,Fila 1
2,6,11,0.0,East2,P1-reconstruido,Fila 1
2,6,12,0.0,East2,P1-reconstruido,Fila 1
2,6,13,0.5813,East2,P1-reconstruido,Fila 1
2,6,14,1.0,East2,P1-reconstruido,Fila 1
2,6,15,1.0,East2,P1-reconstruido,Fila 1
2,6,16,1.0,East2,P1-reconstruido,Fila 1
2,6,17,1.0,East2,P1-reconstruido,Fila 1
2,6,18,1.0,East2,P1-reconstruido,Fila 1
2,7,9,0.9675,East2,P1-reconstruido,Fila 1
2,7,10,0.4306,East2,P1-reconstruido,Fila 1
2,7,11,0.0,East2,P1-reconstruido,Fila 1
2,7,12,0.0,East2,P1-reconstruido,Fila 1
2,7,13,0.5783,East2,P1-reconstruido,Fila 1
2,7,14,1.0,East2,P1-reconstruido,Fila 1
2,7,15,1.0,East2,P1-reconstruido,Fila 1
2,7,16,1.0,East2,P1-reconstruido,Fila 1
2,7,17,1.0,East2,P1-reconstruido,Fila 1
2,7,18,1.0,East2,P1-reconstruido,Fila 1
2,8,9,0.967,East2,P1-reconstruido,Fila 1
2,8,10,0.4318,East2,P1-reconstruido,Fila 1
2,8,11,0.0008,East2,P1-reconstruido,Fila 1
2,8,12,0.0,East2,P1-reconstruido,Fila 1
2,8,13,0.5755,East2,P1-reconstruido,Fila 1
2,8,14,1.0,East2,P1-reconstruido,Fila 1
2,8,15,1.0,East2,P1-reconstruido,Fila 1
2,8,16,1.0,East2,P1-reconstruido,Fila 1
2,8,17,1.0,East2,P1-reconstruido,Fila 1
2,8,18,1.0,East2,P1-reconstruido,Fila 1
2,9,9,0.9664,East2,P1-reconstruido,Fila 1
2,9,10,0.4327,East2,P1-reconstruido,Fila 1
2,9,11,0.0036,East2,P1-reconstruido,Fila 1
2,9,12,0.0,East2,P1-reconstruido,Fila 1
2,9,13,0.5727,East2,P1-reconstruido,Fila 1
2,9,14,1.0,East2,P1-reconstruido,Fila 1
2,9,15,1.0,East2,P1-reconstruido,Fila 1
2,9,16,1.0,East2,P1-reconstruido,Fila 1
2,9,17,1.0,East2,P1-reconstruido,Fila 1
2,9,18,1.0,East2,P1-reconstruido,Fila 1
2,10,9,0.9658,East2,P1-reconstruido,Fila 1
2,10,10,0.4332,East2,P1-reconstruido,Fila 1
2,10,11,0.0062,East2,P1-reconstruido,Fila 1
2,10,12,0.0,East2,P1-reconstruido,Fila 1
2,10,13,0.5701,East2,P1-reconstruido,Fila 1
2,10,14,1.0,East2,P1-reconstruido,Fila 1
2,10,15,1.0,East2,P1-reconstruido,Fila 1
2,10,16,1.0,East2,P1-reconstruido,Fila 1
2,10,17,1.0,East2,P1-reconstruido,Fila 1
2,10,18,1.0,East2,P1-reconstruido,Fila 1
2,11,9,0.9653,East2,P1-reconstruido,Fila 1
2,11,10,0.4334,East2,P1-reconstruido,Fila 1
2,11,11,0.0086,East2,P1-reconstruido,Fila 1
2,11,12,0.0,East2,P1-reconstruido,Fila 1
2,11,13,0.5677,East2,P1-reconstruido,Fila 1
2,11,14,1.0,East2,P1-reconstruido,Fila 1
2,11,15,1.0,East2,P1-reconstruido,Fila 1
2,11,16,1.0,East2,P1-reconstruido,Fila 1
2,11,17,1.0,East2,P1-reconstruido,Fila 1
2,11,18,1.0,East2,P1-reconstruido,Fila 1
2,12,9,0.9648,East2,P1-reconstruido,Fila 1
2,12,10,0.4333,East2,P1-reconstruido,Fila 1
2,12,11,0.0107,East2,P1-reconstruido,Fila 1
2,12,12,0.0,East2,P1-reconstruido,Fila 1
2,12,13,0.5653,East2,P1-reconstruido,Fila 1
2,12,14,1.0,East2,P1-reconstruido,Fila 1
2,12,15,1.0,East2,P1-reconstruido,Fila 1
2,12,16,1.0,East2,P1-reconstruido,Fila 1
2,12,17,1.0,East2,P1-reconstruido,Fila 1
2,12,18,1.0,East2,P1-reconstruido,Fila 1
2,13,9,0.9642,East2,P1-reconstruido,Fila 1
2,13,10,0.4329,East2,P1-reconstruido,Fila 1
2,13,11,0.0126,East2,P1-reconstruido,Fila 1
2,13,12,0.0,East2,P1-reconstruido,Fila 1
2,13,13,0.5631,East2,P1-reconstruido,Fila 1
2,13,14,1.0,East2,P1-reconstruido,Fila 1
2,13,15,1.0,East2,P1-reconstruido,Fila 1
2,13,16,1.0,East2,P1-reconstruido,Fila 1
2,13,17,1.0,East2,P1-reconstruido,Fila 1
2,13,18,1.0,East2,P1-reconstruido,Fila 1
2,14,9,0.9637,East2,P1-reconstruido,Fila 1
2,14,10,0.4321,East2,P1-reconstruido,Fila 1
2,14,11,0.0142,East2,P1-reconstruido,Fila 1
2,14,12,0.0,East2,P1-reconstruido,Fila 1
2,14,13,0.5611,East2,P1-reconstruido,Fila 1
2,14,14,1.0,East2,P1-reconstruido,Fila 1
2,14,15,1.0,East2,P1-reconstruido,Fila 1
2,14,16,1.0,East2,P1-reconstruido,Fila 1
2,14,17,1.0,East2,P1-reconstruido,Fila 1
2,14,18,1.0,East2,P1-reconstruido,Fila 1
2,15,9,0.9632,East2,P1-reconstruido,Fila 1
2,15,10,0.4309,East2,P1-reconstruido,Fila 1
2,15,11,0.0156,East2,P1-reconstruido,Fila 1
2,15,12,0.0,East2,P1-reconstruido,Fila 1
2,15,13,0.5592,East2,P1-reconstruido,Fila 1
2,15,14,1.0,East2,P1-reconstruido,Fila 1
2,15,15,1.0,East2,P1-reconstruido,Fila 1
2,15,16,1.0,East2,P1-reconstruido,Fila 1
2,15,17,1.0,East2,P1-reconstruido,Fila 1
2,15,18,1.0,East2,P1-reconstruido,Fila 1
2,16,9,0.9628,East2,P1-reconstruido,Fila 1
2,16,10,0.4294,East2,P1-reconstruido,Fila 1
2,16,11,0.0167,East2,P1-reconstruido,Fila 1
2,16,12,0.0,East2,P1-reconstruido,Fila 1
2,16,13,0.5574,East2,P1-reconstruido,Fila 1
2,16,14,1.0,East2,P1-reconstruido,Fila 1
2,16,15,1.0,East2,P1-reconstruido,Fila 1
2,16,16,1.0,East2,P1-reconstruido,Fila 1
2,16,17,1.0,East2,P1-reconstruido,Fila 1
2,16,18,1.0,East2,P1-reconstruido,Fila 1
2,17,9,0.9623,East2,P1-reconstruido,Fila 1
2,17,10,0.4276,East2,P1-reconstruido,Fila 1
2,17,11,0.0175,East2,P1-reconstruido,Fila 1
2,17,12,0.0,East2,P1-reconstruido,Fila 1
2,17,13,0.5557,East2,P1-reconstruido,Fila 1
2,17,14,1.0,East2,P1-reconstruido,Fila 1
2,17,15,1.0,East2,P1-reconstruido,Fila 1
2,17,16,1.0,East2,P1-reconstruido,Fila 1
2,17,17,1.0,East2,P1-reconstruido,Fila 1
2,17,18,1.0,East2,P1-reconstruido,Fila 1
2,18,9,0.9619,East2,P1-reconstruido,Fila 1
2,18,10,0.4254,East2,P1-reconstruido,Fila 1
2,18,11,0.0181,East2,P1-reconstruido,Fila 1
2,18,12,0.0,East2,P1-reconstruido,Fila 1
2,18,13,0.5542,East2,P1-reconstruido,Fila 1
2,18,14,1.0,East2,P1-reconstruido,Fila 1
2,18,15,1.0,East2,P1-reconstruido,Fila 1
2,18,16,1.0,East2,P1-reconstruido,Fila 1
2,18,17,1.0,East2,P1-reconstruido,Fila 1
2,18,18,1.0,East2,P1-reconstruido,Fila 1
2,19,9,0.9615,East2,P1-reconstruido,Fila 1
2,19,10,0.4228,East2,P1-reconstruido,Fila 1
2,19,11,0.0184,East2,P1-reconstruido,Fila 1
2,19,12,0.0,East2,P1-reconstruido,Fila 1
2,19,13,0.5529,East2,P1-reconstruido,Fila 1
2,19,14,1.0,East2,P1-reconstruido,Fila 1
2,19,15,1.0,East2,P1-reconstruido,Fila 1
2,19,16,1.0,East2,P1-reconstruido,Fila 1
2,19,17,1.0,East2,P1-reconstruido,Fila 1
2,19,18,1.0,East2,P1-reconstruido,Fila 1
2,20,9,0.9611,East2,P1-reconstruido,Fila 1
2,20,10,0.4199,East2,P1-reconstruido,Fila 1
2,20,11,0.0184,East2,P1-reconstruido,Fila 1
2,20,12,0.0,East2,P1-reconstruido,Fila 1
2,20,13,0.5517,East2,P1-reconstruido,Fila 1
2,20,14,1.0,East2,P1-reconstruido,Fila 1
2,20,15,1.0,East2,P1-reconstruido,Fila 1
2,20,16,1.0,East2,P1-reconstruido,Fila 1
2,20,17,1.0,East2,P1-reconstruido,Fila 1
2,20,18,1.0,East2,P1-reconstruido,Fila 1
2,21,9,0.9607,East2,P1-reconstruido,Fila 1
2,21,10,0.4165,East2,P1-reconstruido,Fila 1
2,21,11,0.0181,East2,P1-reconstruido,Fila 1
2,21,12,0.0,East2,P1-reconstruido,Fila 1
2,21,13,0.5506,East2,P1-reconstruido,Fila 1
2,21,14,1.0,East2,P1-reconstruido,Fila 1
2,21,15,1.0,East2,P1-reconstruido,Fila 1
2,21,16,1.0,East2,P1-reconstruido,Fila 1
2,21,17,1.0,East2,P1-reconstruido,Fila 1
2,21,18,1.0,East2,P1-reconstruido,Fila 1
2,22,9,0.9556,East2,P1-reconstruido,Fila 1
2,22,10,0.4122,East2,P1-reconstruido,Fila 1
2,22,11,0.0176,East2,P1-reconstruido,Fila 1
2,22,12,0.0,East2,P1-reconstruido,Fila 1
2,22,13,0.5496,East2,P1-reconstruido,Fila 1
2,22,14,1.0,East2,P1-reconstruido,Fila 1
2,22,15,1.0,East2,P1-reconstruido,Fila 1
2,22,16,1.0,East2,P1-reconstruido,Fila 1
2,22,17,1.0,East2,P1-reconstruido,Fila 1
2,22,18,1.0,East2,P1-reconstruido,Fila 1
2,23,9,0.9492,East2,P1-reconstruido,Fila 1
2,23,10,0.4072,East2,P1-reconstruido,Fila 1
2,23,11,0.0167,East2,P1-reconstruido,Fila 1
2,23,12,0.0,East2,P1-reconstruido,Fila 1
2,23,13,0.5488,East2,P1-reconstruido,Fila 1
2,23,14,1.0,East2,P1-reconstruido,Fila 1
2,23,15,1.0,East2,P1-reconstruido,Fila 1
2,23,16,1.0,East2,P1-reconstruido,Fila 1
2,23,17,1.0,East2,P1-reconstruido,Fila 1
2,23,18,1.0,East2,P1-reconstruido,Fila 1
2,24,9,0.943,East2,P1-reconstruido,Fila 1
2,24,10,0.4018,East2,P1-reconstruido,Fila 1
2,24,11,0.0155,East2,P1-reconstruido,Fila 1
2,24,12,0.0,East2,P1-reconstruido,Fila 1
2,24,13,0.5482,East2,P1-reconstruido,Fila 1
2,24,14,1.0,East2,P1-reconstruido,Fila 1
2,24,15,1.0,East2,P1-reconstruido,Fila 1
2,24,16,1.0,East2,P1-reconstruido,Fila 1
2,24,17,1.0,East2,P1-reconstruido,Fila 1
2,24,18,1.0,East2,P1-reconstruido,Fila 1
2,25,9,0.937,East2,P1-reconstruido,Fila 1
2,25,10,0.3959,East2,P1-reconstruido,Fila 1
2,25,11,0.0141,East2,P1-reconstruido,Fila 1
2,25,12,0.0,East2,P1-reconstruido,Fila 1
2,25,13,0.5476,East2,P1-reconstruido,Fila 1
2,25,14,1.0,East2,P1-reconstruido,Fila 1
2,25,15,1.0,East2,P1-reconstruido,Fila 1
2,25,16,1.0,East2,P1-reconstruido,Fila 1
2,25,17,1.0,East2,P1-reconstruido,Fila 1
2,25,18,1.0,East2,P1-reconstruido,Fila 1
2,26,9,0.9313,East2,P1-reconstruido,Fila 1
2,26,10,0.3896,East2,P1-reconstruido,Fila 1
2,26,11,0.0134,East2,P1-reconstruido,Fila 1
2,26,12,0.0,East2,P1-reconstruido,Fila 1
2,26,13,0.5473,East2,P1-reconstruido,Fila 1
2,26,14,1.0,East2,P1-reconstruido,Fila 1
2,26,15,1.0,East2,P1-reconstruido,Fila 1
2,26,16,1.0,East2,P1-reconstruido,Fila 1
2,26,17,1.0,East2,P1-reconstruido,Fila 1
2,26,18,1.0,East2,P1-reconstruido,Fila 1
2,27,8,0.9995,East2,P1-reconstruido,Fila 1
2,27,9,0.9257,East2,P1-reconstruido,Fila 1
2,27,10,0.3829,East2,P1-reconstruido,Fila 1
2,27,11,0.0137,East2,P1-reconstruido,Fila 1
2,27,12,0.0,East2,P1-reconstruido,Fila 1
2,27,13,0.547,East2,P1-reconstruido,Fila 1
2,27,14,1.0,East2,P1-reconstruido,Fila 1
2,27,15,1.0,East2,P1-reconstruido,Fila 1
2,27,16,1.0,East2,P1-reconstruido,Fila 1
2,27,17,1.0,East2,P1-reconstruido,Fila 1
2,27,18,1.0,East2,P1-reconstruido,Fila 1
2,28,8,0.9995,East2,P1-reconstruido,Fila 1
2,28,9,0.9203,East2,P1-reconstruido,Fila 1
2,28,10,0.3758,East2,P1-reconstruido,Fila 1
2,28,11,0.0139,East2,P1-reconstruido,Fila 1
2,28,12,0.0,East2,P1-reconstruido,Fila 1
2,28,13,0.5469,East2,P1-reconstruido,Fila 1
2,28,14,1.0,East2,P1-reconstruido,Fila 1
2,28,15,1.0,East2,P1-reconstruido,Fila 1
2,28,16,1.0,East2,P1-reconstruido,Fila 1
2,28,17,1.0,East2,P1-reconstruido,Fila 1
2,28,18,1.0,East2,P1-reconstruido,Fila 1
3,1,8,0.9995,East2,P1-reconstruido,Fila 1
3,1,9,0.9152,East2,P1-reconstruido,Fila 1
3,1,10,0.3683,East2,P1-reconstruido,Fila 1
3,1,11,0.014,East2,P1-reconstruido,Fila 1
3,1,12,0.0,East2,P1-reconstruido,Fila 1
3,1,13,0.547,East2,P1-reconstruido,Fila 1
3,1,14,1.0,East2,P1-reconstruido,Fila 1
3,1,15,1.0,East2,P1-reconstruido,Fila 1
3,1,16,1.0,East2,P1-reconstruido,Fila 1
3,1,17,1.0,East2,P1-reconstruido,Fila 1
3,1,18,1.0,East2,P1-reconstruido,Fila 1
3,2,8,0.9995,East2,P1-reconstruido,Fila 1
3,2,9,0.9103,East2,P1-reconstruido,Fila 1
3,2,10,0.3604,East2,P1-reconstruido,Fila 1
3,2,11,0.0141,East2,P1-reconstruido,Fila 1
3,2,12,0.0,East2,P1-reconstruido,Fila 1
3,2,13,0.5471,East2,P1-reconstruido,Fila 1
3,2,14,1.0,East2,P1-reconstruido,Fila 1
3,2,15,1.0,East2,P1-reconstruido,Fila 1
3,2,16,1.0,East2,P1-reconstruido,Fila 1
3,2,17,1.0,East2,P1-reconstruido,Fila 1
3,2,18,1.0,East2,P1-reconstruido,Fila 1
3,3,8,0.9996,East2,P1-reconstruido,Fila 1
3,3,9,0.9056,East2,P1-reconstruido,Fila 1
3,3,10,0.352,East2,P1-reconstruido,Fila 1
3,3,11,0.0141,East2,P1-reconstruido,Fila 1
3,3,12,0.0,East2,P1-reconstruido,Fila 1
3,3,13,0.5475,East2,P1-reconstruido,Fila 1
3,3,14,1.0,East2,P1-reconstruido,Fila 1
3,3,15,1.0,East2,P1-reconstruido,Fila 1
3,3,16,1.0,East2,P1-reconstruido,Fila 1
3,3,17,1.0,East2,P1-reconstruido,Fila 1
3,3,18,1.0,East2,P1-reconstruido,Fila 1
3,3,19,1.0,East2,P1-reconstruido,Fila 1
3,4,8,0.9998,East2,P1-reconstruido,Fila 1
3,4,9,0.9012,East2,P1-reconstruido,Fila 1
3,4,10,0.3433,East2,P1-reconstruido,Fila 1
3,4,11,0.0141,East2,P1-reconstruido,Fila 1
3,4,12,0.0,East2,P1-reconstruido,Fila 1
3,4,13,0.5479,East2,P1-reconstruido,Fila 1
3,4,14,1.0,East2,P1-reconstruido,Fila 1
3,4,15,1.0,East2,P1-reconstruido,Fila 1
3,4,16,1.0,East2,P1-reconstruido,Fila 1
3,4,17,1.0,East2,P1-reconstruido,Fila 1
3,4,18,1.0,East2,P1-reconstruido,Fila 1
3,4,19,1.0,East2,P1-reconstruido,Fila 1
3,5,8,0.9999,East2,P1-reconstruido,Fila 1
3,5,9,0.8971,East2,P1-reconstruido,Fila 1
3,5,10,0.3341,East2,P1-reconstruido,Fila 1
3,5,11,0.014,East2,P1-reconstruido,Fila 1
3,5,12,0.0,East2,P1-reconstruido,Fila 1
3,5,13,0.5485,East2,P1-reconstruido,Fila 1
3,5,14,1.0,East2,P1-reconstruido,Fila 1
3,5,15,1.0,East2,P1-reconstruido,Fila 1
3,5,16,1.0,East2,P1-reconstruido,Fila 1
3,5,17,1.0,East2,P1-reconstruido,Fila 1
3,5,18,1.0,East2,P1-reconstruido,Fila 1
3,5,19,1.0,East2,P1-reconstruido,Fila 1
3,6,8,1.0,East2,P1-reconstruido,Fila 1
3,6,9,0.8932,East2,P1-reconstruido,Fila 1
3,6,10,0.3245,East2,P1-reconstruido,Fila 1
3,6,11,0.0139,East2,P1-reconstruido,Fila 1
3,6,12,0.0,East2,P1-reconstruido,Fila 1
3,6,13,0.5491,East2,P1-reconstruido,Fila 1
3,6,14,1.0,East2,P1-reconstruido,Fila 1
3,6,15,1.0,East2,P1-reconstruido,Fila 1
3,6,16,1.0,East2,P1-reconstruido,Fila 1
3,6,17,1.0,East2,P1-reconstruido,Fila 1
3,6,18,1.0,East2,P1-reconstruido,Fila 1
3,6,19,1.0,East2,P1-reconstruido,Fila 1
3,7,8,1.0,East2,P1-reconstruido,Fila 1
3,7,9,0.8896,East2,P1-reconstruido,Fila 1
3,7,10,0.3145,East2,P1-reconstruido,Fila 1
3,7,11,0.0137,East2,P1-reconstruido,Fila 1
3,7,12,0.0,East2,P1-reconstruido,Fila 1
3,7,13,0.55,East2,P1-reconstruido,Fila 1
3,7,14,1.0,East2,P1-reconstruido,Fila 1
3,7,15,1.0,East2,P1-reconstruido,Fila 1
3,7,16,1.0,East2,P1-reconstruido,Fila 1
3,7,17,1.0,East2,P1-reconstruido,Fila 1
3,7,18,1.0,East2,P1-reconstruido,Fila 1
3,7,19,1.0,East2,P1-reconstruido,Fila 1
3,8,8,1.0,East2,P1-reconstruido,Fila 1
3,8,9,0.8863,East2,P1-reconstruido,Fila 1
3,8,10,0.3041,East2,P1-reconstruido,Fila 1
3,8,11,0.0135,East2,P1-reconstruido,Fila 1
3,8,12,0.0,East2,P1-reconstruido,Fila 1
3,8,13,0.5509,East2,P1-reconstruido,Fila 1
3,8,14,1.0,East2,P1-reconstruido,Fila 1
3,8,15,1.0,East2,P1-reconstruido,Fila 1
3,8,16,1.0,East2,P1-reconstruido,Fila 1
3,8,17,1.0,East2,P1-reconstruido,Fila 1
3,8,18,1.0,East2,P1-reconstruido,Fila 1
3,8,19,1.0,East2,P1-reconstruido,Fila 1
3,9,8,1.0,East2,P1-reconstruido,Fila 1
3,9,9,0.8833,East2,P1-reconstruido,Fila 1
3,9,10,0.2933,East2,P1-reconstruido,Fila 1
3,9,11,0.0131,East2,P1-reconstruido,Fila 1
3,9,12,0.0,East2,P1-reconstruido,Fila 1
3,9,13,0.5519,East2,P1-reconstruido,Fila 1
3,9,14,1.0,East2,P1-reconstruido,Fila 1
3,9,15,1.0,East2,P1-reconstruido,Fila 1
3,9,16,1.0,East2,P1-reconstruido,Fila 1
3,9,17,1.0,East2,P1-reconstruido,Fila 1
3,9,18,1.0,East2,P1-reconstruido,Fila 1
3,9,19,1.0,East2,P1-reconstruido,Fila 1
3,10,8,1.0,East2,P1-reconstruido,Fila 1
3,10,9,0.8805,East2,P1-reconstruido,Fila 1
3,10,10,0.2821,East2,P1-reconstruido,Fila 1
3,10,11,0.0128,East2,P1-reconstruido,Fila 1
3,10,12,0.0,East2,P1-reconstruido,Fila 1
3,10,13,0.5531,East2,P1-reconstruido,Fila 1
3,10,14,1.0,East2,P1-reconstruido,Fila 1
3,10,15,1.0,East2,P1-reconstruido,Fila 1
3,10,16,1.0,East2,P1-reconstruido,Fila 1
3,10,17,1.0,East2,P1-reconstruido,Fila 1
3,10,18,1.0,East2,P1-reconstruido,Fila 1
3,10,19,1.0,East2,P1-reconstruido,Fila 1
3,11,8,1.0,East2,P1-reconstruido,Fila 1
3,11,9,0.8781,East2,P1-reconstruido,Fila 1
3,11,10,0.2706,East2,P1-reconstruido,Fila 1
3,11,11,0.0124,East2,P1-reconstruido,Fila 1
3,11,12,0.0,East2,P1-reconstruido,Fila 1
3,11,13,0.5544,East2,P1-reconstruido,Fila 1
3,11,14,1.0,East2,P1-reconstruido,Fila 1
3,11,15,1.0,East2,P1-reconstruido,Fila 1
3,11,16,1.0,East2,P1-reconstruido,Fila 1
3,11,17,1.0,East2,P1-reconstruido,Fila 1
3,11,18,1.0,East2,P1-reconstruido,Fila 1
3,11,19,1.0,East2,P1-reconstruido,Fila 1
3,12,8,1.0,East2,P1-reconstruido,Fila 1
3,12,9,0.876,East2,P1-reconstruido,Fila 1
3,12,10,0.2586,East2,P1-reconstruido,Fila 1
3,12,11,0.0119,East2,P1-reconstruido,Fila 1
3,12,12,0.0,East2,P1-reconstruido,Fila 1
3,12,13,0.5558,East2,P1-reconstruido,Fila 1
3,12,14,1.0,East2,P1-reconstruido,Fila 1
3,12,15,1.0,East2,P1-reconstruido,Fila 1
3,12,16,1.0,East2,P1-reconstruido,Fila 1
3,12,17,1.0,East2,P1-reconstruido,Fila 1
3,12,18,1.0,East2,P1-reconstruido,Fila 1
3,12,19,1.0,East2,P1-reconstruido,Fila 1
3,13,8,1.0,East2,P1-reconstruido,Fila 1
3,13,9,0.8741,East2,P1-reconstruido,Fila 1
3,13,10,0.2493,East2,P1-reconstruido,Fila 1
3,13,11,0.0113,East2,P1-reconstruido,Fila 1
3,13,12,0.0,East2,P1-reconstruido,Fila 1
3,13,13,0.5572,East2,P1-reconstruido,Fila 1
3,13,14,1.0,East2,P1-reconstruido,Fila 1
3,13,15,1.0,East2,P1-reconstruido,Fila 1
3,13,16,1.0,East2,P1-reconstruido,Fila 1
3,13,17,1.0,East2,P1-reconstruido,Fila 1
3,13,18,1.0,East2,P1-reconstruido,Fila 1
3,13,19,1.0,East2,P1-reconstruido,Fila 1
3,14,8,1.0,East2,P1-reconstruido,Fila 1
3,14,9,0.8726,East2,P1-reconstruido,Fila 1
3,14,10,0.2418,East2,P1-reconstruido,Fila 1
3,14,11,0.0107,East2,P1-reconstruido,Fila 1
3,14,12,0.0,East2,P1-reconstruido,Fila 1
3,14,13,0.5588,East2,P1-reconstruido,Fila 1
3,14,14,1.0,East2,P1-reconstruido,Fila 1
3,14,15,1.0,East2,P1-reconstruido,Fila 1
3,14,16,1.0,East2,P1-reconstruido,Fila 1
3,14,17,1.0,East2,P1-reconstruido,Fila 1
3,14,18,1.0,East2,P1-reconstruido,Fila 1
3,14,19,1.0,East2,P1-reconstruido,Fila 1
3,15,8,1.0,East2,P1-reconstruido,Fila 1
3,15,9,0.8714,East2,P1-reconstruido,Fila 1
3,15,10,0.2345,East2,P1-reconstruido,Fila 1
3,15,11,0.0101,East2,P1-reconstruido,Fila 1
3,15,12,0.0,East2,P1-reconstruido,Fila 1
3,15,13,0.5605,East2,P1-reconstruido,Fila 1
3,15,14,1.0,East2,P1-reconstruido,Fila 1
3,15,15,1.0,East2,P1-reconstruido,Fila 1
3,15,16,1.0,East2,P1-reconstruido,Fila 1
3,15,17,1.0,East2,P1-reconstruido,Fila 1
3,15,18,1.0,East2,P1-reconstruido,Fila 1
3,15,19,1.0,East2,P1-reconstruido,Fila 1
3,16,8,1.0,East2,P1-reconstruido,Fila 1
3,16,9,0.8706,East2,P1-reconstruido,Fila 1
3,16,10,0.2274,East2,P1-reconstruido,Fila 1
3,16,11,0.0094,East2,P1-reconstruido,Fila 1
3,16,12,0.0,East2,P1-reconstruido,Fila 1
3,16,13,0.5622,East2,P1-reconstruido,Fila 1
3,16,14,1.0,East2,P1-reconstruido,Fila 1
3,16,15,1.0,East2,P1-reconstruido,Fila 1
3,16,16,1.0,East2,P1-reconstruido,Fila 1
3,16,17,1.0,East2,P1-reconstruido,Fila 1
3,16,18,1.0,East2,P1-reconstruido,Fila 1
3,16,19,1.0,East2,P1-reconstruido,Fila 1
3,17,8,1.0,East2,P1-reconstruido,Fila 1
3,17,9,0.87,East2,P1-reconstruido,Fila 1
3,17,10,0.2206,East2,P1-reconstruido,Fila 1
3,17,11,0.0086,East2,P1-reconstruido,Fila 1
3,17,12,0.0,East2,P1-reconstruido,Fila 1
3,17,13,0.5641,East2,P1-reconstruido,Fila 1
3,17,14,1.0,East2,P1-reconstruido,Fila 1
3,17,15,1.0,East2,P1-reconstruido,Fila 1
3,17,16,1.0,East2,P1-reconstruido,Fila 1
3,17,17,1.0,East2,P1-reconstruido,Fila 1
3,17,18,1.0,East2,P1-reconstruido,Fila 1
3,17,19,1.0,East2,P1-reconstruido,Fila 1
3,18,8,1.0,East2,P1-reconstruido,Fila 1
3,18,9,0.8698,East2,P1-reconstruido,Fila 1
3,18,10,0.214,East2,P1-reconstruido,Fila 1
3,18,11,0.0078,East2,P1-reconstruido,Fila 1
3,18,12,0.0,East2,P1-reconstruido,Fila 1
3,18,13,0.566,East2,P1-reconstruido,Fila 1
3,18,14,1.0,East2,P1-reconstruido,Fila 1
3,18,15,1.0,East2,P1-reconstruido,Fila 1
3,18,16,1.0,East2,P1-reconstruido,Fila 1
3,18,17,1.0,East2,P1-reconstruido,Fila 1
3,18,18,1.0,East2,P1-reconstruido,Fila 1
3,18,19,1.0,East2,P1-reconstruido,Fila 1
3,19,8,1.0,East2,P1-reconstruido,Fila 1
3,19,9,0.8699,East2,P1-reconstruido,Fila 1
3,19,10,0.2076,East2,P1-reconstruido,Fila 1
3,19,11,0.0069,East2,P1-reconstruido,Fila 1
3,19,12,0.0,East2,P1-reconstruido,Fila 1
3,19,13,0.568,East2,P1-reconstruido,Fila 1
3,19,14,1.0,East2,P1-reconstruido,Fila 1
3,19,15,1.0,East2,P1-reconstruido,Fila 1
3,19,16,1.0,East2,P1-reconstruido,Fila 1
3,19,17,1.0,East2,P1-reconstruido,Fila 1
3,19,18,1.0,East2,P1-reconstruido,Fila 1
3,19,19,1.0,East2,P1-reconstruido,Fila 1
3,20,8,1.0,East2,P1-reconstruido,Fila 1
3,20,9,0.8704,East2,P1-reconstruido,Fila 1
3,20,10,0.2016,East2,P1-reconstruido,Fila 1
3,20,11,0.0059,East2,P1-reconstruido,Fila 1
3,20,12,0.0,East2,P1-reconstruido,Fila 1
3,20,13,0.5701,East2,P1-reconstruido,Fila 1
3,20,14,1.0,East2,P1-reconstruido,Fila 1
3,20,15,1.0,East2,P1-reconstruido,Fila 1
3,20,16,1.0,East2,P1-reconstruido,Fila 1
3,20,17,1.0,East2,P1-reconstruido,Fila 1
3,20,18,1.0,East2,P1-reconstruido,Fila 1
3,20,19,1.0,East2,P1-reconstruido,Fila 1
3,21,8,1.0,East2,P1-reconstruido,Fila 1
3,21,9,0.8712,East2,P1-reconstruido,Fila 1
3,21,10,0.1958,East2,P1-reconstruido,Fila 1
3,21,11,0.0049,East2,P1-reconstruido,Fila 1
3,21,12,0.0,East2,P1-reconstruido,Fila 1
3,21,13,0.5723,East2,P1-reconstruido,Fila 1
3,21,14,1.0,East2,P1-reconstruido,Fila 1
3,21,15,1.0,East2,P1-reconstruido,Fila 1
3,21,16,1.0,East2,P1-reconstruido,Fila 1
3,21,17,1.0,East2,P1-reconstruido,Fila 1
3,21,18,1.0,East2,P1-reconstruido,Fila 1
3,21,19,1.0,East2,P1-reconstruido,Fila 1
3,22,8,1.0,East2,P1-reconstruido,Fila 1
3,22,9,0.8723,East2,P1-reconstruido,Fila 1
3,22,10,0.1903,East2,P1-reconstruido,Fila 1
3,22,11,0.0039,East2,P1-reconstruido,Fila 1
3,22,12,0.0,East2,P1-reconstruido,Fila 1
3,22,13,0.5745,East2,P1-reconstruido,Fila 1
3,22,14,1.0,East2,P1-reconstruido,Fila 1
3,22,15,1.0,East2,P1-reconstruido,Fila 1
3,22,16,1.0,East2,P1-reconstruido,Fila 1
3,22,17,1.0,East2,P1-reconstruido,Fila 1
3,22,18,1.0,East2,P1-reconstruido,Fila 1
3,22,19,1.0,East2,P1-reconstruido,Fila 1
3,23,8,1.0,East2,P1-reconstruido,Fila 1
3,23,9,0.8738,East2,P1-reconstruido,Fila 1
3,23,10,0.185,East2,P1-reconstruido,Fila 1
3,23,11,0.0027,East2,P1-reconstruido,Fila 1
3,23,12,0.0,East2,P1-reconstruido,Fila 1
3,23,13,0.5768,East2,P1-reconstruido,Fila 1
3,23,14,1.0,East2,P1-reconstruido,Fila 1
3,23,15,1.0,East2,P1-reconstruido,Fila 1
3,23,16,1.0,East2,P1-reconstruido,Fila 1
3,23,17,1.0,East2,P1-reconstruido,Fila 1
3,23,18,1.0,East2,P1-reconstruido,Fila 1
3,23,19,1.0,East2,P1-reconstruido,Fila 1
3,24,8,1.0,East2,P1-reconstruido,Fila 1
3,24,9,0.8757,East2,P1-reconstruido,Fila 1
3,24,10,0.1826,East2,P1-reconstruido,Fila 1
3,24,11,0.0016,East2,P1-reconstruido,Fila 1
3,24,12,0.0,East2,P1-reconstruido,Fila 1
3,24,13,0.5792,East2,P1-reconstruido,Fila 1
3,24,14,1.0,East2,P1-reconstruido,Fila 1
3,24,15,1.0,East2,P1-reconstruido,Fila 1
3,24,16,1.0,East2,P1-reconstruido,Fila 1
3,24,17,1.0,East2,P1-reconstruido,Fila 1
3,24,18,1.0,East2,P1-reconstruido,Fila 1
3,24,19,1.0,East2,P1-reconstruido,Fila 1
3,25,8,1.0,East2,P1-reconstruido,Fila 1
3,25,9,0.8779,East2,P1-reconstruido,Fila 1
3,25,10,0.1856,East2,P1-reconstruido,Fila 1
3,25,11,0.0003,East2,P1-reconstruido,Fila 1
3,25,12,0.0,East2,P1-reconstruido,Fila 1
3,25,13,0.5816,East2,P1-reconstruido,Fila 1
3,25,14,1.0,East2,P1-reconstruido,Fila 1
3,25,15,1.0,East2,P1-reconstruido,Fila 1
3,25,16,1.0,East2,P1-reconstruido,Fila 1
3,25,17,1.0,East2,P1-reconstruido,Fila 1
3,25,18,1.0,East2,P1-reconstruido,Fila 1
3,25,19,1.0,East2,P1-reconstruido,Fila 1
3,26,9,1.0,East2,P1-reconstruido,Fila 1
3,26,10,0.8786,East2,P1-reconstruido,Fila 1
3,26,11,0.1881,East2,P1-reconstruido,Fila 1
3,26,12,0.0,East2,P1-reconstruido,Fila 1
3,26,13,0.0,East2,P1-reconstruido,Fila 1
3,26,14,0.5841,East2,P1-reconstruido,Fila 1
3,26,15,1.0,East2,P1-reconstruido,Fila 1
3,26,16,1.0,East2,P1-reconstruido,Fila 1
3,26,17,1.0,East2,P1-reconstruido,Fila 1
3,26,18,1.0,East2,P1-reconstruido,Fila 1
3,26,19,1.0,East2,P1-reconstruido,Fila 1
3,26,20,1.0,East2,P1-reconstruido,Fila 1
3,27,9,1.0,East2,P1-reconstruido,Fila 1
3,27,10,0.877,East2,P1-reconstruido,Fila 1
3,27,11,0.1901,East2,P1-reconstruido,Fila 1
3,27,12,0.0,East2,P1-reconstruido,Fila 1
3,27,13,0.0,East2,P1-reconstruido,Fila 1
3,27,14,0.5867,East2,P1-reconstruido,Fila 1
3,27,15,1.0,East2,P1-reconstruido,Fila 1
3,27,16,1.0,East2,P1-reconstruido,Fila 1
3,27,17,1.0,East2,P1-reconstruido,Fila 1
3,27,18,1.0,East2,P1-reconstruido,Fila 1
3,27,19,1.0,East2,P1-reconstruido,Fila 1
3,27,20,1.0,East2,P1-reconstruido,Fila 1
3,28,9,1.0,East2,P1-reconstruido,Fila 1
3,28,10,0.8757,East2,P1-reconstruido,Fila 1
3,28,11,0.1916,East2,P1-reconstruido,Fila 1
3,28,12,0.0,East2,P1-reconstruido,Fila 1
3,28,13,0.0,East2,P1-reconstruido,Fila 1
3,28,14,0.5893,East2,P1-reconstruido,Fila 1
3,28,15,1.0,East2,P1-reconstruido,Fila 1
3,28,16,1.0,East2,P1-reconstruido,Fila 1
3,28,17,1.0,East2,P1-reconstruido,Fila 1
3,28,18,1.0,East2,P1-reconstruido,Fila 1
3,28,19,1.0,East2,P1-reconstruido,Fila 1
3,28,20,1.0,East2,P1-reconstruido,Fila 1
3,29,9,1.0,East2,P1-reconstruido,Fila 1
3,29,10,0.8747,East2,P1-reconstruido,Fila 1
3,29,11,0.1926,East2,P1-reconstruido,Fila 1
3,29,12,0.0,East2,P1-reconstruido,Fila 1
3,29,13,0.0,East2,P1-reconstruido,Fila 1
3,29,14,0.5919,East2,P1-reconstruido,Fila 1
3,29,15,1.0,East2,P1-reconstruido,Fila 1
3,29,16,1.0,East2,P1-reconstruido,Fila 1
3,29,17,1.0,East2,P1-reconstruido,Fila 1
3,29,18,1.0,East2,P1-reconstruido,Fila 1
3,29,19,1.0,East2,P1-reconstruido,Fila 1
3,29,20,1.0,East2,P1-reconstruido,Fila 1
3,30,9,1.0,East2,P1-reconstruido,Fila 1
3,30,10,0.8739,East2,P1-reconstruido,Fila 1
3,30,11,0.1931,East2,P1-reconstruido,Fila 1
3,30,12,0.0,East2,P1-reconstruido,Fila 1
3,30,13,0.0,East2,P1-reconstruido,Fila 1
3,30,14,0.5946,East2,P1-reconstruido,Fila 1
3,30,15,1.0,East2,P1-reconstruido,Fila 1
3,30,16,1.0,East2,P1-reconstruido,Fila 1
3,30,17,1.0,East2,P1-reconstruido,Fila 1
3,30,18,1.0,East2,P1-reconstruido,Fila 1
3,30,19,1.0,East2,P1-reconstruido,Fila 1
3,30,20,1.0,East2,P1-reconstruido,Fila 1
3,31,9,1.0,East2,P1-reconstruido,Fila 1
3,31,10,0.8733,East2,P1-reconstruido,Fila 1
3,31,11,0.1932,East2,P1-reconstruido,Fila 1
3,31,12,0.0,East2,P1-reconstruido,Fila 1
3,31,13,0.0,East2,P1-reconstruido,Fila 1
3,31,14,0.5974,East2,P1-reconstruido,Fila 1
3,31,15,1.0,East2,P1-reconstruido,Fila 1
3,31,16,1.0,East2,P1-reconstruido,Fila 1
3,31,17,1.0,East2,P1-reconstruido,Fila 1
3,31,18,1.0,East2,P1-reconstruido,Fila 1
3,31,19,1.0,East2,P1-reconstruido,Fila 1
3,31,20,1.0,East2,P1-reconstruido,Fila 1
4,1,9,1.0,East2,P1-reconstruido,Fila 1
4,1,10,0.8731,East2,P1-reconstruido,Fila 1
4,1,11,0.1927,East2,P1-reconstruido,Fila 1
4,1,12,0.0,East2,P1-reconstruido,Fila 1
4,1,13,0.0,East2,P1-reconstruido,Fila 1
4,1,14,0.6001,East2,P1-reconstruido,Fila 1
4,1,15,1.0,East2,P1-reconstruido,Fila 1
4,1,16,1.0,East2,P1-reconstruido,Fila 1
4,1,17,1.0,East2,P1-reconstruido,Fila 1
4,1,18,1.0,East2,P1-reconstruido,Fila 1
4,1,19,1.0,East2,P1-reconstruido,Fila 1
4,1,20,1.0,East2,P1-reconstruido,Fila 1
4,2,9,1.0,East2,P1-reconstruido,Fila 1
4,2,10,0.8731,East2,P1-reconstruido,Fila 1
4,2,11,0.1918,East2,P1-reconstruido,Fila 1
4,2,12,0.0,East2,P1-reconstruido,Fila 1
4,2,13,0.0,East2,P1-reconstruido,Fila 1
4,2,14,0.6029,East2,P1-reconstruido,Fila 1
4,2,15,1.0,East2,P1-reconstruido,Fila 1
4,2,16,1.0,East2,P1-reconstruido,Fila 1
4,2,17,1.0,East2,P1-reconstruido,Fila 1
4,2,18,1.0,East2,P1-reconstruido,Fila 1
4,2,19,1.0,East2,P1-reconstruido,Fila 1
4,2,20,1.0,East2,P1-reconstruido,Fila 1
4,3,9,1.0,East2,P1-reconstruido,Fila 1
4,3,10,0.8733,East2,P1-reconstruido,Fila 1
4,3,11,0.1904,East2,P1-reconstruido,Fila 1
4,3,12,0.0,East2,P1-reconstruido,Fila 1
4,3,13,0.0,East2,P1-reconstruido,Fila 1
4,3,14,0.6057,East2,P1-reconstruido,Fila 1
4,3,15,1.0,East2,P1-reconstruido,Fila 1
4,3,16,1.0,East2,P1-reconstruido,Fila 1
4,3,17,1.0,East2,P1-reconstruido,Fila 1
4,3,18,1.0,East2,P1-reconstruido,Fila 1
4,3,19,1.0,East2,P1-reconstruido,Fila 1
4,3,20,1.0,East2,P1-reconstruido,Fila 1
4,4,9,1.0,East2,P1-reconstruido,Fila 1
4,4,10,0.8739,East2,P1-reconstruido,Fila 1
4,4,11,0.1886,East2,P1-reconstruido,Fila 1
4,4,12,0.0,East2,P1-reconstruido,Fila 1
4,4,13,0.0,East2,P1-reconstruido,Fila 1
4,4,14,0.6085,East2,P1-reconstruido,Fila 1
4,4,15,1.0,East2,P1-reconstruido,Fila 1
4,4,16,1.0,East2,P1-reconstruido,Fila 1
4,4,17,1.0,East2,P1-reconstruido,Fila 1
4,4,18,1.0,East2,P1-reconstruido,Fila 1
4,4,19,1.0,East2,P1-reconstruido,Fila 1
4,4,20,1.0,East2,P1-reconstruido,Fila 1
4,5,9,1.0,East2,P1-reconstruido,Fila 1
4,5,10,0.8747,East2,P1-reconstruido,Fila 1
4,5,11,0.1862,East2,P1-reconstruido,Fila 1
4,5,12,0.0,East2,P1-reconstruido,Fila 1
4,5,13,0.0,East2,P1-reconstruido,Fila 1
4,5,14,0.6113,East2,P1-reconstruido,Fila 1
4,5,15,1.0,East2,P1-reconstruido,Fila 1
4,5,16,1.0,East2,P1-reconstruido,Fila 1
4,5,17,1.0,East2,P1-reconstruido,Fila 1
4,5,18,1.0,East2,P1-reconstruido,Fila 1
4,5,19,1.0,East2,P1-reconstruido,Fila 1
4,5,20,1.0,East2,P1-reconstruido,Fila 1
4,6,8,1.0,East2,P1-reconstruido,Fila 1
4,6,9,1.0,East2,P1-reconstruido,Fila 1
4,6,10,0.8758,East2,P1-reconstruido,Fila 1
4,6,11,0.1835,East2,P1-reconstruido,Fila 1
4,6,12,0.0,East2,P1-reconstruido,Fila 1
4,6,13,0.0,East2,P1-reconstruido,Fila 1
4,6,14,0.6141,East2,P1-reconstruido,Fila 1
4,6,15,1.0,East2,P1-reconstruido,Fila 1
4,6,16,1.0,East2,P1-reconstruido,Fila 1
4,6,17,1.0,East2,P1-reconstruido,Fila 1
4,6,18,1.0,East2,P1-reconstruido,Fila 1
4,6,19,1.0,East2,P1-reconstruido,Fila 1
4,6,20,1.0,East2,P1-reconstruido,Fila 1
4,7,8,1.0,East2,P1-reconstruido,Fila 1
4,7,9,1.0,East2,P1-reconstruido,Fila 1
4,7,10,0.8772,East2,P1-reconstruido,Fila 1
4,7,11,0.1803,East2,P1-reconstruido,Fila 1
4,7,12,0.0,East2,P1-reconstruido,Fila 1
4,7,13,0.0,East2,P1-reconstruido,Fila 1
4,7,14,0.617,East2,P1-reconstruido,Fila 1
4,7,15,1.0,East2,P1-reconstruido,Fila 1
4,7,16,1.0,East2,P1-reconstruido,Fila 1
4,7,17,1.0,East2,P1-reconstruido,Fila 1
4,7,18,1.0,East2,P1-reconstruido,Fila 1
4,7,19,1.0,East2,P1-reconstruido,Fila 1
4,7,20,1.0,East2,P1-reconstruido,Fila 1
4,8,8,1.0,East2,P1-reconstruido,Fila 1
4,8,9,1.0,East2,P1-reconstruido,Fila 1
4,8,10,0.8788,East2,P1-reconstruido,Fila 1
4,8,11,0.1766,East2,P1-reconstruido,Fila 1
4,8,12,0.0,East2,P1-reconstruido,Fila 1
4,8,13,0.0,East2,P1-reconstruido,Fila 1
4,8,14,0.6197,East2,P1-reconstruido,Fila 1
4,8,15,1.0,East2,P1-reconstruido,Fila 1
4,8,16,1.0,East2,P1-reconstruido,Fila 1
4,8,17,1.0,East2,P1-reconstruido,Fila 1
4,8,18,1.0,East2,P1-reconstruido,Fila 1
4,8,19,1.0,East2,P1-reconstruido,Fila 1
4,8,20,1.0,East2,P1-reconstruido,Fila 1
4,9,8,1.0,East2,P1-reconstruido,Fila 1
4,9,9,1.0,East2,P1-reconstruido,Fila 1
4,9,10,0.8807,East2,P1-reconstruido,Fila 1
4,9,11,0.1725,East2,P1-reconstruido,Fila 1
4,9,12,0.0,East2,P1-reconstruido,Fila 1
4,9,13,0.0,East2,P1-reconstruido,Fila 1
4,9,14,0.6225,East2,P1-reconstruido,Fila 1
4,9,15,1.0,East2,P1-reconstruido,Fila 1
4,9,16,1.0,East2,P1-reconstruido,Fila 1
4,9,17,1.0,East2,P1-reconstruido,Fila 1
4,9,18,1.0,East2,P1-reconstruido,Fila 1
4,9,19,1.0,East2,P1-reconstruido,Fila 1
4,9,20,1.0,East2,P1-reconstruido,Fila 1
4,10,8,1.0,East2,P1-reconstruido,Fila 1
4,10,9,1.0,East2,P1-reconstruido,Fila 1
4,10,10,0.8829,East2,P1-reconstruido,Fila 1
4,10,11,0.168,East2,P1-reconstruido,Fila 1
4,10,12,0.0,East2,P1-reconstruido,Fila 1
4,10,13,0.0,East2,P1-reconstruido,Fila 1
4,10,14,0.6252,East2,P1-reconstruido,Fila 1
4,10,15,1.0,East2,P1-reconstruido,Fila 1
4,10,16,1.0,East2,P1-reconstruido,Fila 1
4,10,17,1.0,East2,P1-reconstruido,Fila 1
4,10,18,1.0,East2,P1-reconstruido,Fila 1
4,10,19,1.0,East2,P1-reconstruido,Fila 1
4,10,20,1.0,East2,P1-reconstruido,Fila 1
4,11,8,1.0,East2,P1-reconstruido,Fila 1
4,11,9,1.0,East2,P1-reconstruido,Fila 1
4,11,10,0.8854,East2,P1-reconstruido,Fila 1
4,11,11,0.163,East2,P1-reconstruido,Fila 1
4,11,12,0.0,East2,P1-reconstruido,Fila 1
4,11,13,0.0,East2,P1-reconstruido,Fila 1
4,11,14,0.6279,East2,P1-reconstruido,Fila 1
4,11,15,1.0,East2,P1-reconstruido,Fila 1
4,11,16,1.0,East2,P1-reconstruido,Fila 1
4,11,17,1.0,East2,P1-reconstruido,Fila 1
4,11,18,1.0,East2,P1-reconstruido,Fila 1
4,11,19,1.0,East2,P1-reconstruido,Fila 1
4,11,20,1.0,East2,P1-reconstruido,Fila 1
4,12,8,1.0,East2,P1-reconstruido,Fila 1
4,12,9,1.0,East2,P1-reconstruido,Fila 1
4,12,10,0.8882,East2,P1-reconstruido,Fila 1
4,12,11,0.1577,East2,P1-reconstruido,Fila 1
4,12,12,0.0,East2,P1-reconstruido,Fila 1
4,12,13,0.0,East2,P1-reconstruido,Fila 1
4,12,14,0.6305,East2,P1-reconstruido,Fila 1
4,12,15,1.0,East2,P1-reconstruido,Fila 1
4,12,16,1.0,East2,P1-reconstruido,Fila 1
4,12,17,1.0,East2,P1-reconstruido,Fila 1
4,12,18,1.0,East2,P1-reconstruido,Fila 1
4,12,19,1.0,East2,P1-reconstruido,Fila 1
4,12,20,1.0,East2,P1-reconstruido,Fila 1
4,13,8,1.0,East2,P1-reconstruido,Fila 1
4,13,9,1.0,East2,P1-reconstruido,Fila 1
4,13,10,0.8912,East2,P1-reconstruido,Fila 1
4,13,11,0.1519,East2,P1-reconstruido,Fila 1
4,13,12,0.0,East2,P1-reconstruido,Fila 1
4,13,13,0.0,East2,P1-reconstruido,Fila 1
4,13,14,0.633,East2,P1-reconstruido,Fila 1
4,13,15,1.0,East2,P1-reconstruido,Fila 1
4,13,16,1.0,East2,P1-reconstruido,Fila 1
4,13,17,1.0,East2,P1-reconstruido,Fila 1
4,13,18,1.0,East2,P1-reconstruido,Fila 1
4,13,19,1.0,East2,P1-reconstruido,Fila 1
4,13,20,1.0,East2,P1-reconstruido,Fila 1
4,14,8,1.0,East2,P1-reconstruido,Fila 1
4,14,9,1.0,East2,P1-reconstruido,Fila 1
4,14,10,0.8945,East2,P1-reconstruido,Fila 1
4,14,11,0.1458,East2,P1-reconstruido,Fila 1
4,14,12,0.0,East2,P1-reconstruido,Fila 1
4,14,13,0.0,East2,P1-reconstruido,Fila 1
4,14,14,0.6355,East2,P1-reconstruido,Fila 1
4,14,15,1.0,East2,P1-reconstruido,Fila 1
4,14,16,1.0,East2,P1-reconstruido,Fila 1
4,14,17,1.0,East2,P1-reconstruido,Fila 1
4,14,18,1.0,East2,P1-reconstruido,Fila 1
4,14,19,1.0,East2,P1-reconstruido,Fila 1
4,14,20,1.0,East2,P1-reconstruido,Fila 1
4,15,8,1.0,East2,P1-reconstruido,Fila 1
4,15,9,1.0,East2,P1-reconstruido,Fila 1
4,15,10,0.8941,East2,P1-reconstruido,Fila 1
4,15,11,0.1393,East2,P1-reconstruido,Fila 1
4,15,12,0.0,East2,P1-reconstruido,Fila 1
4,15,13,0.0,East2,P1-reconstruido,Fila 1
4,15,14,0.6379,East2,P1-reconstruido,Fila 1
4,15,15,1.0,East2,P1-reconstruido,Fila 1
4,15,16,1.0,East2,P1-reconstruido,Fila 1
4,15,17,1.0,East2,P1-reconstruido,Fila 1
4,15,18,1.0,East2,P1-reconstruido,Fila 1
4,15,19,1.0,East2,P1-reconstruido,Fila 1
4,15,20,1.0,East2,P1-reconstruido,Fila 1
4,16,8,1.0,East2,P1-reconstruido,Fila 1
4,16,9,1.0,East2,P1-reconstruido,Fila 1
4,16,10,0.8878,East2,P1-reconstruido,Fila 1
4,16,11,0.1324,East2,P1-reconstruido,Fila 1
4,16,12,0.0,East2,P1-reconstruido,Fila 1
4,16,13,0.0,East2,P1-reconstruido,Fila 1
4,16,14,0.6403,East2,P1-reconstruido,Fila 1
4,16,15,1.0,East2,P1-reconstruido,Fila 1
4,16,16,1.0,East2,P1-reconstruido,Fila 1
4,16,17,1.0,East2,P1-reconstruido,Fila 1
4,16,18,1.0,East2,P1-reconstruido,Fila 1
4,16,19,1.0,East2,P1-reconstruido,Fila 1
4,16,20,1.0,East2,P1-reconstruido,Fila 1
4,17,8,1.0,East2,P1-reconstruido,Fila 1
4,17,9,1.0,East2,P1-reconstruido,Fila 1
4,17,10,0.8815,East2,P1-reconstruido,Fila 1
4,17,11,0.1251,East2,P1-reconstruido,Fila 1
4,17,12,0.0,East2,P1-reconstruido,Fila 1
4,17,13,0.0,East2,P1-reconstruido,Fila 1
4,17,14,0.6425,East2,P1-reconstruido,Fila 1
4,17,15,1.0,East2,P1-reconstruido,Fila 1
4,17,16,1.0,East2,P1-reconstruido,Fila 1
4,17,17,1.0,East2,P1-reconstruido,Fila 1
4,17,18,1.0,East2,P1-reconstruido,Fila 1
4,17,19,1.0,East2,P1-reconstruido,Fila 1
4,17,20,1.0,East2,P1-reconstruido,Fila 1
4,18,8,1.0,East2,P1-reconstruido,Fila 1
4,18,9,1.0,East2,P1-reconstruido,Fila 1
4,18,10,0.8752,East2,P1-reconstruido,Fila 1
4,18,11,0.1175,East2,P1-reconstruido,Fila 1
4,18,12,0.0,East2,P1-reconstruido,Fila 1
4,18,13,0.0,East2,P1-reconstruido,Fila 1
4,18,14,0.6446,East2,P1-reconstruido,Fila 1
4,18,15,1.0,East2,P1-reconstruido,Fila 1
4,18,16,1.0,East2,P1-reconstruido,Fila 1
4,18,17,1.0,East2,P1-reconstruido,Fila 1
4,18,18,1.0,East2,P1-reconstruido,Fila 1
4,18,19,1.0,East2,P1-reconstruido,Fila 1
4,18,20,1.0,East2,P1-reconstruido,Fila 1
4,19,8,1.0,East2,P1-reconstruido,Fila 1
4,19,9,1.0,East2,P1-reconstruido,Fila 1
4,19,10,0.8688,East2,P1-reconstruido,Fila 1
4,19,11,0.1095,East2,P1-reconstruido,Fila 1
4,19,12,0.0,East2,P1-reconstruido,Fila 1
4,19,13,0.0,East2,P1-reconstruido,Fila 1
4,19,14,0.6467,East2,P1-reconstruido,Fila 1
4,19,15,1.0,East2,P1-reconstruido,Fila 1
4,19,16,1.0,East2,P1-reconstruido,Fila 1
4,19,17,1.0,East2,P1-reconstruido,Fila 1
4,19,18,1.0,East2,P1-reconstruido,Fila 1
4,19,19,1.0,East2,P1-reconstruido,Fila 1
4,19,20,1.0,East2,P1-reconstruido,Fila 1
4,20,8,1.0,East2,P1-reconstruido,Fila 1
4,20,9,1.0,East2,P1-reconstruido,Fila 1
4,20,10,0.8623,East2,P1-reconstruido,Fila 1
4,20,11,0.1012,East2,P1-reconstruido,Fila 1
4,20,12,0.0,East2,P1-reconstruido,Fila 1
4,20,13,0.0,East2,P1-reconstruido,Fila 1
4,20,14,0.6486,East2,P1-reconstruido,Fila 1
4,20,15,1.0,East2,P1-reconstruido,Fila 1
4,20,16,1.0,East2,P1-reconstruido,Fila 1
4,20,17,1.0,East2,P1-reconstruido,Fila 1
4,20,18,1.0,East2,P1-reconstruido,Fila 1
4,20,19,1.0,East2,P1-reconstruido,Fila 1
4,20,20,1.0,East2,P1-reconstruido,Fila 1
4,21,8,1.0,East2,P1-reconstruido,Fila 1
4,21,9,1.0,East2,P1-reconstruido,Fila 1
4,21,10,0.8558,East2,P1-reconstruido,Fila 1
4,21,11,0.0926,East2,P1-reconstruido,Fila 1
4,21,12,0.0,East2,P1-reconstruido,Fila 1
4,21,13,0.0,East2,P1-reconstruido,Fila 1
4,21,14,0.6504,East2,P1-reconstruido,Fila 1
4,21,15,1.0,East2,P1-reconstruido,Fila 1
4,21,16,1.0,East2,P1-reconstruido,Fila 1
4,21,17,1.0,East2,P1-reconstruido,Fila 1
4,21,18,1.0,East2,P1-reconstruido,Fila 1
4,21,19,1.0,East2,P1-reconstruido,Fila 1
4,21,20,1.0,East2,P1-reconstruido,Fila 1
4,22,8,1.0,East2,P1-reconstruido,Fila 1
4,22,9,1.0,East2,P1-reconstruido,Fila 1
4,22,10,0.8492,East2,P1-reconstruido,Fila 1
4,22,11,0.0836,East2,P1-reconstruido,Fila 1
4,22,12,0.0,East2,P1-reconstruido,Fila 1
4,22,13,0.0,East2,P1-reconstruido,Fila 1
4,22,14,0.6521,East2,P1-reconstruido,Fila 1
4,22,15,1.0,East2,P1-reconstruido,Fila 1
4,22,16,1.0,East2,P1-reconstruido,Fila 1
4,22,17,1.0,East2,P1-reconstruido,Fila 1
4,22,18,1.0,East2,P1-reconstruido,Fila 1
4,22,19,1.0,East2,P1-reconstruido,Fila 1
4,22,20,1.0,East2,P1-reconstruido,Fila 1
4,23,8,1.0,East2,P1-reconstruido,Fila 1
4,23,9,1.0,East2,P1-reconstruido,Fila 1
4,23,10,0.8426,East2,P1-reconstruido,Fila 1
4,23,11,0.0744,East2,P1-reconstruido,Fila 1
4,23,12,0.0,East2,P1-reconstruido,Fila 1
4,23,13,0.0,East2,P1-reconstruido,Fila 1
4,23,14,0.6536,East2,P1-reconstruido,Fila 1
4,23,15,1.0,East2,P1-reconstruido,Fila 1
4,23,16,1.0,East2,P1-reconstruido,Fila 1
4,23,17,1.0,East2,P1-reconstruido,Fila 1
4,23,18,1.0,East2,P1-reconstruido,Fila 1
4,23,19,1.0,East2,P1-reconstruido,Fila 1
4,23,20,1.0,East2,P1-reconstruido,Fila 1
4,24,8,1.0,East2,P1-reconstruido,Fila 1
4,24,9,1.0,East2,P1-reconstruido,Fila 1
4,24,10,0.836,East2,P1-reconstruido,Fila 1
4,24,11,0.0649,East2,P1-reconstruido,Fila 1
4,24,12,0.0,East2,P1-reconstruido,Fila 1
4,24,13,0.0,East2,P1-reconstruido,Fila 1
4,24,14,0.655,East2,P1-reconstruido,Fila 1
4,24,15,1.0,East2,P1-reconstruido,Fila 1
4,24,16,1.0,East2,P1-reconstruido,Fila 1
4,24,17,1.0,East2,P1-reconstruido,Fila 1
4,24,18,1.0,East2,P1-reconstruido,Fila 1
4,24,19,1.0,East2,P1-reconstruido,Fila 1
4,24,20,1.0,East2,P1-reconstruido,Fila 1
4,25,8,1.0,East2,P1-reconstruido,Fila 1
4,25,9,1.0,East2,P1-reconstruido,Fila 1
4,25,10,0.8293,East2,P1-reconstruido,Fila 1
4,25,11,0.0552,East2,P1-reconstruido,Fila 1
4,25,12,0.0,East2,P1-reconstruido,Fila 1
4,25,13,0.0,East2,P1-reconstruido,Fila 1
4,25,14,0.6563,East2,P1-reconstruido,Fila 1
4,25,15,1.0,East2,P1-reconstruido,Fila 1
4,25,16,1.0,East2,P1-reconstruido,Fila 1
4,25,17,1.0,East2,P1-reconstruido,Fila 1
4,25,18,1.0,East2,P1-reconstruido,Fila 1
4,25,19,1.0,East2,P1-reconstruido,Fila 1
4,25,20,1.0,East2,P1-reconstruido,Fila 1
4,26,8,1.0,East2,P1-reconstruido,Fila 1
4,26,9,1.0,East2,P1-reconstruido,Fila 1
4,26,10,0.8226,East2,P1-reconstruido,Fila 1
4,26,11,0.0509,East2,P1-reconstruido,Fila 1
4,26,12,0.0,East2,P1-reconstruido,Fila 1
4,26,13,0.0,East2,P1-reconstruido,Fila 1
4,26,14,0.6574,East2,P1-reconstruido,Fila 1
4,26,15,1.0,East2,P1-reconstruido,Fila 1
4,26,16,1.0,East2,P1-reconstruido,Fila 1
4,26,17,1.0,East2,P1-reconstruido,Fila 1
4,26,18,1.0,East2,P1-reconstruido,Fila 1
4,26,19,1.0,East2,P1-reconstruido,Fila 1
4,26,20,1.0,East2,P1-reconstruido,Fila 1
4,27,8,1.0,East2,P1-reconstruido,Fila 1
4,27,9,1.0,East2,P1-reconstruido,Fila 1
4,27,10,0.8159,East2,P1-reconstruido,Fila 1
4,27,11,0.0508,East2,P1-reconstruido,Fila 1
4,27,12,0.0,East2,P1-reconstruido,Fila 1
4,27,13,0.0,East2,P1-reconstruido,Fila 1
4,27,14,0.6583,East2,P1-reconstruido,Fila 1
4,27,15,1.0,East2,P1-reconstruido,Fila 1
4,27,16,1.0,East2,P1-reconstruido,Fila 1
4,27,17,1.0,East2,P1-reconstruido,Fila 1
4,27,18,1.0,East2,P1-reconstruido,Fila 1
4,27,19,1.0,East2,P1-reconstruido,Fila 1
4,27,20,1.0,East2,P1-reconstruido,Fila 1
4,28,8,1.0,East2,P1-reconstruido,Fila 1
4,28,9,1.0,East2,P1-reconstruido,Fila 1
4,28,10,0.8092,East2,P1-reconstruido,Fila 1
4,28,11,0.0507,East2,P1-reconstruido,Fila 1
4,28,12,0.0,East2,P1-reconstruido,Fila 1
4,28,13,0.0,East2,P1-reconstruido,Fila 1
4,28,14,0.6591,East2,P1-reconstruido,Fila 1
4,28,15,1.0,East2,P1-reconstruido,Fila 1
4,28,16,1.0,East2,P1-reconstruido,Fila 1
4,28,17,1.0,East2,P1-reconstruido,Fila 1
4,28,18,1.0,East2,P1-reconstruido,Fila 1
4,28,19,1.0,East2,P1-reconstruido,Fila 1
4,28,20,1.0,East2,P1-reconstruido,Fila 1
4,29,8,1.0,East2,P1-reconstruido,Fila 1
4,29,9,1.0,East2,P1-reconstruido,Fila 1
4,29,10,0.8025,East2,P1-reconstruido,Fila 1
4,29,11,0.0506,East2,P1-reconstruido,Fila 1
4,29,12,0.0,East2,P1-reconstruido,Fila 1
4,29,13,0.0,East2,P1-reconstruido,Fila 1
4,29,14,0.6597,East2,P1-reconstruido,Fila 1
4,29,15,1.0,East2,P1-reconstruido,Fila 1
4,29,16,1.0,East2,P1-reconstruido,Fila 1
4,29,17,1.0,East2,P1-reconstruido,Fila 1
4,29,18,1.0,East2,P1-reconstruido,Fila 1
4,29,19,1.0,East2,P1-reconstruido,Fila 1
4,29,20,1.0,East2,P1-reconstruido,Fila 1
4,29,21,1.0,East2,P1-reconstruido,Fila 1
4,30,8,1.0,East2,P1-reconstruido,Fila 1
4,30,9,1.0,East2,P1-reconstruido,Fila 1
4,30,10,0.7957,East2,P1-reconstruido,Fila 1
4,30,11,0.0505,East2,P1-reconstruido,Fila 1
4,30,12,0.0,East2,P1-reconstruido,Fila 1
4,30,13,0.0,East2,P1-reconstruido,Fila 1
4,30,14,0.6601,East2,P1-reconstruido,Fila 1
4,30,15,1.0,East2,P1-reconstruido,Fila 1
4,30,16,1.0,East2,P1-reconstruido,Fila 1
4,30,17,1.0,East2,P1-reconstruido,Fila 1
4,30,18,1.0,East2,P1-reconstruido,Fila 1
4,30,19,1.0,East2,P1-reconstruido,Fila 1
4,30,20,1.0,East2,P1-reconstruido,Fila 1
4,30,21,1.0,East2,P1-reconstruido,Fila 1
5,1,8,1.0,East2,P1-reconstruido,Fila 1
5,1,9,1.0,East2,P1-reconstruido,Fila 1
5,1,10,0.7825,East2,P1-reconstruido,Fila 1
5,1,11,0.0503,East2,P1-reconstruido,Fila 1
5,1,12,0.0,East2,P1-reconstruido,Fila 1
5,1,13,0.0,East2,P1-reconstruido,Fila 1
5,1,14,0.6603,East2,P1-reconstruido,Fila 1
5,1,15,1.0,East2,P1-reconstruido,Fila 1
5,1,16,1.0,East2,P1-reconstruido,Fila 1
5,1,17,1.0,East2,P1-reconstruido,Fila 1
5,1,18,1.0,East2,P1-reconstruido,Fila 1
5,1,19,1.0,East2,P1-reconstruido,Fila 1
5,1,20,1.0,East2,P1-reconstruido,Fila 1
5,1,21,1.0,East2,P1-reconstruido,Fila 1
5,2,8,1.0,East2,P1-reconstruido,Fila 1
5,2,9,1.0,East2,P1-reconstruido,Fila 1
5,2,10,0.7659,East2,P1-reconstruido,Fila 1
5,2,11,0.0501,East2,P1-reconstruido,Fila 1
5,2,12,0.0,East2,P1-reconstruido,Fila 1
5,2,13,0.0,East2,P1-reconstruido,Fila 1
5,2,14,0.6603,East2,P1-reconstruido,Fila 1
5,2,15,1.0,East2,P1-reconstruido,Fila 1
5,2,16,1.0,East2,P1-reconstruido,Fila 1
5,2,17,1.0,East2,P1-reconstruido,Fila 1
5,2,18,1.0,East2,P1-reconstruido,Fila 1
5,2,19,1.0,East2,P1-reconstruido,Fila 1
5,2,20,1.0,East2,P1-reconstruido,Fila 1
5,2,21,1.0,East2,P1-reconstruido,Fila 1
5,3,8,1.0,East2,P1-reconstruido,Fila 1
5,3,9,1.0,East2,P1-reconstruido,Fila 1
5,3,10,0.7497,East2,P1-reconstruido,Fila 1
5,3,11,0.0498,East2,P1-reconstruido,Fila 1
5,3,12,0.0,East2,P1-reconstruido,Fila 1
5,3,13,0.0,East2,P1-reconstruido,Fila 1
5,3,14,0.6601,East2,P1-reconstruido,Fila 1
5,3,15,1.0,East2,P1-reconstruido,Fila 1
5,3,16,1.0,East2,P1-reconstruido,Fila 1
5,3,17,1.0,East2,P1-reconstruido,Fila 1
5,3,18,1.0,East2,P1-reconstruido,Fila 1
5,3,19,1.0,East2,P1-reconstruido,Fila 1
5,3,20,1.0,East2,P1-reconstruido,Fila 1
5,3,21,1.0,East2,P1-reconstruido,Fila 1
5,4,8,1.0,East2,P1-reconstruido,Fila 1
5,4,9,1.0,East2,P1-reconstruido,Fila 1
5,4,10,0.734,East2,P1-reconstruido,Fila 1
5,4,11,0.0496,East2,P1-reconstruido,Fila 1
5,4,12,0.0,East2,P1-reconstruido,Fila 1
5,4,13,0.0,East2,P1-reconstruido,Fila 1
5,4,14,0.6596,East2,P1-reconstruido,Fila 1
5,4,15,1.0,East2,P1-reconstruido,Fila 1
5,4,16,1.0,East2,P1-reconstruido,Fila 1
5,4,17,1.0,East2,P1-reconstruido,Fila 1
5,4,18,1.0,East2,P1-reconstruido,Fila 1
5,4,19,1.0,East2,P1-reconstruido,Fila 1
5,4,20,1.0,East2,P1-reconstruido,Fila 1
5,4,21,1.0,East2,P1-reconstruido,Fila 1
5,5,8,1.0,East2,P1-reconstruido,Fila 1
5,5,9,1.0,East2,P1-reconstruido,Fila 1
5,5,10,0.7187,East2,P1-reconstruido,Fila 1
5,5,11,0.0493,East2,P1-reconstruido,Fila 1
5,5,12,0.0,East2,P1-reconstruido,Fila 1
5,5,13,0.0,East2,P1-reconstruido,Fila 1
5,5,14,0.659,East2,P1-reconstruido,Fila 1
5,5,15,1.0,East2,P1-reconstruido,Fila 1
5,5,16,1.0,East2,P1-reconstruido,Fila 1
5,5,17,1.0,East2,P1-reconstruido,Fila 1
5,5,18,1.0,East2,P1-reconstruido,Fila 1
5,5,19,1.0,East2,P1-reconstruido,Fila 1
5,5,20,1.0,East2,P1-reconstruido,Fila 1
5,5,21,1.0,East2,P1-reconstruido,Fila 1
5,6,8,1.0,East2,P1-reconstruido,Fila 1
5,6,9,1.0,East2,P1-reconstruido,Fila 1
5,6,10,0.7039,East2,P1-reconstruido,Fila 1
5,6,11,0.049,East2,P1-reconstruido,Fila 1
5,6,12,0.0,East2,P1-reconstruido,Fila 1
5,6,13,0.0,East2,P1-reconstruido,Fila 1
5,6,14,0.6581,East2,P1-reconstruido,Fila 1
5,6,15,1.0,East2,P1-reconstruido,Fila 1
5,6,16,1.0,East2,P1-reconstruido,Fila 1
5,6,17,1.0,East2,P1-reconstruido,Fila 1
5,6,18,1.0,East2,P1-reconstruido,Fila 1
5,6,19,1.0,East2,P1-reconstruido,Fila 1
5,6,20,1.0,East2,P1-reconstruido,Fila 1
5,6,21,1.0,East2,P1-reconstruido,Fila 1
5,7,8,1.0,East2,P1-reconstruido,Fila 1
5,7,9,1.0,East2,P1-reconstruido,Fila 1
5,7,10,0.6895,East2,P1-reconstruido,Fila 1
5,7,11,0.0487,East2,P1-reconstruido,Fila 1
5,7,12,0.0,East2,P1-reconstruido,Fila 1
5,7,13,0.0,East2,P1-reconstruido,Fila 1
5,7,14,0.6569,East2,P1-reconstruido,Fila 1
5,7,15,1.0,East2,P1-reconstruido,Fila 1
5,7,16,1.0,East2,P1-reconstruido,Fila 1
5,7,17,1.0,East2,P1-reconstruido,Fila 1
5,7,18,1.0,East2,P1-reconstruido,Fila 1
5,7,19,1.0,East2,P1-reconstruido,Fila 1
5,7,20,1.0,East2,P1-reconstruido,Fila 1
5,7,21,1.0,East2,P1-reconstruido,Fila 1
5,8,8,1.0,East2,P1-reconstruido,Fila 1
5,8,9,0.9968,East2,P1-reconstruido,Fila 1
5,8,10,0.6756,East2,P1-reconstruido,Fila 1
5,8,11,0.0484,East2,P1-reconstruido,Fila 1
5,8,12,0.0,East2,P1-reconstruido,Fila 1
5,8,13,0.0,East2,P1-reconstruido,Fila 1
5,8,14,0.6555,East2,P1-reconstruido,Fila 1
5,8,15,1.0,East2,P1-reconstruido,Fila 1
5,8,16,1.0,East2,P1-reconstruido,Fila 1
5,8,17,1.0,East2,P1-reconstruido,Fila 1
5,8,18,1.0,East2,P1-reconstruido,Fila 1
5,8,19,1.0,East2,P1-reconstruido,Fila 1
5,8,20,1.0,East2,P1-reconstruido,Fila 1
5,8,21,1.0,East2,P1-reconstruido,Fila 1
5,9,8,1.0,East2,P1-reconstruido,Fila 1
5,9,9,0.9914,East2,P1-reconstruido,Fila 1
5,9,10,0.6622,East2,P1-reconstruido,Fila 1
5,9,11,0.048,East2,P1-reconstruido,Fila 1
5,9,12,0.0,East2,P1-reconstruido,Fila 1
5,9,13,0.0,East2,P1-reconstruido,Fila 1
5,9,14,0.6538,East2,P1-reconstruido,Fila 1
5,9,15,1.0,East2,P1-reconstruido,Fila 1
5,9,16,1.0,East2,P1-reconstruido,Fila 1
5,9,17,1.0,East2,P1-reconstruido,Fila 1
5,9,18,1.0,East2,P1-reconstruido,Fila 1
5,9,19,1.0,East2,P1-reconstruido,Fila 1
5,9,20,1.0,East2,P1-reconstruido,Fila 1
5,9,21,1.0,East2,P1-reconstruido,Fila 1
5,10,8,1.0,East2,P1-reconstruido,Fila 1
5,10,9,0.986,East2,P1-reconstruido,Fila 1
5,10,10,0.6492,East2,P1-reconstruido,Fila 1
5,10,11,0.0477,East2,P1-reconstruido,Fila 1
5,10,12,0.0,East2,P1-reconstruido,Fila 1
5,10,13,0.0,East2,P1-reconstruido,Fila 1
5,10,14,0.6518,East2,P1-reconstruido,Fila 1
5,10,15,1.0,East2,P1-reconstruido,Fila 1
5,10,16,1.0,East2,P1-reconstruido,Fila 1
5,10,17,1.0,East2,P1-reconstruido,Fila 1
5,10,18,1.0,East2,P1-reconstruido,Fila 1
5,10,19,1.0,East2,P1-reconstruido,Fila 1
5,10,20,1.0,East2,P1-reconstruido,Fila 1
5,10,21,1.0,East2,P1-reconstruido,Fila 1
5,11,8,1.0,East2,P1-reconstruido,Fila 1
5,11,9,0.9807,East2,P1-reconstruido,Fila 1
5,11,10,0.6367,East2,P1-reconstruido,Fila 1
5,11,11,0.0473,East2,P1-reconstruido,Fila 1
5,11,12,0.0,East2,P1-reconstruido,Fila 1
5,11,13,0.0,East2,P1-reconstruido,Fila 1
5,11,14,0.6495,East2,P1-reconstruido,Fila 1
5,11,15,1.0,East2,P1-reconstruido,Fila 1
5,11,16,1.0,East2,P1-reconstruido,Fila 1
5,11,17,1.0,East2,P1-reconstruido,Fila 1
5,11,18,1.0,East2,P1-reconstruido,Fila 1
5,11,19,1.0,East2,P1-reconstruido,Fila 1
5,11,20,1.0,East2,P1-reconstruido,Fila 1
5,11,21,1.0,East2,P1-reconstruido,Fila 1
5,12,8,1.0,East2,P1-reconstruido,Fila 1
5,12,9,0.9755,East2,P1-reconstruido,Fila 1
5,12,10,0.6246,East2,P1-reconstruido,Fila 1
5,12,11,0.0469,East2,P1-reconstruido,Fila 1
5,12,12,0.0,East2,P1-reconstruido,Fila 1
5,12,13,0.0,East2,P1-reconstruido,Fila 1
5,12,14,0.647,East2,P1-reconstruido,Fila 1
5,12,15,1.0,East2,P1-reconstruido,Fila 1
5,12,16,1.0,East2,P1-reconstruido,Fila 1
5,12,17,1.0,East2,P1-reconstruido,Fila 1
5,12,18,1.0,East2,P1-reconstruido,Fila 1
5,12,19,1.0,East2,P1-reconstruido,Fila 1
5,12,20,1.0,East2,P1-reconstruido,Fila 1
5,12,21,1.0,East2,P1-reconstruido,Fila 1
5,13,8,1.0,East2,P1-reconstruido,Fila 1
5,13,9,0.9704,East2,P1-reconstruido,Fila 1
5,13,10,0.613,East2,P1-reconstruido,Fila 1
5,13,11,0.0466,East2,P1-reconstruido,Fila 1
5,13,12,0.0,East2,P1-reconstruido,Fila 1
5,13,13,0.0,East2,P1-reconstruido,Fila 1
5,13,14,0.6441,East2,P1-reconstruido,Fila 1
5,13,15,1.0,East2,P1-reconstruido,Fila 1
5,13,16,1.0,East2,P1-reconstruido,Fila 1
5,13,17,1.0,East2,P1-reconstruido,Fila 1
5,13,18,1.0,East2,P1-reconstruido,Fila 1
5,13,19,1.0,East2,P1-reconstruido,Fila 1
5,13,20,1.0,East2,P1-reconstruido,Fila 1
5,13,21,1.0,East2,P1-reconstruido,Fila 1
5,14,8,1.0,East2,P1-reconstruido,Fila 1
5,14,9,0.9655,East2,P1-reconstruido,Fila 1
5,14,10,0.6018,East2,P1-reconstruido,Fila 1
5,14,11,0.0462,East2,P1-reconstruido,Fila 1
5,14,12,0.0,East2,P1-reconstruido,Fila 1
5,14,13,0.0,East2,P1-reconstruido,Fila 1
5,14,14,0.6409,East2,P1-reconstruido,Fila 1
5,14,15,1.0,East2,P1-reconstruido,Fila 1
5,14,16,1.0,East2,P1-reconstruido,Fila 1
5,14,17,1.0,East2,P1-reconstruido,Fila 1
5,14,18,1.0,East2,P1-reconstruido,Fila 1
5,14,19,1.0,East2,P1-reconstruido,Fila 1
5,14,20,1.0,East2,P1-reconstruido,Fila 1
5,14,21,1.0,East2,P1-reconstruido,Fila 1
5,15,8,0.9998,East2,P1-reconstruido,Fila 1
5,15,9,0.9606,East2,P1-reconstruido,Fila 1
5,15,10,0.591,East2,P1-reconstruido,Fila 1
5,15,11,0.0458,East2,P1-reconstruido,Fila 1
5,15,12,0.0,East2,P1-reconstruido,Fila 1
5,15,13,0.0,East2,P1-reconstruido,Fila 1
5,15,14,0.6375,East2,P1-reconstruido,Fila 1
5,15,15,1.0,East2,P1-reconstruido,Fila 1
5,15,16,1.0,East2,P1-reconstruido,Fila 1
5,15,17,1.0,East2,P1-reconstruido,Fila 1
5,15,18,1.0,East2,P1-reconstruido,Fila 1
5,15,19,1.0,East2,P1-reconstruido,Fila 1
5,15,20,1.0,East2,P1-reconstruido,Fila 1
5,15,21,1.0,East2,P1-reconstruido,Fila 1
5,16,8,0.9994,East2,P1-reconstruido,Fila 1
5,16,9,0.9559,East2,P1-reconstruido,Fila 1
5,16,10,0.5807,East2,P1-reconstruido,Fila 1
5,16,11,0.0454,East2,P1-reconstruido,Fila 1
5,16,12,0.0,East2,P1-reconstruido,Fila 1
5,16,13,0.0,East2,P1-reconstruido,Fila 1
5,16,14,0.6337,East2,P1-reconstruido,Fila 1
5,16,15,1.0,East2,P1-reconstruido,Fila 1
5,16,16,1.0,East2,P1-reconstruido,Fila 1
5,16,17,1.0,East2,P1-reconstruido,Fila 1
5,16,18,1.0,East2,P1-reconstruido,Fila 1
5,16,19,1.0,East2,P1-reconstruido,Fila 1
5,16,20,1.0,East2,P1-reconstruido,Fila 1
5,16,21,1.0,East2,P1-reconstruido,Fila 1
5,17,8,0.999,East2,P1-reconstruido,Fila 1
5,17,9,0.9513,East2,P1-reconstruido,Fila 1
5,17,10,0.5709,East2,P1-reconstruido,Fila 1
5,17,11,0.0451,East2,P1-reconstruido,Fila 1
5,17,12,0.0,East2,P1-reconstruido,Fila 1
5,17,13,0.0,East2,P1-reconstruido,Fila 1
5,17,14,0.6296,East2,P1-reconstruido,Fila 1
5,17,15,1.0,East2,P1-reconstruido,Fila 1
5,17,16,1.0,East2,P1-reconstruido,Fila 1
5,17,17,1.0,East2,P1-reconstruido,Fila 1
5,17,18,1.0,East2,P1-reconstruido,Fila 1
5,17,19,1.0,East2,P1-reconstruido,Fila 1
5,17,20,1.0,East2,P1-reconstruido,Fila 1
5,17,21,1.0,East2,P1-reconstruido,Fila 1
5,18,8,0.9986,East2,P1-reconstruido,Fila 1
5,18,9,0.9468,East2,P1-reconstruido,Fila 1
5,18,10,0.5615,East2,P1-reconstruido,Fila 1
5,18,11,0.0447,East2,P1-reconstruido,Fila 1
5,18,12,0.0,East2,P1-reconstruido,Fila 1
5,18,13,0.0,East2,P1-reconstruido,Fila 1
5,18,14,0.6252,East2,P1-reconstruido,Fila 1
5,18,15,1.0,East2,P1-reconstruido,Fila 1
5,18,16,1.0,East2,P1-reconstruido,Fila 1
5,18,17,1.0,East2,P1-reconstruido,Fila 1
5,18,18,1.0,East2,P1-reconstruido,Fila 1
5,18,19,1.0,East2,P1-reconstruido,Fila 1
5,18,20,1.0,East2,P1-reconstruido,Fila 1
5,18,21,1.0,East2,P1-reconstruido,Fila 1
5,19,8,0.9982,East2,P1-reconstruido,Fila 1
5,19,9,0.9425,East2,P1-reconstruido,Fila 1
5,19,10,0.5525,East2,P1-reconstruido,Fila 1
5,19,11,0.0443,East2,P1-reconstruido,Fila 1
5,19,12,0.0,East2,P1-reconstruido,Fila 1
5,19,13,0.0,East2,P1-reconstruido,Fila 1
5,19,14,0.6205,East2,P1-reconstruido,Fila 1
5,19,15,1.0,East2,P1-reconstruido,Fila 1
5,19,16,1.0,East2,P1-reconstruido,Fila 1
5,19,17,1.0,East2,P1-reconstruido,Fila 1
5,19,18,1.0,East2,P1-reconstruido,Fila 1
5,19,19,1.0,East2,P1-reconstruido,Fila 1
5,19,20,1.0,East2,P1-reconstruido,Fila 1
5,19,21,1.0,East2,P1-reconstruido,Fila 1
5,20,8,0.9978,East2,P1-reconstruido,Fila 1
5,20,9,0.9383,East2,P1-reconstruido,Fila 1
5,20,10,0.5439,East2,P1-reconstruido,Fila 1
5,20,11,0.044,East2,P1-reconstruido,Fila 1
5,20,12,0.0,East2,P1-reconstruido,Fila 1
5,20,13,0.0,East2,P1-reconstruido,Fila 1
5,20,14,0.6155,East2,P1-reconstruido,Fila 1
5,20,15,1.0,East2,P1-reconstruido,Fila 1
5,20,16,1.0,East2,P1-reconstruido,Fila 1
5,20,17,1.0,East2,P1-reconstruido,Fila 1
5,20,18,1.0,East2,P1-reconstruido,Fila 1
5,20,19,1.0,East2,P1-reconstruido,Fila 1
5,20,20,1.0,East2,P1-reconstruido,Fila 1
5,20,21,1.0,East2,P1-reconstruido,Fila 1
5,21,8,0.9974,East2,P1-reconstruido,Fila 1
5,21,9,0.9342,East2,P1-reconstruido,Fila 1
5,21,10,0.5357,East2,P1-reconstruido,Fila 1
5,21,11,0.0436,East2,P1-reconstruido,Fila 1
5,21,12,0.0,East2,P1-reconstruido,Fila 1
5,21,13,0.0,East2,P1-reconstruido,Fila 1
5,21,14,0.6102,East2,P1-reconstruido,Fila 1
5,21,15,1.0,East2,P1-reconstruido,Fila 1
5,21,16,1.0,East2,P1-reconstruido,Fila 1
5,21,17,1.0,East2,P1-reconstruido,Fila 1
5,21,18,1.0,East2,P1-reconstruido,Fila 1
5,21,19,1.0,East2,P1-reconstruido,Fila 1
5,21,20,1.0,East2,P1-reconstruido,Fila 1
5,21,21,1.0,East2,P1-reconstruido,Fila 1
5,22,8,0.997,East2,P1-reconstruido,Fila 1
5,22,9,0.9303,East2,P1-reconstruido,Fila 1
5,22,10,0.528,East2,P1-reconstruido,Fila 1
5,22,11,0.0433,East2,P1-reconstruido,Fila 1
5,22,12,0.0,East2,P1-reconstruido,Fila 1
5,22,13,0.0,East2,P1-reconstruido,Fila 1
5,22,14,0.6046,East2,P1-reconstruido,Fila 1
5,22,15,1.0,East2,P1-reconstruido,Fila 1
5,22,16,1.0,East2,P1-reconstruido,Fila 1
5,22,17,1.0,East2,P1-reconstruido,Fila 1
5,22,18,1.0,East2,P1-reconstruido,Fila 1
5,22,19,1.0,East2,P1-reconstruido,Fila 1
5,22,20,1.0,East2,P1-reconstruido,Fila 1
5,22,21,1.0,East2,P1-reconstruido,Fila 1
5,23,8,0.9966,East2,P1-reconstruido,Fila 1
5,23,9,0.9265,East2,P1-reconstruido,Fila 1
5,23,10,0.5206,East2,P1-reconstruido,Fila 1
5,23,11,0.043,East2,P1-reconstruido,Fila 1
5,23,12,0.0,East2,P1-reconstruido,Fila 1
5,23,13,0.0,East2,P1-reconstruido,Fila 1
5,23,14,0.5986,East2,P1-reconstruido,Fila 1
5,23,15,1.0,East2,P1-reconstruido,Fila 1
5,23,16,1.0,East2,P1-reconstruido,Fila 1
5,23,17,1.0,East2,P1-reconstruido,Fila 1
5,23,18,1.0,East2,P1-reconstruido,Fila 1
5,23,19,1.0,East2,P1-reconstruido,Fila 1
5,23,20,1.0,East2,P1-reconstruido,Fila 1
5,23,21,1.0,East2,P1-reconstruido,Fila 1
5,24,8,0.9962,East2,P1-reconstruido,Fila 1
5,24,9,0.9229,East2,P1-reconstruido,Fila 1
5,24,10,0.5137,East2,P1-reconstruido,Fila 1
5,24,11,0.0427,East2,P1-reconstruido,Fila 1
5,24,12,0.0,East2,P1-reconstruido,Fila 1
5,24,13,0.0,East2,P1-reconstruido,Fila 1
5,24,14,0.5924,East2,P1-reconstruido,Fila 1
5,24,15,1.0,East2,P1-reconstruido,Fila 1
5,24,16,1.0,East2,P1-reconstruido,Fila 1
5,24,17,1.0,East2,P1-reconstruido,Fila 1
5,24,18,1.0,East2,P1-reconstruido,Fila 1
5,24,19,1.0,East2,P1-reconstruido,Fila 1
5,24,20,1.0,East2,P1-reconstruido,Fila 1
5,24,21,1.0,East2,P1-reconstruido,Fila 1
5,25,7,1.0,East2,P1-reconstruido,Fila 1
5,25,8,0.9958,East2,P1-reconstruido,Fila 1
5,25,9,0.9195,East2,P1-reconstruido,Fila 1
5,25,10,0.5071,East2,P1-reconstruido,Fila 1
5,25,11,0.0424,East2,P1-reconstruido,Fila 1
5,25,12,0.0,East2,P1-reconstruido,Fila 1
5,25,13,0.0,East2,P1-reconstruido,Fila 1
5,25,14,0.586,East2,P1-reconstruido,Fila 1
5,25,15,1.0,East2,P1-reconstruido,Fila 1
5,25,16,1.0,East2,P1-reconstruido,Fila 1
5,25,17,1.0,East2,P1-reconstruido,Fila 1
5,25,18,1.0,East2,P1-reconstruido,Fila 1
5,25,19,1.0,East2,P1-reconstruido,Fila 1
5,25,20,1.0,East2,P1-reconstruido,Fila 1
5,25,21,1.0,East2,P1-reconstruido,Fila 1
5,26,7,1.0,East2,P1-reconstruido,Fila 1
5,26,8,0.9954,East2,P1-reconstruido,Fila 1
5,26,9,0.9162,East2,P1-reconstruido,Fila 1
5,26,10,0.501,East2,P1-reconstruido,Fila 1
5,26,11,0.0422,East2,P1-reconstruido,Fila 1
5,26,12,0.0,East2,P1-reconstruido,Fila 1
5,26,13,0.0,East2,P1-reconstruido,Fila 1
5,26,14,0.5792,East2,P1-reconstruido,Fila 1
5,26,15,1.0,East2,P1-reconstruido,Fila 1
5,26,16,1.0,East2,P1-reconstruido,Fila 1
5,26,17,1.0,East2,P1-reconstruido,Fila 1
5,26,18,1.0,East2,P1-reconstruido,Fila 1
5,26,19,1.0,East2,P1-reconstruido,Fila 1
5,26,20,1.0,East2,P1-reconstruido,Fila 1
5,26,21,1.0,East2,P1-reconstruido,Fila 1
5,27,7,1.0,East2,P1-reconstruido,Fila 1
5,27,8,0.9951,East2,P1-reconstruido,Fila 1
5,27,9,0.913,East2,P1-reconstruido,Fila 1
5,27,10,0.4952,East2,P1-reconstruido,Fila 1
5,27,11,0.0419,East2,P1-reconstruido,Fila 1
5,27,12,0.0,East2,P1-reconstruido,Fila 1
5,27,13,0.0,East2,P1-reconstruido,Fila 1
5,27,14,0.5722,East2,P1-reconstruido,Fila 1
5,27,15,1.0,East2,P1-reconstruido,Fila 1
5,27,16,1.0,East2,P1-reconstruido,Fila 1
5,27,17,1.0,East2,P1-reconstruido,Fila 1
5,27,18,1.0,East2,P1-reconstruido,Fila 1
5,27,19,1.0,East2,P1-reconstruido,Fila 1
5,27,20,1.0,East2,P1-reconstruido,Fila 1
5,27,21,1.0,East2,P1-reconstruido,Fila 1
5,28,7,1.0,East2,P1-reconstruido,Fila 1
5,28,8,0.9947,East2,P1-reconstruido,Fila 1
5,28,9,0.91,East2,P1-reconstruido,Fila 1
5,28,10,0.4898,East2,P1-reconstruido,Fila 1
5,28,11,0.0417,East2,P1-reconstruido,Fila 1
5,28,12,0.0,East2,P1-reconstruido,Fila 1
5,28,13,0.0,East2,P1-reconstruido,Fila 1
5,28,14,0.5649,East2,P1-reconstruido,Fila 1
5,28,15,1.0,East2,P1-reconstruido,Fila 1
5,28,16,1.0,East2,P1-reconstruido,Fila 1
5,28,17,1.0,East2,P1-reconstruido,Fila 1
5,28,18,1.0,East2,P1-reconstruido,Fila 1
5,28,19,1.0,East2,P1-reconstruido,Fila 1
5,28,20,1.0,East2,P1-reconstruido,Fila 1
5,28,21,1.0,East2,P1-reconstruido,Fila 1
5,29,7,1.0,East2,P1-reconstruido,Fila 1
5,29,8,0.9943,East2,P1-reconstruido,Fila 1
5,29,9,0.9072,East2,P1-reconstruido,Fila 1
5,29,10,0.4848,East2,P1-reconstruido,Fila 1
5,29,11,0.0415,East2,P1-reconstruido,Fila 1
5,29,12,0.0,East2,P1-reconstruido,Fila 1
5,29,13,0.0,East2,P1-reconstruido,Fila 1
5,29,14,0.5574,East2,P1-reconstruido,Fila 1
5,29,15,1.0,East2,P1-reconstruido,Fila 1
5,29,16,1.0,East2,P1-reconstruido,Fila 1
5,29,17,1.0,East2,P1-reconstruido,Fila 1
5,29,18,1.0,East2,P1-reconstruido,Fila 1
5,29,19,1.0,East2,P1-reconstruido,Fila 1
5,29,20,1.0,East2,P1-reconstruido,Fila 1
5,29,21,1.0,East2,P1-reconstruido,Fila 1
5,30,7,1.0,East2,P1-reconstruido,Fila 1
5,30,8,0.994,East2,P1-reconstruido,Fila 1
5,30,9,0.9046,East2,P1-reconstruido,Fila 1
5,30,10,0.4802,East2,P1-reconstruido,Fila 1
5,30,11,0.0412,East2,P1-reconstruido,Fila 1
5,30,12,0.0,East2,P1-reconstruido,Fila 1
5,30,13,0.0,East2,P1-reconstruido,Fila 1
5,30,14,0.5497,East2,P1-reconstruido,Fila 1
5,30,15,1.0,East2,P1-reconstruido,Fila 1
5,30,16,1.0,East2,P1-reconstruido,Fila 1
5,30,17,1.0,East2,P1-reconstruido,Fila 1
5,30,18,1.0,East2,P1-reconstruido,Fila 1
5,30,19,1.0,East2,P1-reconstruido,Fila 1
5,30,20,1.0,East2,P1-reconstruido,Fila 1
5,30,21,1.0,East2,P1-reconstruido,Fila 1
5,31,7,1.0,East2,P1-reconstruido,Fila 1
5,31,8,0.9937,East2,P1-reconstruido,Fila 1
5,31,9,0.9021,East2,P1-reconstruido,Fila 1
5,31,10,0.4759,East2,P1-reconstruido,Fila 1
5,31,11,0.0408,East2,P1-reconstruido,Fila 1
5,31,12,0.0,East2,P1-reconstruido,Fila 1
5,31,13,0.0,East2,P1-reconstruido,Fila 1
5,31,14,0.5417,East2,P1-reconstruido,Fila 1
5,31,15,1.0,East2,P1-reconstruido,Fila 1
5,31,16,1.0,East2,P1-reconstruido,Fila 1
5,31,17,1.0,East2,P1-reconstruido,Fila 1
5,31,18,1.0,East2,P1-reconstruido,Fila 1
5,31,19,1.0,East2,P1-reconstruido,Fila 1
5,31,20,1.0,East2,P1-reconstruido,Fila 1
5,31,21,1.0,East2,P1-reconstruido,Fila 1
6,1,7,1.0,East2,P1-reconstruido,Fila 1
6,1,8,0.9933,East2,P1-reconstruido,Fila 1
6,1,9,0.8992,East2,P1-reconstruido,Fila 1
6,1,10,0.4719,East2,P1-reconstruido,Fila 1
6,1,11,0.0405,East2,P1-reconstruido,Fila 1
6,1,12,0.0,East2,P1-reconstruido,Fila 1
6,1,13,0.0,East2,P1-reconstruido,Fila 1
6,1,14,0.5335,East2,P1-reconstruido,Fila 1
6,1,15,1.0,East2,P1-reconstruido,Fila 1
6,1,16,1.0,East2,P1-reconstruido,Fila 1
6,1,17,1.0,East2,P1-reconstruido,Fila 1
6,1,18,1.0,East2,P1-reconstruido,Fila 1
6,1,19,1.0,East2,P1-reconstruido,Fila 1
6,1,20,1.0,East2,P1-reconstruido,Fila 1
6,1,21,1.0,East2,P1-reconstruido,Fila 1
6,2,7,1.0,East2,P1-reconstruido,Fila 1
6,2,8,0.993,East2,P1-reconstruido,Fila 1
6,2,9,0.8964,East2,P1-reconstruido,Fila 1
6,2,10,0.4684,East2,P1-reconstruido,Fila 1
6,2,11,0.0402,East2,P1-reconstruido,Fila 1
6,2,12,0.0,East2,P1-reconstruido,Fila 1
6,2,13,0.0,East2,P1-reconstruido,Fila 1
6,2,14,0.5251,East2,P1-reconstruido,Fila 1
6,2,15,1.0,East2,P1-reconstruido,Fila 1
6,2,16,1.0,East2,P1-reconstruido,Fila 1
6,2,17,1.0,East2,P1-reconstruido,Fila 1
6,2,18,1.0,East2,P1-reconstruido,Fila 1
6,2,19,1.0,East2,P1-reconstruido,Fila 1
6,2,20,1.0,East2,P1-reconstruido,Fila 1
6,2,21,1.0,East2,P1-reconstruido,Fila 1
6,3,7,1.0,East2,P1-reconstruido,Fila 1
6,3,8,0.9928,East2,P1-reconstruido,Fila 1
6,3,9,0.8938,East2,P1-reconstruido,Fila 1
6,3,10,0.4651,East2,P1-reconstruido,Fila 1
6,3,11,0.04,East2,P1-reconstruido,Fila 1
6,3,12,0.0,East2,P1-reconstruido,Fila 1
6,3,13,0.0,East2,P1-reconstruido,Fila 1
6,3,14,0.5166,East2,P1-reconstruido,Fila 1
6,3,15,1.0,East2,P1-reconstruido,Fila 1
6,3,16,1.0,East2,P1-reconstruido,Fila 1
6,3,17,1.0,East2,P1-reconstruido,Fila 1
6,3,18,1.0,East2,P1-reconstruido,Fila 1
6,3,19,1.0,East2,P1-reconstruido,Fila 1
6,3,20,1.0,East2,P1-reconstruido,Fila 1
6,3,21,1.0,East2,P1-reconstruido,Fila 1
6,4,7,1.0,East2,P1-reconstruido,Fila 1
6,4,8,0.9925,East2,P1-reconstruido,Fila 1
6,4,9,0.8914,East2,P1-reconstruido,Fila 1
6,4,10,0.4622,East2,P1-reconstruido,Fila 1
6,4,11,0.0398,East2,P1-reconstruido,Fila 1
6,4,12,0.0,East2,P1-reconstruido,Fila 1
6,4,13,0.0,East2,P1-reconstruido,Fila 1
6,4,14,0.5078,East2,P1-reconstruido,Fila 1
6,4,15,1.0,East2,P1-reconstruido,Fila 1
6,4,16,1.0,East2,P1-reconstruido,Fila 1
6,4,17,1.0,East2,P1-reconstruido,Fila 1
6,4,18,1.0,East2,P1-reconstruido,Fila 1
6,4,19,1.0,East2,P1-reconstruido,Fila 1
6,4,20,1.0,East2,P1-reconstruido,Fila 1
6,4,21,1.0,East2,P1-reconstruido,Fila 1
6,5,7,1.0,East2,P1-reconstruido,Fila 1
6,5,8,0.9922,East2,P1-reconstruido,Fila 1
6,5,9,0.8892,East2,P1-reconstruido,Fila 1
6,5,10,0.4597,East2,P1-reconstruido,Fila 1
6,5,11,0.0396,East2,P1-reconstruido,Fila 1
6,5,12,0.0,East2,P1-reconstruido,Fila 1
6,5,13,0.0,East2,P1-reconstruido,Fila 1
6,5,14,0.4989,East2,P1-reconstruido,Fila 1
6,5,15,1.0,East2,P1-reconstruido,Fila 1
6,5,16,1.0,East2,P1-reconstruido,Fila 1
6,5,17,1.0,East2,P1-reconstruido,Fila 1
6,5,18,1.0,East2,P1-reconstruido,Fila 1
6,5,19,1.0,East2,P1-reconstruido,Fila 1
6,5,20,1.0,East2,P1-reconstruido,Fila 1
6,5,21,1.0,East2,P1-reconstruido,Fila 1
6,6,7,1.0,East2,P1-reconstruido,Fila 1
6,6,8,0.992,East2,P1-reconstruido,Fila 1
6,6,9,0.8873,East2,P1-reconstruido,Fila 1
6,6,10,0.4574,East2,P1-reconstruido,Fila 1
6,6,11,0.0395,East2,P1-reconstruido,Fila 1
6,6,12,0.0,East2,P1-reconstruido,Fila 1
6,6,13,0.0,East2,P1-reconstruido,Fila 1
6,6,14,0.4899,East2,P1-reconstruido,Fila 1
6,6,15,1.0,East2,P1-reconstruido,Fila 1
6,6,16,1.0,East2,P1-reconstruido,Fila 1
6,6,17,1.0,East2,P1-reconstruido,Fila 1
6,6,18,1.0,East2,P1-reconstruido,Fila 1
6,6,19,1.0,East2,P1-reconstruido,Fila 1
6,6,20,1.0,East2,P1-reconstruido,Fila 1
6,6,21,1.0,East2,P1-reconstruido,Fila 1
6,7,7,1.0,East2,P1-reconstruido,Fila 1
6,7,8,0.9918,East2,P1-reconstruido,Fila 1
6,7,9,0.8855,East2,P1-reconstruido,Fila 1
6,7,10,0.4555,East2,P1-reconstruido,Fila 1
6,7,11,0.0394,East2,P1-reconstruido,Fila 1
6,7,12,0.0,East2,P1-reconstruido,Fila 1
6,7,13,0.0,East2,P1-reconstruido,Fila 1
6,7,14,0.4808,East2,P1-reconstruido,Fila 1
6,7,15,1.0,East2,P1-reconstruido,Fila 1
6,7,16,1.0,East2,P1-reconstruido,Fila 1
6,7,17,1.0,East2,P1-reconstruido,Fila 1
6,7,18,1.0,East2,P1-reconstruido,Fila 1
6,7,19,1.0,East2,P1-reconstruido,Fila 1
6,7,20,1.0,East2,P1-reconstruido,Fila 1
6,7,21,1.0,East2,P1-reconstruido,Fila 1
6,8,7,1.0,East2,P1-reconstruido,Fila 1
6,8,8,0.9916,East2,P1-reconstruido,Fila 1
6,8,9,0.8839,East2,P1-reconstruido,Fila 1
6,8,10,0.454,East2,P1-reconstruido,Fila 1
6,8,11,0.0393,East2,P1-reconstruido,Fila 1
6,8,12,0.0,East2,P1-reconstruido,Fila 1
6,8,13,0.0,East2,P1-reconstruido,Fila 1
6,8,14,0.4715,East2,P1-reconstruido,Fila 1
6,8,15,1.0,East2,P1-reconstruido,Fila 1
6,8,16,1.0,East2,P1-reconstruido,Fila 1
6,8,17,1.0,East2,P1-reconstruido,Fila 1
6,8,18,1.0,East2,P1-reconstruido,Fila 1
6,8,19,1.0,East2,P1-reconstruido,Fila 1
6,8,20,1.0,East2,P1-reconstruido,Fila 1
6,8,21,1.0,East2,P1-reconstruido,Fila 1
6,9,7,1.0,East2,P1-reconstruido,Fila 1
6,9,8,0.9914,East2,P1-reconstruido,Fila 1
6,9,9,0.8826,East2,P1-reconstruido,Fila 1
6,9,10,0.4527,East2,P1-reconstruido,Fila 1
6,9,11,0.0393,East2,P1-reconstruido,Fila 1
6,9,12,0.0,East2,P1-reconstruido,Fila 1
6,9,13,0.0,East2,P1-reconstruido,Fila 1
6,9,14,0.4622,East2,P1-reconstruido,Fila 1
6,9,15,1.0,East2,P1-reconstruido,Fila 1
6,9,16,1.0,East2,P1-reconstruido,Fila 1
6,9,17,1.0,East2,P1-reconstruido,Fila 1
6,9,18,1.0,East2,P1-reconstruido,Fila 1
6,9,19,1.0,East2,P1-reconstruido,Fila 1
6,9,20,1.0,East2,P1-reconstruido,Fila 1
6,9,21,1.0,East2,P1-reconstruido,Fila 1
6,10,7,1.0,East2,P1-reconstruido,Fila 1
6,10,8,0.9913,East2,P1-reconstruido,Fila 1
6,10,9,0.8814,East2,P1-reconstruido,Fila 1
6,10,10,0.4517,East2,P1-reconstruido,Fila 1
6,10,11,0.0393,East2,P1-reconstruido,Fila 1
6,10,12,0.0,East2,P1-reconstruido,Fila 1
6,10,13,0.0,East2,P1-reconstruido,Fila 1
6,10,14,0.4527,East2,P1-reconstruido,Fila 1
6,10,15,1.0,East2,P1-reconstruido,Fila 1
6,10,16,1.0,East2,P1-reconstruido,Fila 1
6,10,17,1.0,East2,P1-reconstruido,Fila 1
6,10,18,1.0,East2,P1-reconstruido,Fila 1
6,10,19,1.0,East2,P1-reconstruido,Fila 1
6,10,20,1.0,East2,P1-reconstruido,Fila 1
6,10,21,1.0,East2,P1-reconstruido,Fila 1
6,11,7,1.0,East2,P1-reconstruido,Fila 1
6,11,8,0.9912,East2,P1-reconstruido,Fila 1
6,11,9,0.8805,East2,P1-reconstruido,Fila 1
6,11,10,0.4511,East2,P1-reconstruido,Fila 1
6,11,11,0.0394,East2,P1-reconstruido,Fila 1
6,11,12,0.0,East2,P1-reconstruido,Fila 1
6,11,13,0.0,East2,P1-reconstruido,Fila 1
6,11,14,0.4433,East2,P1-reconstruido,Fila 1
6,11,15,1.0,East2,P1-reconstruido,Fila 1
6,11,16,1.0,East2,P1-reconstruido,Fila 1
6,11,17,1.0,East2,P1-reconstruido,Fila 1
6,11,18,1.0,East2,P1-reconstruido,Fila 1
6,11,19,1.0,East2,P1-reconstruido,Fila 1
6,11,20,1.0,East2,P1-reconstruido,Fila 1
6,11,21,1.0,East2,P1-reconstruido,Fila 1
6,12,7,1.0,East2,P1-reconstruido,Fila 1
6,12,8,0.9911,East2,P1-reconstruido,Fila 1
6,12,9,0.8797,East2,P1-reconstruido,Fila 1
6,12,10,0.4507,East2,P1-reconstruido,Fila 1
6,12,11,0.0395,East2,P1-reconstruido,Fila 1
6,12,12,0.0,East2,P1-reconstruido,Fila 1
6,12,13,0.0,East2,P1-reconstruido,Fila 1
6,12,14,0.4338,East2,P1-reconstruido,Fila 1
6,12,15,1.0,East2,P1-reconstruido,Fila 1
6,12,16,1.0,East2,P1-reconstruido,Fila 1
6,12,17,1.0,East2,P1-reconstruido,Fila 1
6,12,18,1.0,East2,P1-reconstruido,Fila 1
6,12,19,1.0,East2,P1-reconstruido,Fila 1
6,12,20,1.0,East2,P1-reconstruido,Fila 1
6,12,21,1.0,East2,P1-reconstruido,Fila 1
6,13,7,1.0,East2,P1-reconstruido,Fila 1
6,13,8,0.991,East2,P1-reconstruido,Fila 1
6,13,9,0.8792,East2,P1-reconstruido,Fila 1
6,13,10,0.4507,East2,P1-reconstruido,Fila 1
6,13,11,0.0396,East2,P1-reconstruido,Fila 1
6,13,12,0.0,East2,P1-reconstruido,Fila 1
6,13,13,0.0,East2,P1-reconstruido,Fila 1
6,13,14,0.4244,East2,P1-reconstruido,Fila 1
6,13,15,1.0,East2,P1-reconstruido,Fila 1
6,13,16,1.0,East2,P1-reconstruido,Fila 1
6,13,17,1.0,East2,P1-reconstruido,Fila 1
6,13,18,1.0,East2,P1-reconstruido,Fila 1
6,13,19,1.0,East2,P1-reconstruido,Fila 1
6,13,20,1.0,East2,P1-reconstruido,Fila 1
6,13,21,1.0,East2,P1-reconstruido,Fila 1
6,14,7,1.0,East2,P1-reconstruido,Fila 1
6,14,8,0.9909,East2,P1-reconstruido,Fila 1
6,14,9,0.8789,East2,P1-reconstruido,Fila 1
6,14,10,0.4509,East2,P1-reconstruido,Fila 1
6,14,11,0.0398,East2,P1-reconstruido,Fila 1
6,14,12,0.0,East2,P1-reconstruido,Fila 1
6,14,13,0.0,East2,P1-reconstruido,Fila 1
6,14,14,0.415,East2,P1-reconstruido,Fila 1
6,14,15,1.0,East2,P1-reconstruido,Fila 1
6,14,16,1.0,East2,P1-reconstruido,Fila 1
6,14,17,1.0,East2,P1-reconstruido,Fila 1
6,14,18,1.0,East2,P1-reconstruido,Fila 1
6,14,19,1.0,East2,P1-reconstruido,Fila 1
6,14,20,1.0,East2,P1-reconstruido,Fila 1
6,14,21,1.0,East2,P1-reconstruido,Fila 1
6,15,7,1.0,East2,P1-reconstruido,Fila 1
6,15,8,0.9909,East2,P1-reconstruido,Fila 1
6,15,9,0.8788,East2,P1-reconstruido,Fila 1
6,15,10,0.4515,East2,P1-reconstruido,Fila 1
6,15,11,0.04,East2,P1-reconstruido,Fila 1
6,15,12,0.0,East2,P1-reconstruido,Fila 1
6,15,13,0.0,East2,P1-reconstruido,Fila 1
6,15,14,0.4056,East2,P1-reconstruido,Fila 1
6,15,15,1.0,East2,P1-reconstruido,Fila 1
6,15,16,1.0,East2,P1-reconstruido,Fila 1
6,15,17,1.0,East2,P1-reconstruido,Fila 1
6,15,18,1.0,East2,P1-reconstruido,Fila 1
6,15,19,1.0,East2,P1-reconstruido,Fila 1
6,15,20,1.0,East2,P1-reconstruido,Fila 1
6,15,21,1.0,East2,P1-reconstruido,Fila 1
6,16,7,1.0,East2,P1-reconstruido,Fila 1
6,16,8,0.9909,East2,P1-reconstruido,Fila 1
6,16,9,0.8789,East2,P1-reconstruido,Fila 1
6,16,10,0.4523,East2,P1-reconstruido,Fila 1
6,16,11,0.0403,East2,P1-reconstruido,Fila 1
6,16,12,0.0,East2,P1-reconstruido,Fila 1
6,16,13,0.0,East2,P1-reconstruido,Fila 1
6,16,14,0.3963,East2,P1-reconstruido,Fila 1
6,16,15,1.0,East2,P1-reconstruido,Fila 1
6,16,16,1.0,East2,P1-reconstruido,Fila 1
6,16,17,1.0,East2,P1-reconstruido,Fila 1
6,16,18,1.0,East2,P1-reconstruido,Fila 1
6,16,19,1.0,East2,P1-reconstruido,Fila 1
6,16,20,1.0,East2,P1-reconstruido,Fila 1
6,16,21,1.0,East2,P1-reconstruido,Fila 1
6,17,7,1.0,East2,P1-reconstruido,Fila 1
6,17,8,0.9909,East2,P1-reconstruido,Fila 1
6,17,9,0.8793,East2,P1-reconstruido,Fila 1
6,17,10,0.4534,East2,P1-reconstruido,Fila 1
6,17,11,0.0406,East2,P1-reconstruido,Fila 1
6,17,12,0.0,East2,P1-reconstruido,Fila 1
6,17,13,0.0,East2,P1-reconstruido,Fila 1
6,17,14,0.3872,East2,P1-reconstruido,Fila 1
6,17,15,1.0,East2,P1-reconstruido,Fila 1
6,17,16,1.0,East2,P1-reconstruido,Fila 1
6,17,17,1.0,East2,P1-reconstruido,Fila 1
6,17,18,1.0,East2,P1-reconstruido,Fila 1
6,17,19,1.0,East2,P1-reconstruido,Fila 1
6,17,20,1.0,East2,P1-reconstruido,Fila 1
6,17,21,1.0,East2,P1-reconstruido,Fila 1
6,18,7,1.0,East2,P1-reconstruido,Fila 1
6,18,8,0.991,East2,P1-reconstruido,Fila 1
6,18,9,0.8798,East2,P1-reconstruido,Fila 1
6,18,10,0.4547,East2,P1-reconstruido,Fila 1
6,18,11,0.0409,East2,P1-reconstruido,Fila 1
6,18,12,0.0,East2,P1-reconstruido,Fila 1
6,18,13,0.0,East2,P1-reconstruido,Fila 1
6,18,14,0.3782,East2,P1-reconstruido,Fila 1
6,18,15,1.0,East2,P1-reconstruido,Fila 1
6,18,16,1.0,East2,P1-reconstruido,Fila 1
6,18,17,1.0,East2,P1-reconstruido,Fila 1
6,18,18,1.0,East2,P1-reconstruido,Fila 1
6,18,19,1.0,East2,P1-reconstruido,Fila 1
6,18,20,1.0,East2,P1-reconstruido,Fila 1
6,18,21,1.0,East2,P1-reconstruido,Fila 1
6,19,7,1.0,East2,P1-reconstruido,Fila 1
6,19,8,0.9911,East2,P1-reconstruido,Fila 1
6,19,9,0.8805,East2,P1-reconstruido,Fila 1
6,19,10,0.4563,East2,P1-reconstruido,Fila 1
6,19,11,0.0412,East2,P1-reconstruido,Fila 1
6,19,12,0.0,East2,P1-reconstruido,Fila 1
6,19,13,0.0,East2,P1-reconstruido,Fila 1
6,19,14,0.3693,East2,P1-reconstruido,Fila 1
6,19,15,1.0,East2,P1-reconstruido,Fila 1
6,19,16,1.0,East2,P1-reconstruido,Fila 1
6,19,17,1.0,East2,P1-reconstruido,Fila 1
6,19,18,1.0,East2,P1-reconstruido,Fila 1
6,19,19,1.0,East2,P1-reconstruido,Fila 1
6,19,20,1.0,East2,P1-reconstruido,Fila 1
6,19,21,1.0,East2,P1-reconstruido,Fila 1
6,20,7,1.0,East2,P1-reconstruido,Fila 1
6,20,8,0.9912,East2,P1-reconstruido,Fila 1
6,20,9,0.8814,East2,P1-reconstruido,Fila 1
6,20,10,0.4582,East2,P1-reconstruido,Fila 1
6,20,11,0.0416,East2,P1-reconstruido,Fila 1
6,20,12,0.0,East2,P1-reconstruido,Fila 1
6,20,13,0.0,East2,P1-reconstruido,Fila 1
6,20,14,0.3607,East2,P1-reconstruido,Fila 1
6,20,15,1.0,East2,P1-reconstruido,Fila 1
6,20,16,1.0,East2,P1-reconstruido,Fila 1
6,20,17,1.0,East2,P1-reconstruido,Fila 1
6,20,18,1.0,East2,P1-reconstruido,Fila 1
6,20,19,1.0,East2,P1-reconstruido,Fila 1
6,20,20,1.0,East2,P1-reconstruido,Fila 1
6,20,21,1.0,East2,P1-reconstruido,Fila 1
6,21,7,1.0,East2,P1-reconstruido,Fila 1
6,21,8,0.9913,East2,P1-reconstruido,Fila 1
6,21,9,0.8825,East2,P1-reconstruido,Fila 1
6,21,10,0.4604,East2,P1-reconstruido,Fila 1
6,21,11,0.042,East2,P1-reconstruido,Fila 1
6,21,12,0.0,East2,P1-reconstruido,Fila 1
6,21,13,0.0,East2,P1-reconstruido,Fila 1
6,21,14,0.3523,East2,P1-reconstruido,Fila 1
6,21,15,1.0,East2,P1-reconstruido,Fila 1
6,21,16,1.0,East2,P1-reconstruido,Fila 1
6,21,17,1.0,East2,P1-reconstruido,Fila 1
6,21,18,1.0,East2,P1-reconstruido,Fila 1
6,21,19,1.0,East2,P1-reconstruido,Fila 1
6,21,20,1.0,East2,P1-reconstruido,Fila 1
6,21,21,1.0,East2,P1-reconstruido,Fila 1
6,22,7,1.0,East2,P1-reconstruido,Fila 1
6,22,8,0.9914,East2,P1-reconstruido,Fila 1
6,22,9,0.8839,East2,P1-reconstruido,Fila 1
6,22,10,0.4627,East2,P1-reconstruido,Fila 1
6,22,11,0.0424,East2,P1-reconstruido,Fila 1
6,22,12,0.0,East2,P1-reconstruido,Fila 1
6,22,13,0.0,East2,P1-reconstruido,Fila 1
6,22,14,0.3441,East2,P1-reconstruido,Fila 1
6,22,15,1.0,East2,P1-reconstruido,Fila 1
6,22,16,1.0,East2,P1-reconstruido,Fila 1
6,22,17,1.0,East2,P1-reconstruido,Fila 1
6,22,18,1.0,East2,P1-reconstruido,Fila 1
6,22,19,1.0,East2,P1-reconstruido,Fila 1
6,22,20,1.0,East2,P1-reconstruido,Fila 1
6,22,21,1.0,East2,P1-reconstruido,Fila 1
6,23,7,1.0,East2,P1-reconstruido,Fila 1
6,23,8,0.9916,East2,P1-reconstruido,Fila 1
6,23,9,0.8854,East2,P1-reconstruido,Fila 1
6,23,10,0.4654,East2,P1-reconstruido,Fila 1
6,23,11,0.0429,East2,P1-reconstruido,Fila 1
6,23,12,0.0,East2,P1-reconstruido,Fila 1
6,23,13,0.0,East2,P1-reconstruido,Fila 1
6,23,14,0.3362,East2,P1-reconstruido,Fila 1
6,23,15,1.0,East2,P1-reconstruido,Fila 1
6,23,16,1.0,East2,P1-reconstruido,Fila 1
6,23,17,1.0,East2,P1-reconstruido,Fila 1
6,23,18,1.0,East2,P1-reconstruido,Fila 1
6,23,19,1.0,East2,P1-reconstruido,Fila 1
6,23,20,1.0,East2,P1-reconstruido,Fila 1
6,23,21,1.0,East2,P1-reconstruido,Fila 1
6,24,7,1.0,East2,P1-reconstruido,Fila 1
6,24,8,0.9918,East2,P1-reconstruido,Fila 1
6,24,9,0.887,East2,P1-reconstruido,Fila 1
6,24,10,0.4682,East2,P1-reconstruido,Fila 1
6,24,11,0.0434,East2,P1-reconstruido,Fila 1
6,24,12,0.0,East2,P1-reconstruido,Fila 1
6,24,13,0.0,East2,P1-reconstruido,Fila 1
6,24,14,0.3286,East2,P1-reconstruido,Fila 1
6,24,15,1.0,East2,P1-reconstruido,Fila 1
6,24,16,1.0,East2,P1-reconstruido,Fila 1
6,24,17,1.0,East2,P1-reconstruido,Fila 1
6,24,18,1.0,East2,P1-reconstruido,Fila 1
6,24,19,1.0,East2,P1-reconstruido,Fila 1
6,24,20,1.0,East2,P1-reconstruido,Fila 1
6,24,21,1.0,East2,P1-reconstruido,Fila 1
6,25,7,1.0,East2,P1-reconstruido,Fila 1
6,25,8,0.992,East2,P1-reconstruido,Fila 1
6,25,9,0.8889,East2,P1-reconstruido,Fila 1
6,25,10,0.4714,East2,P1-reconstruido,Fila 1
6,25,11,0.0439,East2,P1-reconstruido,Fila 1
6,25,12,0.0,East2,P1-reconstruido,Fila 1
6,25,13,0.0,East2,P1-reconstruido,Fila 1
6,25,14,0.3213,East2,P1-reconstruido,Fila 1
6,25,15,1.0,East2,P1-reconstruido,Fila 1
6,25,16,1.0,East2,P1-reconstruido,Fila 1
6,25,17,1.0,East2,P1-reconstruido,Fila 1
6,25,18,1.0,East2,P1-reconstruido,Fila 1
6,25,19,1.0,East2,P1-reconstruido,Fila 1
6,25,20,1.0,East2,P1-reconstruido,Fila 1
6,25,21,1.0,East2,P1-reconstruido,Fila 1
6,26,7,1.0,East2,P1-reconstruido,Fila 1
6,26,8,0.9922,East2,P1-reconstruido,Fila 1
6,26,9,0.891,East2,P1-reconstruido,Fila 1
6,26,10,0.4747,East2,P1-reconstruido,Fila 1
6,26,11,0.0445,East2,P1-reconstruido,Fila 1
6,26,12,0.0,East2,P1-reconstruido,Fila 1
6,26,13,0.0,East2,P1-reconstruido,Fila 1
6,26,14,0.3143,East2,P1-reconstruido,Fila 1
6,26,15,1.0,East2,P1-reconstruido,Fila 1
6,26,16,1.0,East2,P1-reconstruido,Fila 1
6,26,17,1.0,East2,P1-reconstruido,Fila 1
6,26,18,1.0,East2,P1-reconstruido,Fila 1
6,26,19,1.0,East2,P1-reconstruido,Fila 1
6,26,20,1.0,East2,P1-reconstruido,Fila 1
6,26,21,1.0,East2,P1-reconstruido,Fila 1
6,27,7,1.0,East2,P1-reconstruido,Fila 1
6,27,8,0.9925,East2,P1-reconstruido,Fila 1
6,27,9,0.8932,East2,P1-reconstruido,Fila 1
6,27,10,0.4783,East2,P1-reconstruido,Fila 1
6,27,11,0.0451,East2,P1-reconstruido,Fila 1
6,27,12,0.0,East2,P1-reconstruido,Fila 1
6,27,13,0.0,East2,P1-reconstruido,Fila 1
6,27,14,0.3078,East2,P1-reconstruido,Fila 1
6,27,15,1.0,East2,P1-reconstruido,Fila 1
6,27,16,1.0,East2,P1-reconstruido,Fila 1
6,27,17,1.0,East2,P1-reconstruido,Fila 1
6,27,18,1.0,East2,P1-reconstruido,Fila 1
6,27,19,1.0,East2,P1-reconstruido,Fila 1
6,27,20,1.0,East2,P1-reconstruido,Fila 1
6,27,21,1.0,East2,P1-reconstruido,Fila 1
6,28,7,1.0,East2,P1-reconstruido,Fila 1
6,28,8,0.9927,East2,P1-reconstruido,Fila 1
6,28,9,0.8956,East2,P1-reconstruido,Fila 1
6,28,10,0.4821,East2,P1-reconstruido,Fila 1
6,28,11,0.0457,East2,P1-reconstruido,Fila 1
6,28,12,0.0,East2,P1-reconstruido,Fila 1
6,28,13,0.0,East2,P1-reconstruido,Fila 1
6,28,14,0.3015,East2,P1-reconstruido,Fila 1
6,28,15,1.0,East2,P1-reconstruido,Fila 1
6,28,16,1.0,East2,P1-reconstruido,Fila 1
6,28,17,1.0,East2,P1-reconstruido,Fila 1
6,28,18,1.0,East2,P1-reconstruido,Fila 1
6,28,19,1.0,East2,P1-reconstruido,Fila 1
6,28,20,1.0,East2,P1-reconstruido,Fila 1
6,28,21,1.0,East2,P1-reconstruido,Fila 1
6,29,7,1.0,East2,P1-reconstruido,Fila 1
6,29,8,0.993,East2,P1-reconstruido,Fila 1
6,29,9,0.8982,East2,P1-reconstruido,Fila 1
6,29,10,0.4861,East2,P1-reconstruido,Fila 1
6,29,11,0.0463,East2,P1-reconstruido,Fila 1
6,29,12,0.0,East2,P1-reconstruido,Fila 1
6,29,13,0.0,East2,P1-reconstruido,Fila 1
6,29,14,0.2957,East2,P1-reconstruido,Fila 1
6,29,15,1.0,East2,P1-reconstruido,Fila 1
6,29,16,1.0,East2,P1-reconstruido,Fila 1
6,29,17,1.0,East2,P1-reconstruido,Fila 1
6,29,18,1.0,East2,P1-reconstruido,Fila 1
6,29,19,1.0,East2,P1-reconstruido,Fila 1
6,29,20,1.0,East2,P1-reconstruido,Fila 1
6,29,21,1.0,East2,P1-reconstruido,Fila 1
6,30,7,1.0,East2,P1-reconstruido,Fila 1
6,30,8,0.9933,East2,P1-reconstruido,Fila 1
6,30,9,0.9009,East2,P1-reconstruido,Fila 1
6,30,10,0.4904,East2,P1-reconstruido,Fila 1
6,30,11,0.0469,East2,P1-reconstruido,Fila 1
6,30,12,0.0,East2,P1-reconstruido,Fila 1
6,30,13,0.0,East2,P1-reconstruido,Fila 1
6,30,14,0.2903,East2,P1-reconstruido,Fila 1
6,30,15,1.0,East2,P1-reconstruido,Fila 1
6,30,16,1.0,East2,P1-reconstruido,Fila 1
6,30,17,1.0,East2,P1-reconstruido,Fila 1
6,30,18,1.0,East2,P1-reconstruido,Fila 1
6,30,19,1.0,East2,P1-reconstruido,Fila 1
6,30,20,1.0,East2,P1-reconstruido,Fila 1
6,30,21,1.0,East2,P1-reconstruido,Fila 1
7,1,7,1.0,East2,P1-reconstruido,Fila 1
7,1,8,0.9937,East2,P1-reconstruido,Fila 1
7,1,9,0.9038,East2,P1-reconstruido,Fila 1
7,1,10,0.4949,East2,P1-reconstruido,Fila 1
7,1,11,0.0476,East2,P1-reconstruido,Fila 1
7,1,12,0.0,East2,P1-reconstruido,Fila 1
7,1,13,0.0,East2,P1-reconstruido,Fila 1
7,1,14,0.2852,East2,P1-reconstruido,Fila 1
7,1,15,1.0,East2,P1-reconstruido,Fila 1
7,1,16,1.0,East2,P1-reconstruido,Fila 1
7,1,17,1.0,East2,P1-reconstruido,Fila 1
7,1,18,1.0,East2,P1-reconstruido,Fila 1
7,1,19,1.0,East2,P1-reconstruido,Fila 1
7,1,20,1.0,East2,P1-reconstruido,Fila 1
7,1,21,1.0,East2,P1-reconstruido,Fila 1
7,2,7,1.0,East2,P1-reconstruido,Fila 1
7,2,8,0.994,East2,P1-reconstruido,Fila 1
7,2,9,0.9069,East2,P1-reconstruido,Fila 1
7,2,10,0.4996,East2,P1-reconstruido,Fila 1
7,2,11,0.0483,East2,P1-reconstruido,Fila 1
7,2,12,0.0,East2,P1-reconstruido,Fila 1
7,2,13,0.0,East2,P1-reconstruido,Fila 1
7,2,14,0.2806,East2,P1-reconstruido,Fila 1
7,2,15,1.0,East2,P1-reconstruido,Fila 1
7,2,16,1.0,East2,P1-reconstruido,Fila 1
7,2,17,1.0,East2,P1-reconstruido,Fila 1
7,2,18,1.0,East2,P1-reconstruido,Fila 1
7,2,19,1.0,East2,P1-reconstruido,Fila 1
7,2,20,1.0,East2,P1-reconstruido,Fila 1
7,2,21,1.0,East2,P1-reconstruido,Fila 1
7,3,7,1.0,East2,P1-reconstruido,Fila 1
7,3,8,0.9944,East2,P1-reconstruido,Fila 1
7,3,9,0.9101,East2,P1-reconstruido,Fila 1
7,3,10,0.5045,East2,P1-reconstruido,Fila 1
7,3,11,0.049,East2,P1-reconstruido,Fila 1
7,3,12,0.0,East2,P1-reconstruido,Fila 1
7,3,13,0.0,East2,P1-reconstruido,Fila 1
7,3,14,0.2765,East2,P1-reconstruido,Fila 1
7,3,15,1.0,East2,P1-reconstruido,Fila 1
7,3,16,1.0,East2,P1-reconstruido,Fila 1
7,3,17,1.0,East2,P1-reconstruido,Fila 1
7,3,18,1.0,East2,P1-reconstruido,Fila 1
7,3,19,1.0,East2,P1-reconstruido,Fila 1
7,3,20,1.0,East2,P1-reconstruido,Fila 1
7,3,21,1.0,East2,P1-reconstruido,Fila 1
7,4,7,1.0,East2,P1-reconstruido,Fila 1
7,4,8,0.9948,East2,P1-reconstruido,Fila 1
7,4,9,0.9135,East2,P1-reconstruido,Fila 1
7,4,10,0.5096,East2,P1-reconstruido,Fila 1
7,4,11,0.0497,East2,P1-reconstruido,Fila 1
7,4,12,0.0,East2,P1-reconstruido,Fila 1
7,4,13,0.0,East2,P1-reconstruido,Fila 1
7,4,14,0.2727,East2,P1-reconstruido,Fila 1
7,4,15,1.0,East2,P1-reconstruido,Fila 1
7,4,16,1.0,East2,P1-reconstruido,Fila 1
7,4,17,1.0,East2,P1-reconstruido,Fila 1
7,4,18,1.0,East2,P1-reconstruido,Fila 1
7,4,19,1.0,East2,P1-reconstruido,Fila 1
7,4,20,1.0,East2,P1-reconstruido,Fila 1
7,4,21,1.0,East2,P1-reconstruido,Fila 1
7,5,7,1.0,East2,P1-reconstruido,Fila 1
7,5,8,0.9952,East2,P1-reconstruido,Fila 1
7,5,9,0.917,East2,P1-reconstruido,Fila 1
7,5,10,0.515,East2,P1-reconstruido,Fila 1
7,5,11,0.0504,East2,P1-reconstruido,Fila 1
7,5,12,0.0,East2,P1-reconstruido,Fila 1
7,5,13,0.0,East2,P1-reconstruido,Fila 1
7,5,14,0.2694,East2,P1-reconstruido,Fila 1
7,5,15,1.0,East2,P1-reconstruido,Fila 1
7,5,16,1.0,East2,P1-reconstruido,Fila 1
7,5,17,1.0,East2,P1-reconstruido,Fila 1
7,5,18,1.0,East2,P1-reconstruido,Fila 1
7,5,19,1.0,East2,P1-reconstruido,Fila 1
7,5,20,1.0,East2,P1-reconstruido,Fila 1
7,5,21,1.0,East2,P1-reconstruido,Fila 1
7,6,7,1.0,East2,P1-reconstruido,Fila 1
7,6,8,0.9956,East2,P1-reconstruido,Fila 1
7,6,9,0.9206,East2,P1-reconstruido,Fila 1
7,6,10,0.5206,East2,P1-reconstruido,Fila 1
7,6,11,0.0511,East2,P1-reconstruido,Fila 1
7,6,12,0.0,East2,P1-reconstruido,Fila 1
7,6,13,0.0,East2,P1-reconstruido,Fila 1
7,6,14,0.2666,East2,P1-reconstruido,Fila 1
7,6,15,1.0,East2,P1-reconstruido,Fila 1
7,6,16,1.0,East2,P1-reconstruido,Fila 1
7,6,17,1.0,East2,P1-reconstruido,Fila 1
7,6,18,1.0,East2,P1-reconstruido,Fila 1
7,6,19,1.0,East2,P1-reconstruido,Fila 1
7,6,20,1.0,East2,P1-reconstruido,Fila 1
7,6,21,1.0,East2,P1-reconstruido,Fila 1
7,7,8,0.996,East2,P1-reconstruido,Fila 1
7,7,9,0.9244,East2,P1-reconstruido,Fila 1
7,7,10,0.5263,East2,P1-reconstruido,Fila 1
7,7,11,0.0519,East2,P1-reconstruido,Fila 1
7,7,12,0.0,East2,P1-reconstruido,Fila 1
7,7,13,0.0,East2,P1-reconstruido,Fila 1
7,7,14,0.2642,East2,P1-reconstruido,Fila 1
7,7,15,1.0,East2,P1-reconstruido,Fila 1
7,7,16,1.0,East2,P1-reconstruido,Fila 1
7,7,17,1.0,East2,P1-reconstruido,Fila 1
7,7,18,1.0,East2,P1-reconstruido,Fila 1
7,7,19,1.0,East2,P1-reconstruido,Fila 1
7,7,20,1.0,East2,P1-reconstruido,Fila 1
7,7,21,1.0,East2,P1-reconstruido,Fila 1
7,8,8,0.9964,East2,P1-reconstruido,Fila 1
7,8,9,0.9283,East2,P1-reconstruido,Fila 1
7,8,10,0.5323,East2,P1-reconstruido,Fila 1
7,8,11,0.0527,East2,P1-reconstruido,Fila 1
7,8,12,0.0,East2,P1-reconstruido,Fila 1
7,8,13,0.0,East2,P1-reconstruido,Fila 1
7,8,14,0.2622,East2,P1-reconstruido,Fila 1
7,8,15,1.0,East2,P1-reconstruido,Fila 1
7,8,16,1.0,East2,P1-reconstruido,Fila 1
7,8,17,1.0,East2,P1-reconstruido,Fila 1
7,8,18,1.0,East2,P1-reconstruido,Fila 1
7,8,19,1.0,East2,P1-reconstruido,Fila 1
7,8,20,1.0,East2,P1-reconstruido,Fila 1
7,8,21,1.0,East2,P1-reconstruido,Fila 1
7,9,8,0.9969,East2,P1-reconstruido,Fila 1
7,9,9,0.9323,East2,P1-reconstruido,Fila 1
7,9,10,0.5386,East2,P1-reconstruido,Fila 1
7,9,11,0.0535,East2,P1-reconstruido,Fila 1
7,9,12,0.0,East2,P1-reconstruido,Fila 1
7,9,13,0.0,East2,P1-reconstruido,Fila 1
7,9,14,0.2607,East2,P1-reconstruido,Fila 1
7,9,15,1.0,East2,P1-reconstruido,Fila 1
7,9,16,1.0,East2,P1-reconstruido,Fila 1
7,9,17,1.0,East2,P1-reconstruido,Fila 1
7,9,18,1.0,East2,P1-reconstruido,Fila 1
7,9,19,1.0,East2,P1-reconstruido,Fila 1
7,9,20,1.0,East2,P1-reconstruido,Fila 1
7,9,21,1.0,East2,P1-reconstruido,Fila 1
7,10,8,0.9973,East2,P1-reconstruido,Fila 1
7,10,9,0.9364,East2,P1-reconstruido,Fila 1
7,10,10,0.545,East2,P1-reconstruido,Fila 1
7,10,11,0.0543,East2,P1-reconstruido,Fila 1
7,10,12,0.0,East2,P1-reconstruido,Fila 1
7,10,13,0.0,East2,P1-reconstruido,Fila 1
7,10,14,0.2596,East2,P1-reconstruido,Fila 1
7,10,15,1.0,East2,P1-reconstruido,Fila 1
7,10,16,1.0,East2,P1-reconstruido,Fila 1
7,10,17,1.0,East2,P1-reconstruido,Fila 1
7,10,18,1.0,East2,P1-reconstruido,Fila 1
7,10,19,1.0,East2,P1-reconstruido,Fila 1
7,10,20,1.0,East2,P1-reconstruido,Fila 1
7,10,21,1.0,East2,P1-reconstruido,Fila 1
7,11,8,0.9978,East2,P1-reconstruido,Fila 1
7,11,9,0.9407,East2,P1-reconstruido,Fila 1
7,11,10,0.5516,East2,P1-reconstruido,Fila 1
7,11,11,0.0551,East2,P1-reconstruido,Fila 1
7,11,12,0.0,East2,P1-reconstruido,Fila 1
7,11,13,0.0,East2,P1-reconstruido,Fila 1
7,11,14,0.259,East2,P1-reconstruido,Fila 1
7,11,15,1.0,East2,P1-reconstruido,Fila 1
7,11,16,1.0,East2,P1-reconstruido,Fila 1
7,11,17,1.0,East2,P1-reconstruido,Fila 1
7,11,18,1.0,East2,P1-reconstruido,Fila 1
7,11,19,1.0,East2,P1-reconstruido,Fila 1
7,11,20,1.0,East2,P1-reconstruido,Fila 1
7,11,21,1.0,East2,P1-reconstruido,Fila 1
7,12,8,0.9982,East2,P1-reconstruido,Fila 1
7,12,9,0.945,East2,P1-reconstruido,Fila 1
7,12,10,0.5585,East2,P1-reconstruido,Fila 1
7,12,11,0.0559,East2,P1-reconstruido,Fila 1
7,12,12,0.0,East2,P1-reconstruido,Fila 1
7,12,13,0.0,East2,P1-reconstruido,Fila 1
7,12,14,0.2589,East2,P1-reconstruido,Fila 1
7,12,15,1.0,East2,P1-reconstruido,Fila 1
7,12,16,1.0,East2,P1-reconstruido,Fila 1
7,12,17,1.0,East2,P1-reconstruido,Fila 1
7,12,18,1.0,East2,P1-reconstruido,Fila 1
7,12,19,1.0,East2,P1-reconstruido,Fila 1
7,12,20,1.0,East2,P1-reconstruido,Fila 1
7,12,21,1.0,East2,P1-reconstruido,Fila 1
7,13,8,0.9987,East2,P1-reconstruido,Fila 1
7,13,9,0.9495,East2,P1-reconstruido,Fila 1
7,13,10,0.5655,East2,P1-reconstruido,Fila 1
7,13,11,0.0567,East2,P1-reconstruido,Fila 1
7,13,12,0.0,East2,P1-reconstruido,Fila 1
7,13,13,0.0,East2,P1-reconstruido,Fila 1
7,13,14,0.2592,East2,P1-reconstruido,Fila 1
7,13,15,1.0,East2,P1-reconstruido,Fila 1
7,13,16,1.0,East2,P1-reconstruido,Fila 1
7,13,17,1.0,East2,P1-reconstruido,Fila 1
7,13,18,1.0,East2,P1-reconstruido,Fila 1
7,13,19,1.0,East2,P1-reconstruido,Fila 1
7,13,20,1.0,East2,P1-reconstruido,Fila 1
7,13,21,1.0,East2,P1-reconstruido,Fila 1
7,14,8,0.9991,East2,P1-reconstruido,Fila 1
7,14,9,0.954,East2,P1-reconstruido,Fila 1
7,14,10,0.5728,East2,P1-reconstruido,Fila 1
7,14,11,0.0576,East2,P1-reconstruido,Fila 1
7,14,12,0.0,East2,P1-reconstruido,Fila 1
7,14,13,0.0,East2,P1-reconstruido,Fila 1
7,14,14,0.2599,East2,P1-reconstruido,Fila 1
7,14,15,1.0,East2,P1-reconstruido,Fila 1
7,14,16,1.0,East2,P1-reconstruido,Fila 1
7,14,17,1.0,East2,P1-reconstruido,Fila 1
7,14,18,1.0,East2,P1-reconstruido,Fila 1
7,14,19,1.0,East2,P1-reconstruido,Fila 1
7,14,20,1.0,East2,P1-reconstruido,Fila 1
7,14,21,1.0,East2,P1-reconstruido,Fila 1
7,15,8,0.9996,East2,P1-reconstruido,Fila 1
7,15,9,0.9587,East2,P1-reconstruido,Fila 1
7,15,10,0.5803,East2,P1-reconstruido,Fila 1
7,15,11,0.0584,East2,P1-reconstruido,Fila 1
7,15,12,0.0,East2,P1-reconstruido,Fila 1
7,15,13,0.0,East2,P1-reconstruido,Fila 1
7,15,14,0.2611,East2,P1-reconstruido,Fila 1
7,15,15,1.0,East2,P1-reconstruido,Fila 1
7,15,16,1.0,East2,P1-reconstruido,Fila 1
7,15,17,1.0,East2,P1-reconstruido,Fila 1
7,15,18,1.0,East2,P1-reconstruido,Fila 1
7,15,19,1.0,East2,P1-reconstruido,Fila 1
7,15,20,1.0,East2,P1-reconstruido,Fila 1
7,15,21,1.0,East2,P1-reconstruido,Fila 1
7,16,8,1.0,East2,P1-reconstruido,Fila 1
7,16,9,0.9634,East2,P1-reconstruido,Fila 1
7,16,10,0.588,East2,P1-reconstruido,Fila 1
7,16,11,0.0593,East2,P1-reconstruido,Fila 1
7,16,12,0.0,East2,P1-reconstruido,Fila 1
7,16,13,0.0,East2,P1-reconstruido,Fila 1
7,16,14,0.2628,East2,P1-reconstruido,Fila 1
7,16,15,1.0,East2,P1-reconstruido,Fila 1
7,16,16,1.0,East2,P1-reconstruido,Fila 1
7,16,17,1.0,East2,P1-reconstruido,Fila 1
7,16,18,1.0,East2,P1-reconstruido,Fila 1
7,16,19,1.0,East2,P1-reconstruido,Fila 1
7,16,20,1.0,East2,P1-reconstruido,Fila 1
7,16,21,1.0,East2,P1-reconstruido,Fila 1
7,17,8,1.0,East2,P1-reconstruido,Fila 1
7,17,9,0.9682,East2,P1-reconstruido,Fila 1
7,17,10,0.5959,East2,P1-reconstruido,Fila 1
7,17,11,0.0601,East2,P1-reconstruido,Fila 1
7,17,12,0.0,East2,P1-reconstruido,Fila 1
7,17,13,0.0,East2,P1-reconstruido,Fila 1
7,17,14,0.2648,East2,P1-reconstruido,Fila 1
7,17,15,1.0,East2,P1-reconstruido,Fila 1
7,17,16,1.0,East2,P1-reconstruido,Fila 1
7,17,17,1.0,East2,P1-reconstruido,Fila 1
7,17,18,1.0,East2,P1-reconstruido,Fila 1
7,17,19,1.0,East2,P1-reconstruido,Fila 1
7,17,20,1.0,East2,P1-reconstruido,Fila 1
7,17,21,1.0,East2,P1-reconstruido,Fila 1
7,18,8,1.0,East2,P1-reconstruido,Fila 1
7,18,9,0.9731,East2,P1-reconstruido,Fila 1
7,18,10,0.604,East2,P1-reconstruido,Fila 1
7,18,11,0.061,East2,P1-reconstruido,Fila 1
7,18,12,0.0,East2,P1-reconstruido,Fila 1
7,18,13,0.0,East2,P1-reconstruido,Fila 1
7,18,14,0.2673,East2,P1-reconstruido,Fila 1
7,18,15,1.0,East2,P1-reconstruido,Fila 1
7,18,16,1.0,East2,P1-reconstruido,Fila 1
7,18,17,1.0,East2,P1-reconstruido,Fila 1
7,18,18,1.0,East2,P1-reconstruido,Fila 1
7,18,19,1.0,East2,P1-reconstruido,Fila 1
7,18,20,1.0,East2,P1-reconstruido,Fila 1
7,18,21,1.0,East2,P1-reconstruido,Fila 1
7,19,8,1.0,East2,P1-reconstruido,Fila 1
7,19,9,0.978,East2,P1-reconstruido,Fila 1
7,19,10,0.6123,East2,P1-reconstruido,Fila 1
7,19,11,0.0618,East2,P1-reconstruido,Fila 1
7,19,12,0.0,East2,P1-reconstruido,Fila 1
7,19,13,0.0,East2,P1-reconstruido,Fila 1
7,19,14,0.2703,East2,P1-reconstruido,Fila 1
7,19,15,1.0,East2,P1-reconstruido,Fila 1
7,19,16,1.0,East2,P1-reconstruido,Fila 1
7,19,17,1.0,East2,P1-reconstruido,Fila 1
7,19,18,1.0,East2,P1-reconstruido,Fila 1
7,19,19,1.0,East2,P1-reconstruido,Fila 1
7,19,20,1.0,East2,P1-reconstruido,Fila 1
7,19,21,1.0,East2,P1-reconstruido,Fila 1
7,20,8,1.0,East2,P1-reconstruido,Fila 1
7,20,9,0.983,East2,P1-reconstruido,Fila 1
7,20,10,0.6208,East2,P1-reconstruido,Fila 1
7,20,11,0.0627,East2,P1-reconstruido,Fila 1
7,20,12,0.0,East2,P1-reconstruido,Fila 1
7,20,13,0.0,East2,P1-reconstruido,Fila 1
7,20,14,0.2737,East2,P1-reconstruido,Fila 1
7,20,15,1.0,East2,P1-reconstruido,Fila 1
7,20,16,1.0,East2,P1-reconstruido,Fila 1
7,20,17,1.0,East2,P1-reconstruido,Fila 1
7,20,18,1.0,East2,P1-reconstruido,Fila 1
7,20,19,1.0,East2,P1-reconstruido,Fila 1
7,20,20,1.0,East2,P1-reconstruido,Fila 1
7,20,21,1.0,East2,P1-reconstruido,Fila 1
7,21,8,1.0,East2,P1-reconstruido,Fila 1
7,21,9,0.988,East2,P1-reconstruido,Fila 1
7,21,10,0.6295,East2,P1-reconstruido,Fila 1
7,21,11,0.0635,East2,P1-reconstruido,Fila 1
7,21,12,0.0,East2,P1-reconstruido,Fila 1
7,21,13,0.0,East2,P1-reconstruido,Fila 1
7,21,14,0.2774,East2,P1-reconstruido,Fila 1
7,21,15,1.0,East2,P1-reconstruido,Fila 1
7,21,16,1.0,East2,P1-reconstruido,Fila 1
7,21,17,1.0,East2,P1-reconstruido,Fila 1
7,21,18,1.0,East2,P1-reconstruido,Fila 1
7,21,19,1.0,East2,P1-reconstruido,Fila 1
7,21,20,1.0,East2,P1-reconstruido,Fila 1
7,21,21,1.0,East2,P1-reconstruido,Fila 1
7,22,8,1.0,East2,P1-reconstruido,Fila 1
7,22,9,0.9929,East2,P1-reconstruido,Fila 1
7,22,10,0.6384,East2,P1-reconstruido,Fila 1
7,22,11,0.0644,East2,P1-reconstruido,Fila 1
7,22,12,0.0,East2,P1-reconstruido,Fila 1
7,22,13,0.0,East2,P1-reconstruido,Fila 1
7,22,14,0.2816,East2,P1-reconstruido,Fila 1
7,22,15,1.0,East2,P1-reconstruido,Fila 1
7,22,16,1.0,East2,P1-reconstruido,Fila 1
7,22,17,1.0,East2,P1-reconstruido,Fila 1
7,22,18,1.0,East2,P1-reconstruido,Fila 1
7,22,19,1.0,East2,P1-reconstruido,Fila 1
7,22,20,1.0,East2,P1-reconstruido,Fila 1
7,22,21,1.0,East2,P1-reconstruido,Fila 1
7,23,8,1.0,East2,P1-reconstruido,Fila 1
7,23,9,0.9974,East2,P1-reconstruido,Fila 1
7,23,10,0.6475,East2,P1-reconstruido,Fila 1
7,23,11,0.0652,East2,P1-reconstruido,Fila 1
7,23,12,0.0,East2,P1-reconstruido,Fila 1
7,23,13,0.0,East2,P1-reconstruido,Fila 1
7,23,14,0.2862,East2,P1-reconstruido,Fila 1
7,23,15,1.0,East2,P1-reconstruido,Fila 1
7,23,16,1.0,East2,P1-reconstruido,Fila 1
7,23,17,1.0,East2,P1-reconstruido,Fila 1
7,23,18,1.0,East2,P1-reconstruido,Fila 1
7,23,19,1.0,East2,P1-reconstruido,Fila 1
7,23,20,1.0,East2,P1-reconstruido,Fila 1
7,23,21,1.0,East2,P1-reconstruido,Fila 1
7,24,8,1.0,East2,P1-reconstruido,Fila 1
7,24,9,1.0,East2,P1-reconstruido,Fila 1
7,24,10,0.6568,East2,P1-reconstruido,Fila 1
7,24,11,0.0657,East2,P1-reconstruido,Fila 1
7,24,12,0.0,East2,P1-reconstruido,Fila 1
7,24,13,0.0,East2,P1-reconstruido,Fila 1
7,24,14,0.2912,East2,P1-reconstruido,Fila 1
7,24,15,1.0,East2,P1-reconstruido,Fila 1
7,24,16,1.0,East2,P1-reconstruido,Fila 1
7,24,17,1.0,East2,P1-reconstruido,Fila 1
7,24,18,1.0,East2,P1-reconstruido,Fila 1
7,24,19,1.0,East2,P1-reconstruido,Fila 1
7,24,20,1.0,East2,P1-reconstruido,Fila 1
7,24,21,1.0,East2,P1-reconstruido,Fila 1
7,25,8,1.0,East2,P1-reconstruido,Fila 1
7,25,9,1.0,East2,P1-reconstruido,Fila 1
7,25,10,0.6664,East2,P1-reconstruido,Fila 1
7,25,11,0.0661,East2,P1-reconstruido,Fila 1
7,25,12,0.0,East2,P1-reconstruido,Fila 1
7,25,13,0.0,East2,P1-reconstruido,Fila 1
7,25,14,0.2965,East2,P1-reconstruido,Fila 1
7,25,15,1.0,East2,P1-reconstruido,Fila 1
7,25,16,1.0,East2,P1-reconstruido,Fila 1
7,25,17,1.0,East2,P1-reconstruido,Fila 1
7,25,18,1.0,East2,P1-reconstruido,Fila 1
7,25,19,1.0,East2,P1-reconstruido,Fila 1
7,25,20,1.0,East2,P1-reconstruido,Fila 1
7,25,21,1.0,East2,P1-reconstruido,Fila 1
7,26,8,1.0,East2,P1-reconstruido,Fila 1
7,26,9,1.0,East2,P1-reconstruido,Fila 1
7,26,10,0.6761,East2,P1-reconstruido,Fila 1
7,26,11,0.0665,East2,P1-reconstruido,Fila 1
7,26,12,0.0,East2,P1-reconstruido,Fila 1
7,26,13,0.0,East2,P1-reconstruido,Fila 1
7,26,14,0.3023,East2,P1-reconstruido,Fila 1
7,26,15,1.0,East2,P1-reconstruido,Fila 1
7,26,16,1.0,East2,P1-reconstruido,Fila 1
7,26,17,1.0,East2,P1-reconstruido,Fila 1
7,26,18,1.0,East2,P1-reconstruido,Fila 1
7,26,19,1.0,East2,P1-reconstruido,Fila 1
7,26,20,1.0,East2,P1-reconstruido,Fila 1
7,26,21,1.0,East2,P1-reconstruido,Fila 1
7,27,8,1.0,East2,P1-reconstruido,Fila 1
7,27,9,1.0,East2,P1-reconstruido,Fila 1
7,27,10,0.686,East2,P1-reconstruido,Fila 1
7,27,11,0.0668,East2,P1-reconstruido,Fila 1
7,27,12,0.0,East2,P1-reconstruido,Fila 1
7,27,13,0.0,East2,P1-reconstruido,Fila 1
7,27,14,0.3083,East2,P1-reconstruido,Fila 1
7,27,15,1.0,East2,P1-reconstruido,Fila 1
7,27,16,1.0,East2,P1-reconstruido,Fila 1
7,27,17,1.0,East2,P1-reconstruido,Fila 1
7,27,18,1.0,East2,P1-reconstruido,Fila 1
7,27,19,1.0,East2,P1-reconstruido,Fila 1
7,27,20,1.0,East2,P1-reconstruido,Fila 1
7,27,21,1.0,East2,P1-reconstruido,Fila 1
7,28,8,1.0,East2,P1-reconstruido,Fila 1
7,28,9,1.0,East2,P1-reconstruido,Fila 1
7,28,10,0.6962,East2,P1-reconstruido,Fila 1
7,28,11,0.0671,East2,P1-reconstruido,Fila 1
7,28,12,0.0,East2,P1-reconstruido,Fila 1
7,28,13,0.0,East2,P1-reconstruido,Fila 1
7,28,14,0.3147,East2,P1-reconstruido,Fila 1
7,28,15,1.0,East2,P1-reconstruido,Fila 1
7,28,16,1.0,East2,P1-reconstruido,Fila 1
7,28,17,1.0,East2,P1-reconstruido,Fila 1
7,28,18,1.0,East2,P1-reconstruido,Fila 1
7,28,19,1.0,East2,P1-reconstruido,Fila 1
7,28,20,1.0,East2,P1-reconstruido,Fila 1
7,28,21,1.0,East2,P1-reconstruido,Fila 1
7,29,8,1.0,East2,P1-reconstruido,Fila 1
7,29,9,1.0,East2,P1-reconstruido,Fila 1
7,29,10,0.7065,East2,P1-reconstruido,Fila 1
7,29,11,0.0674,East2,P1-reconstruido,Fila 1
7,29,12,0.0,East2,P1-reconstruido,Fila 1
7,29,13,0.0,East2,P1-reconstruido,Fila 1
7,29,14,0.3215,East2,P1-reconstruido,Fila 1
7,29,15,1.0,East2,P1-reconstruido,Fila 1
7,29,16,1.0,East2,P1-reconstruido,Fila 1
7,29,17,1.0,East2,P1-reconstruido,Fila 1
7,29,18,1.0,East2,P1-reconstruido,Fila 1
7,29,19,1.0,East2,P1-reconstruido,Fila 1
7,29,20,1.0,East2,P1-reconstruido,Fila 1
7,29,21,1.0,East2,P1-reconstruido,Fila 1
7,30,8,1.0,East2,P1-reconstruido,Fila 1
7,30,9,1.0,East2,P1-reconstruido,Fila 1
7,30,10,0.7171,East2,P1-reconstruido,Fila 1
7,30,11,0.0676,East2,P1-reconstruido,Fila 1
7,30,12,0.0,East2,P1-reconstruido,Fila 1
7,30,13,0.0,East2,P1-reconstruido,Fila 1
7,30,14,0.3285,East2,P1-reconstruido,Fila 1
7,30,15,1.0,East2,P1-reconstruido,Fila 1
7,30,16,1.0,East2,P1-reconstruido,Fila 1
7,30,17,1.0,East2,P1-reconstruido,Fila 1
7,30,18,1.0,East2,P1-reconstruido,Fila 1
7,30,19,1.0,East2,P1-reconstruido,Fila 1
7,30,20,1.0,East2,P1-reconstruido,Fila 1
7,30,21,1.0,East2,P1-reconstruido,Fila 1
7,31,8,1.0,East2,P1-reconstruido,Fila 1
7,31,9,1.0,East2,P1-reconstruido,Fila 1
7,31,10,0.7278,East2,P1-reconstruido,Fila 1
7,31,11,0.0678,East2,P1-reconstruido,Fila 1
7,31,12,0.0,East2,P1-reconstruido,Fila 1
7,31,13,0.0,East2,P1-reconstruido,Fila 1
7,31,14,0.3359,East2,P1-reconstruido,Fila 1
7,31,15,1.0,East2,P1-reconstruido,Fila 1
7,31,16,1.0,East2,P1-reconstruido,Fila 1
7,31,17,1.0,East2,P1-reconstruido,Fila 1
7,31,18,1.0,East2,P1-reconstruido,Fila 1
7,31,19,1.0,East2,P1-reconstruido,Fila 1
7,31,20,1.0,East2,P1-reconstruido,Fila 1
7,31,21,1.0,East2,P1-reconstruido,Fila 1
8,1,8,1.0,East2,P1-reconstruido,Fila 1
8,1,9,1.0,East2,P1-reconstruido,Fila 1
8,1,10,0.7388,East2,P1-reconstruido,Fila 1
8,1,11,0.0679,East2,P1-reconstruido,Fila 1
8,1,12,0.0,East2,P1-reconstruido,Fila 1
8,1,13,0.0,East2,P1-reconstruido,Fila 1
8,1,14,0.3435,East2,P1-reconstruido,Fila 1
8,1,15,1.0,East2,P1-reconstruido,Fila 1
8,1,16,1.0,East2,P1-reconstruido,Fila 1
8,1,17,1.0,East2,P1-reconstruido,Fila 1
8,1,18,1.0,East2,P1-reconstruido,Fila 1
8,1,19,1.0,East2,P1-reconstruido,Fila 1
8,1,20,1.0,East2,P1-reconstruido,Fila 1
8,1,21,1.0,East2,P1-reconstruido,Fila 1
8,2,8,1.0,East2,P1-reconstruido,Fila 1
8,2,9,1.0,East2,P1-reconstruido,Fila 1
8,2,10,0.75,East2,P1-reconstruido,Fila 1
8,2,11,0.068,East2,P1-reconstruido,Fila 1
8,2,12,0.0,East2,P1-reconstruido,Fila 1
8,2,13,0.0,East2,P1-reconstruido,Fila 1
8,2,14,0.3514,East2,P1-reconstruido,Fila 1
8,2,15,1.0,East2,P1-reconstruido,Fila 1
8,2,16,1.0,East2,P1-reconstruido,Fila 1
8,2,17,1.0,East2,P1-reconstruido,Fila 1
8,2,18,1.0,East2,P1-reconstruido,Fila 1
8,2,19,1.0,East2,P1-reconstruido,Fila 1
8,2,20,1.0,East2,P1-reconstruido,Fila 1
8,2,21,1.0,East2,P1-reconstruido,Fila 1
8,3,8,1.0,East2,P1-reconstruido,Fila 1
8,3,9,1.0,East2,P1-reconstruido,Fila 1
8,3,10,0.7589,East2,P1-reconstruido,Fila 1
8,3,11,0.0681,East2,P1-reconstruido,Fila 1
8,3,12,0.0,East2,P1-reconstruido,Fila 1
8,3,13,0.0,East2,P1-reconstruido,Fila 1
8,3,14,0.3595,East2,P1-reconstruido,Fila 1
8,3,15,1.0,East2,P1-reconstruido,Fila 1
8,3,16,1.0,East2,P1-reconstruido,Fila 1
8,3,17,1.0,East2,P1-reconstruido,Fila 1
8,3,18,1.0,East2,P1-reconstruido,Fila 1
8,3,19,1.0,East2,P1-reconstruido,Fila 1
8,3,20,1.0,East2,P1-reconstruido,Fila 1
8,3,21,1.0,East2,P1-reconstruido,Fila 1
8,4,8,1.0,East2,P1-reconstruido,Fila 1
8,4,9,1.0,East2,P1-reconstruido,Fila 1
8,4,10,0.7646,East2,P1-reconstruido,Fila 1
8,4,11,0.0681,East2,P1-reconstruido,Fila 1
8,4,12,0.0,East2,P1-reconstruido,Fila 1
8,4,13,0.0,East2,P1-reconstruido,Fila 1
8,4,14,0.3679,East2,P1-reconstruido,Fila 1
8,4,15,1.0,East2,P1-reconstruido,Fila 1
8,4,16,1.0,East2,P1-reconstruido,Fila 1
8,4,17,1.0,East2,P1-reconstruido,Fila 1
8,4,18,1.0,East2,P1-reconstruido,Fila 1
8,4,19,1.0,East2,P1-reconstruido,Fila 1
8,4,20,1.0,East2,P1-reconstruido,Fila 1
8,4,21,1.0,East2,P1-reconstruido,Fila 1
8,5,8,1.0,East2,P1-reconstruido,Fila 1
8,5,9,1.0,East2,P1-reconstruido,Fila 1
8,5,10,0.7703,East2,P1-reconstruido,Fila 1
8,5,11,0.068,East2,P1-reconstruido,Fila 1
8,5,12,0.0,East2,P1-reconstruido,Fila 1
8,5,13,0.0,East2,P1-reconstruido,Fila 1
8,5,14,0.3765,East2,P1-reconstruido,Fila 1
8,5,15,1.0,East2,P1-reconstruido,Fila 1
8,5,16,1.0,East2,P1-reconstruido,Fila 1
8,5,17,1.0,East2,P1-reconstruido,Fila 1
8,5,18,1.0,East2,P1-reconstruido,Fila 1
8,5,19,1.0,East2,P1-reconstruido,Fila 1
8,5,20,1.0,East2,P1-reconstruido,Fila 1
8,5,21,1.0,East2,P1-reconstruido,Fila 1
8,6,8,1.0,East2,P1-reconstruido,Fila 1
8,6,9,1.0,East2,P1-reconstruido,Fila 1
8,6,10,0.776,East2,P1-reconstruido,Fila 1
8,6,11,0.0679,East2,P1-reconstruido,Fila 1
8,6,12,0.0,East2,P1-reconstruido,Fila 1
8,6,13,0.0,East2,P1-reconstruido,Fila 1
8,6,14,0.3853,East2,P1-reconstruido,Fila 1
8,6,15,1.0,East2,P1-reconstruido,Fila 1
8,6,16,1.0,East2,P1-reconstruido,Fila 1
8,6,17,1.0,East2,P1-reconstruido,Fila 1
8,6,18,1.0,East2,P1-reconstruido,Fila 1
8,6,19,1.0,East2,P1-reconstruido,Fila 1
8,6,20,1.0,East2,P1-reconstruido,Fila 1
8,6,21,1.0,East2,P1-reconstruido,Fila 1
8,7,8,1.0,East2,P1-reconstruido,Fila 1
8,7,9,1.0,East2,P1-reconstruido,Fila 1
8,7,10,0.7818,East2,P1-reconstruido,Fila 1
8,7,11,0.0678,East2,P1-reconstruido,Fila 1
8,7,12,0.0,East2,P1-reconstruido,Fila 1
8,7,13,0.0,East2,P1-reconstruido,Fila 1
8,7,14,0.3943,East2,P1-reconstruido,Fila 1
8,7,15,1.0,East2,P1-reconstruido,Fila 1
8,7,16,1.0,East2,P1-reconstruido,Fila 1
8,7,17,1.0,East2,P1-reconstruido,Fila 1
8,7,18,1.0,East2,P1-reconstruido,Fila 1
8,7,19,1.0,East2,P1-reconstruido,Fila 1
8,7,20,1.0,East2,P1-reconstruido,Fila 1
8,7,21,1.0,East2,P1-reconstruido,Fila 1
8,8,8,1.0,East2,P1-reconstruido,Fila 1
8,8,9,1.0,East2,P1-reconstruido,Fila 1
8,8,10,0.7875,East2,P1-reconstruido,Fila 1
8,8,11,0.0676,East2,P1-reconstruido,Fila 1
8,8,12,0.0,East2,P1-reconstruido,Fila 1
8,8,13,0.0,East2,P1-reconstruido,Fila 1
8,8,14,0.4035,East2,P1-reconstruido,Fila 1
8,8,15,1.0,East2,P1-reconstruido,Fila 1
8,8,16,1.0,East2,P1-reconstruido,Fila 1
8,8,17,1.0,East2,P1-reconstruido,Fila 1
8,8,18,1.0,East2,P1-reconstruido,Fila 1
8,8,19,1.0,East2,P1-reconstruido,Fila 1
8,8,20,1.0,East2,P1-reconstruido,Fila 1
8,8,21,1.0,East2,P1-reconstruido,Fila 1
8,9,8,1.0,East2,P1-reconstruido,Fila 1
8,9,9,1.0,East2,P1-reconstruido,Fila 1
8,9,10,0.7932,East2,P1-reconstruido,Fila 1
8,9,11,0.0673,East2,P1-reconstruido,Fila 1
8,9,12,0.0,East2,P1-reconstruido,Fila 1
8,9,13,0.0,East2,P1-reconstruido,Fila 1
8,9,14,0.4129,East2,P1-reconstruido,Fila 1
8,9,15,1.0,East2,P1-reconstruido,Fila 1
8,9,16,1.0,East2,P1-reconstruido,Fila 1
8,9,17,1.0,East2,P1-reconstruido,Fila 1
8,9,18,1.0,East2,P1-reconstruido,Fila 1
8,9,19,1.0,East2,P1-reconstruido,Fila 1
8,9,20,1.0,East2,P1-reconstruido,Fila 1
8,9,21,1.0,East2,P1-reconstruido,Fila 1
8,10,8,1.0,East2,P1-reconstruido,Fila 1
8,10,9,1.0,East2,P1-reconstruido,Fila 1
8,10,10,0.7989,East2,P1-reconstruido,Fila 1
8,10,11,0.067,East2,P1-reconstruido,Fila 1
8,10,12,0.0,East2,P1-reconstruido,Fila 1
8,10,13,0.0,East2,P1-reconstruido,Fila 1
8,10,14,0.4224,East2,P1-reconstruido,Fila 1
8,10,15,1.0,East2,P1-reconstruido,Fila 1
8,10,16,1.0,East2,P1-reconstruido,Fila 1
8,10,17,1.0,East2,P1-reconstruido,Fila 1
8,10,18,1.0,East2,P1-reconstruido,Fila 1
8,10,19,1.0,East2,P1-reconstruido,Fila 1
8,10,20,1.0,East2,P1-reconstruido,Fila 1
8,10,21,1.0,East2,P1-reconstruido,Fila 1
8,11,8,1.0,East2,P1-reconstruido,Fila 1
8,11,9,1.0,East2,P1-reconstruido,Fila 1
8,11,10,0.8047,East2,P1-reconstruido,Fila 1
8,11,11,0.0674,East2,P1-reconstruido,Fila 1
8,11,12,0.0,East2,P1-reconstruido,Fila 1
8,11,13,0.0,East2,P1-reconstruido,Fila 1
8,11,14,0.4321,East2,P1-reconstruido,Fila 1
8,11,15,1.0,East2,P1-reconstruido,Fila 1
8,11,16,1.0,East2,P1-reconstruido,Fila 1
8,11,17,1.0,East2,P1-reconstruido,Fila 1
8,11,18,1.0,East2,P1-reconstruido,Fila 1
8,11,19,1.0,East2,P1-reconstruido,Fila 1
8,11,20,1.0,East2,P1-reconstruido,Fila 1
8,11,21,1.0,East2,P1-reconstruido,Fila 1
8,12,8,1.0,East2,P1-reconstruido,Fila 1
8,12,9,1.0,East2,P1-reconstruido,Fila 1
8,12,10,0.8104,East2,P1-reconstruido,Fila 1
8,12,11,0.075,East2,P1-reconstruido,Fila 1
8,12,12,0.0,East2,P1-reconstruido,Fila 1
8,12,13,0.0,East2,P1-reconstruido,Fila 1
8,12,14,0.4419,East2,P1-reconstruido,Fila 1
8,12,15,1.0,East2,P1-reconstruido,Fila 1
8,12,16,1.0,East2,P1-reconstruido,Fila 1
8,12,17,1.0,East2,P1-reconstruido,Fila 1
8,12,18,1.0,East2,P1-reconstruido,Fila 1
8,12,19,1.0,East2,P1-reconstruido,Fila 1
8,12,20,1.0,East2,P1-reconstruido,Fila 1
8,12,21,1.0,East2,P1-reconstruido,Fila 1
8,13,8,1.0,East2,P1-reconstruido,Fila 1
8,13,9,1.0,East2,P1-reconstruido,Fila 1
8,13,10,0.816,East2,P1-reconstruido,Fila 1
8,13,11,0.0824,East2,P1-reconstruido,Fila 1
8,13,12,0.0,East2,P1-reconstruido,Fila 1
8,13,13,0.0,East2,P1-reconstruido,Fila 1
8,13,14,0.4518,East2,P1-reconstruido,Fila 1
8,13,15,1.0,East2,P1-reconstruido,Fila 1
8,13,16,1.0,East2,P1-reconstruido,Fila 1
8,13,17,1.0,East2,P1-reconstruido,Fila 1
8,13,18,1.0,East2,P1-reconstruido,Fila 1
8,13,19,1.0,East2,P1-reconstruido,Fila 1
8,13,20,1.0,East2,P1-reconstruido,Fila 1
8,13,21,1.0,East2,P1-reconstruido,Fila 1
8,14,8,1.0,East2,P1-reconstruido,Fila 1
8,14,9,1.0,East2,P1-reconstruido,Fila 1
8,14,10,0.8217,East2,P1-reconstruido,Fila 1
8,14,11,0.0894,East2,P1-reconstruido,Fila 1
8,14,12,0.0,East2,P1-reconstruido,Fila 1
8,14,13,0.0,East2,P1-reconstruido,Fila 1
8,14,14,0.4618,East2,P1-reconstruido,Fila 1
8,14,15,1.0,East2,P1-reconstruido,Fila 1
8,14,16,1.0,East2,P1-reconstruido,Fila 1
8,14,17,1.0,East2,P1-reconstruido,Fila 1
8,14,18,1.0,East2,P1-reconstruido,Fila 1
8,14,19,1.0,East2,P1-reconstruido,Fila 1
8,14,20,1.0,East2,P1-reconstruido,Fila 1
8,14,21,1.0,East2,P1-reconstruido,Fila 1
8,15,8,1.0,East2,P1-reconstruido,Fila 1
8,15,9,1.0,East2,P1-reconstruido,Fila 1
8,15,10,0.8273,East2,P1-reconstruido,Fila 1
8,15,11,0.0962,East2,P1-reconstruido,Fila 1
8,15,12,0.0,East2,P1-reconstruido,Fila 1
8,15,13,0.0,East2,P1-reconstruido,Fila 1
8,15,14,0.472,East2,P1-reconstruido,Fila 1
8,15,15,1.0,East2,P1-reconstruido,Fila 1
8,15,16,1.0,East2,P1-reconstruido,Fila 1
8,15,17,1.0,East2,P1-reconstruido,Fila 1
8,15,18,1.0,East2,P1-reconstruido,Fila 1
8,15,19,1.0,East2,P1-reconstruido,Fila 1
8,15,20,1.0,East2,P1-reconstruido,Fila 1
8,15,21,1.0,East2,P1-reconstruido,Fila 1
8,16,8,1.0,East2,P1-reconstruido,Fila 1
8,16,9,1.0,East2,P1-reconstruido,Fila 1
8,16,10,0.8329,East2,P1-reconstruido,Fila 1
8,16,11,0.1026,East2,P1-reconstruido,Fila 1
8,16,12,0.0,East2,P1-reconstruido,Fila 1
8,16,13,0.0,East2,P1-reconstruido,Fila 1
8,16,14,0.4822,East2,P1-reconstruido,Fila 1
8,16,15,1.0,East2,P1-reconstruido,Fila 1
8,16,16,1.0,East2,P1-reconstruido,Fila 1
8,16,17,1.0,East2,P1-reconstruido,Fila 1
8,16,18,1.0,East2,P1-reconstruido,Fila 1
8,16,19,1.0,East2,P1-reconstruido,Fila 1
8,16,20,1.0,East2,P1-reconstruido,Fila 1
8,16,21,1.0,East2,P1-reconstruido,Fila 1
8,17,8,1.0,East2,P1-reconstruido,Fila 1
8,17,9,1.0,East2,P1-reconstruido,Fila 1
8,17,10,0.8385,East2,P1-reconstruido,Fila 1
8,17,11,0.1087,East2,P1-reconstruido,Fila 1
8,17,12,0.0,East2,P1-reconstruido,Fila 1
8,17,13,0.0,East2,P1-reconstruido,Fila 1
8,17,14,0.4925,East2,P1-reconstruido,Fila 1
8,17,15,1.0,East2,P1-reconstruido,Fila 1
8,17,16,1.0,East2,P1-reconstruido,Fila 1
8,17,17,1.0,East2,P1-reconstruido,Fila 1
8,17,18,1.0,East2,P1-reconstruido,Fila 1
8,17,19,1.0,East2,P1-reconstruido,Fila 1
8,17,20,1.0,East2,P1-reconstruido,Fila 1
8,17,21,1.0,East2,P1-reconstruido,Fila 1
8,18,8,1.0,East2,P1-reconstruido,Fila 1
8,18,9,1.0,East2,P1-reconstruido,Fila 1
8,18,10,0.844,East2,P1-reconstruido,Fila 1
8,18,11,0.1144,East2,P1-reconstruido,Fila 1
8,18,12,0.0,East2,P1-reconstruido,Fila 1
8,18,13,0.0,East2,P1-reconstruido,Fila 1
8,18,14,0.5029,East2,P1-reconstruido,Fila 1
8,18,15,1.0,East2,P1-reconstruido,Fila 1
8,18,16,1.0,East2,P1-reconstruido,Fila 1
8,18,17,1.0,East2,P1-reconstruido,Fila 1
8,18,18,1.0,East2,P1-reconstruido,Fila 1
8,18,19,1.0,East2,P1-reconstruido,Fila 1
8,18,20,1.0,East2,P1-reconstruido,Fila 1
8,18,21,1.0,East2,P1-reconstruido,Fila 1
8,19,8,1.0,East2,P1-reconstruido,Fila 1
8,19,9,1.0,East2,P1-reconstruido,Fila 1
8,19,10,0.8494,East2,P1-reconstruido,Fila 1
8,19,11,0.1198,East2,P1-reconstruido,Fila 1
8,19,12,0.0,East2,P1-reconstruido,Fila 1
8,19,13,0.0,East2,P1-reconstruido,Fila 1
8,19,14,0.5134,East2,P1-reconstruido,Fila 1
8,19,15,1.0,East2,P1-reconstruido,Fila 1
8,19,16,1.0,East2,P1-reconstruido,Fila 1
8,19,17,1.0,East2,P1-reconstruido,Fila 1
8,19,18,1.0,East2,P1-reconstruido,Fila 1
8,19,19,1.0,East2,P1-reconstruido,Fila 1
8,19,20,1.0,East2,P1-reconstruido,Fila 1
8,20,8,1.0,East2,P1-reconstruido,Fila 1
8,20,9,1.0,East2,P1-reconstruido,Fila 1
8,20,10,0.8549,East2,P1-reconstruido,Fila 1
8,20,11,0.1249,East2,P1-reconstruido,Fila 1
8,20,12,0.0,East2,P1-reconstruido,Fila 1
8,20,13,0.0,East2,P1-reconstruido,Fila 1
8,20,14,0.524,East2,P1-reconstruido,Fila 1
8,20,15,1.0,East2,P1-reconstruido,Fila 1
8,20,16,1.0,East2,P1-reconstruido,Fila 1
8,20,17,1.0,East2,P1-reconstruido,Fila 1
8,20,18,1.0,East2,P1-reconstruido,Fila 1
8,20,19,1.0,East2,P1-reconstruido,Fila 1
8,20,20,1.0,East2,P1-reconstruido,Fila 1
8,21,8,1.0,East2,P1-reconstruido,Fila 1
8,21,9,1.0,East2,P1-reconstruido,Fila 1
8,21,10,0.8603,East2,P1-reconstruido,Fila 1
8,21,11,0.1295,East2,P1-reconstruido,Fila 1
8,21,12,0.0,East2,P1-reconstruido,Fila 1
8,21,13,0.0,East2,P1-reconstruido,Fila 1
8,21,14,0.5345,East2,P1-reconstruido,Fila 1
8,21,15,1.0,East2,P1-reconstruido,Fila 1
8,21,16,1.0,East2,P1-reconstruido,Fila 1
8,21,17,1.0,East2,P1-reconstruido,Fila 1
8,21,18,1.0,East2,P1-reconstruido,Fila 1
8,21,19,1.0,East2,P1-reconstruido,Fila 1
8,21,20,1.0,East2,P1-reconstruido,Fila 1
8,22,8,1.0,East2,P1-reconstruido,Fila 1
8,22,9,1.0,East2,P1-reconstruido,Fila 1
8,22,10,0.8656,East2,P1-reconstruido,Fila 1
8,22,11,0.1338,East2,P1-reconstruido,Fila 1
8,22,12,0.0,East2,P1-reconstruido,Fila 1
8,22,13,0.0,East2,P1-reconstruido,Fila 1
8,22,14,0.5451,East2,P1-reconstruido,Fila 1
8,22,15,1.0,East2,P1-reconstruido,Fila 1
8,22,16,1.0,East2,P1-reconstruido,Fila 1
8,22,17,1.0,East2,P1-reconstruido,Fila 1
8,22,18,1.0,East2,P1-reconstruido,Fila 1
8,22,19,1.0,East2,P1-reconstruido,Fila 1
8,22,20,1.0,East2,P1-reconstruido,Fila 1
8,23,8,1.0,East2,P1-reconstruido,Fila 1
8,23,9,1.0,East2,P1-reconstruido,Fila 1
8,23,10,0.8708,East2,P1-reconstruido,Fila 1
8,23,11,0.1377,East2,P1-reconstruido,Fila 1
8,23,12,0.0,East2,P1-reconstruido,Fila 1
8,23,13,0.0,East2,P1-reconstruido,Fila 1
8,23,14,0.5558,East2,P1-reconstruido,Fila 1
8,23,15,1.0,East2,P1-reconstruido,Fila 1
8,23,16,1.0,East2,P1-reconstruido,Fila 1
8,23,17,1.0,East2,P1-reconstruido,Fila 1
8,23,18,1.0,East2,P1-reconstruido,Fila 1
8,23,19,1.0,East2,P1-reconstruido,Fila 1
8,23,20,1.0,East2,P1-reconstruido,Fila 1
8,24,8,1.0,East2,P1-reconstruido,Fila 1
8,24,9,1.0,East2,P1-reconstruido,Fila 1
8,24,10,0.876,East2,P1-reconstruido,Fila 1
8,24,11,0.1412,East2,P1-reconstruido,Fila 1
8,24,12,0.0,East2,P1-reconstruido,Fila 1
8,24,13,0.0,East2,P1-reconstruido,Fila 1
8,24,14,0.5665,East2,P1-reconstruido,Fila 1
8,24,15,1.0,East2,P1-reconstruido,Fila 1
8,24,16,1.0,East2,P1-reconstruido,Fila 1
8,24,17,1.0,East2,P1-reconstruido,Fila 1
8,24,18,1.0,East2,P1-reconstruido,Fila 1
8,24,19,1.0,East2,P1-reconstruido,Fila 1
8,24,20,1.0,East2,P1-reconstruido,Fila 1
8,25,8,1.0,East2,P1-reconstruido,Fila 1
8,25,9,1.0,East2,P1-reconstruido,Fila 1
8,25,10,0.8812,East2,P1-reconstruido,Fila 1
8,25,11,0.1442,East2,P1-reconstruido,Fila 1
8,25,12,0.0,East2,P1-reconstruido,Fila 1
8,25,13,0.0,East2,P1-reconstruido,Fila 1
8,25,14,0.5772,East2,P1-reconstruido,Fila 1
8,25,15,1.0,East2,P1-reconstruido,Fila 1
8,25,16,1.0,East2,P1-reconstruido,Fila 1
8,25,17,1.0,East2,P1-reconstruido,Fila 1
8,25,18,1.0,East2,P1-reconstruido,Fila 1
8,25,19,1.0,East2,P1-reconstruido,Fila 1
8,25,20,1.0,East2,P1-reconstruido,Fila 1
8,26,8,1.0,East2,P1-reconstruido,Fila 1
8,26,9,1.0,East2,P1-reconstruido,Fila 1
8,26,10,0.8862,East2,P1-reconstruido,Fila 1
8,26,11,0.1469,East2,P1-reconstruido,Fila 1
8,26,12,0.0,East2,P1-reconstruido,Fila 1
8,26,13,0.0,East2,P1-reconstruido,Fila 1
8,26,14,0.5879,East2,P1-reconstruido,Fila 1
8,26,15,1.0,East2,P1-reconstruido,Fila 1
8,26,16,1.0,East2,P1-reconstruido,Fila 1
8,26,17,1.0,East2,P1-reconstruido,Fila 1
8,26,18,1.0,East2,P1-reconstruido,Fila 1
8,26,19,1.0,East2,P1-reconstruido,Fila 1
8,26,20,1.0,East2,P1-reconstruido,Fila 1
8,27,8,1.0,East2,P1-reconstruido,Fila 1
8,27,9,1.0,East2,P1-reconstruido,Fila 1
8,27,10,0.8912,East2,P1-reconstruido,Fila 1
8,27,11,0.1491,East2,P1-reconstruido,Fila 1
8,27,12,0.0,East2,P1-reconstruido,Fila 1
8,27,13,0.0,East2,P1-reconstruido,Fila 1
8,27,14,0.5985,East2,P1-reconstruido,Fila 1
8,27,15,1.0,East2,P1-reconstruido,Fila 1
8,27,16,1.0,East2,P1-reconstruido,Fila 1
8,27,17,1.0,East2,P1-reconstruido,Fila 1
8,27,18,1.0,East2,P1-reconstruido,Fila 1
8,27,19,1.0,East2,P1-reconstruido,Fila 1
8,27,20,1.0,East2,P1-reconstruido,Fila 1
8,28,8,1.0,East2,P1-reconstruido,Fila 1
8,28,9,1.0,East2,P1-reconstruido,Fila 1
8,28,10,0.8962,East2,P1-reconstruido,Fila 1
8,28,11,0.1508,East2,P1-reconstruido,Fila 1
8,28,12,0.0,East2,P1-reconstruido,Fila 1
8,28,13,0.0,East2,P1-reconstruido,Fila 1
8,28,14,0.6092,East2,P1-reconstruido,Fila 1
8,28,15,1.0,East2,P1-reconstruido,Fila 1
8,28,16,1.0,East2,P1-reconstruido,Fila 1
8,28,17,1.0,East2,P1-reconstruido,Fila 1
8,28,18,1.0,East2,P1-reconstruido,Fila 1
8,28,19,1.0,East2,P1-reconstruido,Fila 1
8,28,20,1.0,East2,P1-reconstruido,Fila 1
8,29,8,1.0,East2,P1-reconstruido,Fila 1
8,29,9,1.0,East2,P1-reconstruido,Fila 1
8,29,10,0.901,East2,P1-reconstruido,Fila 1
8,29,11,0.1522,East2,P1-reconstruido,Fila 1
8,29,12,0.0,East2,P1-reconstruido,Fila 1
8,29,13,0.0,East2,P1-reconstruido,Fila 1
8,29,14,0.6199,East2,P1-reconstruido,Fila 1
8,29,15,1.0,East2,P1-reconstruido,Fila 1
8,29,16,1.0,East2,P1-reconstruido,Fila 1
8,29,17,1.0,East2,P1-reconstruido,Fila 1
8,29,18,1.0,East2,P1-reconstruido,Fila 1
8,29,19,1.0,East2,P1-reconstruido,Fila 1
8,29,20,1.0,East2,P1-reconstruido,Fila 1
8,30,8,1.0,East2,P1-reconstruido,Fila 1
8,30,9,1.0,East2,P1-reconstruido,Fila 1
8,30,10,0.8933,East2,P1-reconstruido,Fila 1
8,30,11,0.153,East2,P1-reconstruido,Fila 1
8,30,12,0.0,East2,P1-reconstruido,Fila 1
8,30,13,0.0,East2,P1-reconstruido,Fila 1
8,30,14,0.6305,East2,P1-reconstruido,Fila 1
8,30,15,1.0,East2,P1-reconstruido,Fila 1
8,30,16,1.0,East2,P1-reconstruido,Fila 1
8,30,17,1.0,East2,P1-reconstruido,Fila 1
8,30,18,1.0,East2,P1-reconstruido,Fila 1
8,30,19,1.0,East2,P1-reconstruido,Fila 1
8,30,20,1.0,East2,P1-reconstruido,Fila 1
8,31,8,1.0,East2,P1-reconstruido,Fila 1
8,31,9,1.0,East2,P1-reconstruido,Fila 1
8,31,10,0.8853,East2,P1-reconstruido,Fila 1
8,31,11,0.1534,East2,P1-reconstruido,Fila 1
8,31,12,0.0,East2,P1-reconstruido,Fila 1
8,31,13,0.0,East2,P1-reconstruido,Fila 1
8,31,14,0.641,East2,P1-reconstruido,Fila 1
8,31,15,1.0,East2,P1-reconstruido,Fila 1
8,31,16,1.0,East2,P1-reconstruido,Fila 1
8,31,17,1.0,East2,P1-reconstruido,Fila 1
8,31,18,1.0,East2,P1-reconstruido,Fila 1
8,31,19,1.0,East2,P1-reconstruido,Fila 1
8,31,20,1.0,East2,P1-reconstruido,Fila 1
9,1,8,1.0,East2,P1-reconstruido,Fila 1
9,1,9,1.0,East2,P1-reconstruido,Fila 1
9,1,10,0.8774,East2,P1-reconstruido,Fila 1
9,1,11,0.1534,East2,P1-reconstruido,Fila 1
9,1,12,0.0,East2,P1-reconstruido,Fila 1
9,1,13,0.0,East2,P1-reconstruido,Fila 1
9,1,14,0.6516,East2,P1-reconstruido,Fila 1
9,1,15,1.0,East2,P1-reconstruido,Fila 1
9,1,16,1.0,East2,P1-reconstruido,Fila 1
9,1,17,1.0,East2,P1-reconstruido,Fila 1
9,1,18,1.0,East2,P1-reconstruido,Fila 1
9,1,19,1.0,East2,P1-reconstruido,Fila 1
9,1,20,1.0,East2,P1-reconstruido,Fila 1
9,2,8,1.0,East2,P1-reconstruido,Fila 1
9,2,9,1.0,East2,P1-reconstruido,Fila 1
9,2,10,0.8697,East2,P1-reconstruido,Fila 1
9,2,11,0.1529,East2,P1-reconstruido,Fila 1
9,2,12,0.0,East2,P1-reconstruido,Fila 1
9,2,13,0.0,East2,P1-reconstruido,Fila 1
9,2,14,0.662,East2,P1-reconstruido,Fila 1
9,2,15,1.0,East2,P1-reconstruido,Fila 1
9,2,16,1.0,East2,P1-reconstruido,Fila 1
9,2,17,1.0,East2,P1-reconstruido,Fila 1
9,2,18,1.0,East2,P1-reconstruido,Fila 1
9,2,19,1.0,East2,P1-reconstruido,Fila 1
9,2,20,1.0,East2,P1-reconstruido,Fila 1
9,3,8,1.0,East2,P1-reconstruido,Fila 1
9,3,9,1.0,East2,P1-reconstruido,Fila 1
9,3,10,0.8621,East2,P1-reconstruido,Fila 1
9,3,11,0.1519,East2,P1-reconstruido,Fila 1
9,3,12,0.0,East2,P1-reconstruido,Fila 1
9,3,13,0.0,East2,P1-reconstruido,Fila 1
9,3,14,0.6724,East2,P1-reconstruido,Fila 1
9,3,15,1.0,East2,P1-reconstruido,Fila 1
9,3,16,1.0,East2,P1-reconstruido,Fila 1
9,3,17,1.0,East2,P1-reconstruido,Fila 1
9,3,18,1.0,East2,P1-reconstruido,Fila 1
9,3,19,1.0,East2,P1-reconstruido,Fila 1
9,3,20,1.0,East2,P1-reconstruido,Fila 1
9,4,8,1.0,East2,P1-reconstruido,Fila 1
9,4,9,1.0,East2,P1-reconstruido,Fila 1
9,4,10,0.8547,East2,P1-reconstruido,Fila 1
9,4,11,0.1504,East2,P1-reconstruido,Fila 1
9,4,12,0.0,East2,P1-reconstruido,Fila 1
9,4,13,0.0,East2,P1-reconstruido,Fila 1
9,4,14,0.6827,East2,P1-reconstruido,Fila 1
9,4,15,1.0,East2,P1-reconstruido,Fila 1
9,4,16,1.0,East2,P1-reconstruido,Fila 1
9,4,17,1.0,East2,P1-reconstruido,Fila 1
9,4,18,1.0,East2,P1-reconstruido,Fila 1
9,4,19,1.0,East2,P1-reconstruido,Fila 1
9,4,20,1.0,East2,P1-reconstruido,Fila 1
9,5,8,1.0,East2,P1-reconstruido,Fila 1
9,5,9,1.0,East2,P1-reconstruido,Fila 1
9,5,10,0.8474,East2,P1-reconstruido,Fila 1
9,5,11,0.1484,East2,P1-reconstruido,Fila 1
9,5,12,0.0,East2,P1-reconstruido,Fila 1
9,5,13,0.0,East2,P1-reconstruido,Fila 1
9,5,14,0.693,East2,P1-reconstruido,Fila 1
9,5,15,1.0,East2,P1-reconstruido,Fila 1
9,5,16,1.0,East2,P1-reconstruido,Fila 1
9,5,17,1.0,East2,P1-reconstruido,Fila 1
9,5,18,1.0,East2,P1-reconstruido,Fila 1
9,5,19,1.0,East2,P1-reconstruido,Fila 1
9,5,20,1.0,East2,P1-reconstruido,Fila 1
9,6,8,1.0,East2,P1-reconstruido,Fila 1
9,6,9,1.0,East2,P1-reconstruido,Fila 1
9,6,10,0.8403,East2,P1-reconstruido,Fila 1
9,6,11,0.146,East2,P1-reconstruido,Fila 1
9,6,12,0.0,East2,P1-reconstruido,Fila 1
9,6,13,0.0,East2,P1-reconstruido,Fila 1
9,6,14,0.7031,East2,P1-reconstruido,Fila 1
9,6,15,1.0,East2,P1-reconstruido,Fila 1
9,6,16,1.0,East2,P1-reconstruido,Fila 1
9,6,17,1.0,East2,P1-reconstruido,Fila 1
9,6,18,1.0,East2,P1-reconstruido,Fila 1
9,6,19,1.0,East2,P1-reconstruido,Fila 1
9,6,20,1.0,East2,P1-reconstruido,Fila 1
9,7,8,1.0,East2,P1-reconstruido,Fila 1
9,7,9,1.0,East2,P1-reconstruido,Fila 1
9,7,10,0.8335,East2,P1-reconstruido,Fila 1
9,7,11,0.143,East2,P1-reconstruido,Fila 1
9,7,12,0.0,East2,P1-reconstruido,Fila 1
9,7,13,0.0,East2,P1-reconstruido,Fila 1
9,7,14,0.7131,East2,P1-reconstruido,Fila 1
9,7,15,1.0,East2,P1-reconstruido,Fila 1
9,7,16,1.0,East2,P1-reconstruido,Fila 1
9,7,17,1.0,East2,P1-reconstruido,Fila 1
9,7,18,1.0,East2,P1-reconstruido,Fila 1
9,7,19,1.0,East2,P1-reconstruido,Fila 1
9,7,20,1.0,East2,P1-reconstruido,Fila 1
9,8,8,1.0,East2,P1-reconstruido,Fila 1
9,8,9,1.0,East2,P1-reconstruido,Fila 1
9,8,10,0.8268,East2,P1-reconstruido,Fila 1
9,8,11,0.1395,East2,P1-reconstruido,Fila 1
9,8,12,0.0,East2,P1-reconstruido,Fila 1
9,8,13,0.0,East2,P1-reconstruido,Fila 1
9,8,14,0.7231,East2,P1-reconstruido,Fila 1
9,8,15,1.0,East2,P1-reconstruido,Fila 1
9,8,16,1.0,East2,P1-reconstruido,Fila 1
9,8,17,1.0,East2,P1-reconstruido,Fila 1
9,8,18,1.0,East2,P1-reconstruido,Fila 1
9,8,19,1.0,East2,P1-reconstruido,Fila 1
9,8,20,1.0,East2,P1-reconstruido,Fila 1
9,9,8,1.0,East2,P1-reconstruido,Fila 1
9,9,9,1.0,East2,P1-reconstruido,Fila 1
9,9,10,0.8203,East2,P1-reconstruido,Fila 1
9,9,11,0.1356,East2,P1-reconstruido,Fila 1
9,9,12,0.0,East2,P1-reconstruido,Fila 1
9,9,13,0.0,East2,P1-reconstruido,Fila 1
9,9,14,0.7329,East2,P1-reconstruido,Fila 1
9,9,15,1.0,East2,P1-reconstruido,Fila 1
9,9,16,1.0,East2,P1-reconstruido,Fila 1
9,9,17,1.0,East2,P1-reconstruido,Fila 1
9,9,18,1.0,East2,P1-reconstruido,Fila 1
9,9,19,1.0,East2,P1-reconstruido,Fila 1
9,9,20,1.0,East2,P1-reconstruido,Fila 1
9,10,8,1.0,East2,P1-reconstruido,Fila 1
9,10,9,1.0,East2,P1-reconstruido,Fila 1
9,10,10,0.814,East2,P1-reconstruido,Fila 1
9,10,11,0.1311,East2,P1-reconstruido,Fila 1
9,10,12,0.0,East2,P1-reconstruido,Fila 1
9,10,13,0.0,East2,P1-reconstruido,Fila 1
9,10,14,0.7427,East2,P1-reconstruido,Fila 1
9,10,15,1.0,East2,P1-reconstruido,Fila 1
9,10,16,1.0,East2,P1-reconstruido,Fila 1
9,10,17,1.0,East2,P1-reconstruido,Fila 1
9,10,18,1.0,East2,P1-reconstruido,Fila 1
9,10,19,1.0,East2,P1-reconstruido,Fila 1
9,10,20,1.0,East2,P1-reconstruido,Fila 1
9,11,8,1.0,East2,P1-reconstruido,Fila 1
9,11,9,1.0,East2,P1-reconstruido,Fila 1
9,11,10,0.8079,East2,P1-reconstruido,Fila 1
9,11,11,0.1261,East2,P1-reconstruido,Fila 1
9,11,12,0.0,East2,P1-reconstruido,Fila 1
9,11,13,0.0,East2,P1-reconstruido,Fila 1
9,11,14,0.7523,East2,P1-reconstruido,Fila 1
9,11,15,1.0,East2,P1-reconstruido,Fila 1
9,11,16,1.0,East2,P1-reconstruido,Fila 1
9,11,17,1.0,East2,P1-reconstruido,Fila 1
9,11,18,1.0,East2,P1-reconstruido,Fila 1
9,11,19,1.0,East2,P1-reconstruido,Fila 1
9,11,20,1.0,East2,P1-reconstruido,Fila 1
9,12,9,1.0,East2,P1-reconstruido,Fila 1
9,12,10,0.8021,East2,P1-reconstruido,Fila 1
9,12,11,0.1206,East2,P1-reconstruido,Fila 1
9,12,12,0.0,East2,P1-reconstruido,Fila 1
9,12,13,0.0,East2,P1-reconstruido,Fila 1
9,12,14,0.7618,East2,P1-reconstruido,Fila 1
9,12,15,1.0,East2,P1-reconstruido,Fila 1
9,12,16,1.0,East2,P1-reconstruido,Fila 1
9,12,17,1.0,East2,P1-reconstruido,Fila 1
9,12,18,1.0,East2,P1-reconstruido,Fila 1
9,12,19,1.0,East2,P1-reconstruido,Fila 1
9,12,20,1.0,East2,P1-reconstruido,Fila 1
9,13,9,1.0,East2,P1-reconstruido,Fila 1
9,13,10,0.7964,East2,P1-reconstruido,Fila 1
9,13,11,0.1146,East2,P1-reconstruido,Fila 1
9,13,12,0.0,East2,P1-reconstruido,Fila 1
9,13,13,0.0,East2,P1-reconstruido,Fila 1
9,13,14,0.7711,East2,P1-reconstruido,Fila 1
9,13,15,1.0,East2,P1-reconstruido,Fila 1
9,13,16,1.0,East2,P1-reconstruido,Fila 1
9,13,17,1.0,East2,P1-reconstruido,Fila 1
9,13,18,1.0,East2,P1-reconstruido,Fila 1
9,13,19,1.0,East2,P1-reconstruido,Fila 1
9,13,20,1.0,East2,P1-reconstruido,Fila 1
9,14,9,1.0,East2,P1-reconstruido,Fila 1
9,14,10,0.791,East2,P1-reconstruido,Fila 1
9,14,11,0.108,East2,P1-reconstruido,Fila 1
9,14,12,0.0,East2,P1-reconstruido,Fila 1
9,14,13,0.0,East2,P1-reconstruido,Fila 1
9,14,14,0.7804,East2,P1-reconstruido,Fila 1
9,14,15,1.0,East2,P1-reconstruido,Fila 1
9,14,16,1.0,East2,P1-reconstruido,Fila 1
9,14,17,1.0,East2,P1-reconstruido,Fila 1
9,14,18,1.0,East2,P1-reconstruido,Fila 1
9,14,19,1.0,East2,P1-reconstruido,Fila 1
9,14,20,1.0,East2,P1-reconstruido,Fila 1
9,15,9,1.0,East2,P1-reconstruido,Fila 1
9,15,10,0.7859,East2,P1-reconstruido,Fila 1
9,15,11,0.101,East2,P1-reconstruido,Fila 1
9,15,12,0.0,East2,P1-reconstruido,Fila 1
9,15,13,0.0,East2,P1-reconstruido,Fila 1
9,15,14,0.7895,East2,P1-reconstruido,Fila 1
9,15,15,1.0,East2,P1-reconstruido,Fila 1
9,15,16,1.0,East2,P1-reconstruido,Fila 1
9,15,17,1.0,East2,P1-reconstruido,Fila 1
9,15,18,1.0,East2,P1-reconstruido,Fila 1
9,15,19,1.0,East2,P1-reconstruido,Fila 1
9,15,20,1.0,East2,P1-reconstruido,Fila 1
9,16,9,1.0,East2,P1-reconstruido,Fila 1
9,16,10,0.781,East2,P1-reconstruido,Fila 1
9,16,11,0.0934,East2,P1-reconstruido,Fila 1
9,16,12,0.0,East2,P1-reconstruido,Fila 1
9,16,13,0.0,East2,P1-reconstruido,Fila 1
9,16,14,0.7985,East2,P1-reconstruido,Fila 1
9,16,15,1.0,East2,P1-reconstruido,Fila 1
9,16,16,1.0,East2,P1-reconstruido,Fila 1
9,16,17,1.0,East2,P1-reconstruido,Fila 1
9,16,18,1.0,East2,P1-reconstruido,Fila 1
9,16,19,1.0,East2,P1-reconstruido,Fila 1
9,16,20,1.0,East2,P1-reconstruido,Fila 1
9,17,9,1.0,East2,P1-reconstruido,Fila 1
9,17,10,0.7763,East2,P1-reconstruido,Fila 1
9,17,11,0.0853,East2,P1-reconstruido,Fila 1
9,17,12,0.0,East2,P1-reconstruido,Fila 1
9,17,13,0.0,East2,P1-reconstruido,Fila 1
9,17,14,0.8073,East2,P1-reconstruido,Fila 1
9,17,15,1.0,East2,P1-reconstruido,Fila 1
9,17,16,1.0,East2,P1-reconstruido,Fila 1
9,17,17,1.0,East2,P1-reconstruido,Fila 1
9,17,18,1.0,East2,P1-reconstruido,Fila 1
9,17,19,1.0,East2,P1-reconstruido,Fila 1
9,17,20,1.0,East2,P1-reconstruido,Fila 1
9,18,9,1.0,East2,P1-reconstruido,Fila 1
9,18,10,0.7719,East2,P1-reconstruido,Fila 1
9,18,11,0.0766,East2,P1-reconstruido,Fila 1
9,18,12,0.0,East2,P1-reconstruido,Fila 1
9,18,13,0.0,East2,P1-reconstruido,Fila 1
9,18,14,0.8161,East2,P1-reconstruido,Fila 1
9,18,15,1.0,East2,P1-reconstruido,Fila 1
9,18,16,1.0,East2,P1-reconstruido,Fila 1
9,18,17,1.0,East2,P1-reconstruido,Fila 1
9,18,18,1.0,East2,P1-reconstruido,Fila 1
9,18,19,1.0,East2,P1-reconstruido,Fila 1
9,18,20,1.0,East2,P1-reconstruido,Fila 1
9,19,9,1.0,East2,P1-reconstruido,Fila 1
9,19,10,0.7677,East2,P1-reconstruido,Fila 1
9,19,11,0.0675,East2,P1-reconstruido,Fila 1
9,19,12,0.0,East2,P1-reconstruido,Fila 1
9,19,13,0.0,East2,P1-reconstruido,Fila 1
9,19,14,0.8246,East2,P1-reconstruido,Fila 1
9,19,15,1.0,East2,P1-reconstruido,Fila 1
9,19,16,1.0,East2,P1-reconstruido,Fila 1
9,19,17,1.0,East2,P1-reconstruido,Fila 1
9,19,18,1.0,East2,P1-reconstruido,Fila 1
9,19,19,1.0,East2,P1-reconstruido,Fila 1
9,19,20,1.0,East2,P1-reconstruido,Fila 1
9,20,9,1.0,East2,P1-reconstruido,Fila 1
9,20,10,0.7638,East2,P1-reconstruido,Fila 1
9,20,11,0.0629,East2,P1-reconstruido,Fila 1
9,20,12,0.0,East2,P1-reconstruido,Fila 1
9,20,13,0.0,East2,P1-reconstruido,Fila 1
9,20,14,0.833,East2,P1-reconstruido,Fila 1
9,20,15,1.0,East2,P1-reconstruido,Fila 1
9,20,16,1.0,East2,P1-reconstruido,Fila 1
9,20,17,1.0,East2,P1-reconstruido,Fila 1
9,20,18,1.0,East2,P1-reconstruido,Fila 1
9,20,19,1.0,East2,P1-reconstruido,Fila 1
9,20,20,1.0,East2,P1-reconstruido,Fila 1
9,21,9,1.0,East2,P1-reconstruido,Fila 1
9,21,10,0.7602,East2,P1-reconstruido,Fila 1
9,21,11,0.0636,East2,P1-reconstruido,Fila 1
9,21,12,0.0,East2,P1-reconstruido,Fila 1
9,21,13,0.0,East2,P1-reconstruido,Fila 1
9,21,14,0.8413,East2,P1-reconstruido,Fila 1
9,21,15,1.0,East2,P1-reconstruido,Fila 1
9,21,16,1.0,East2,P1-reconstruido,Fila 1
9,21,17,1.0,East2,P1-reconstruido,Fila 1
9,21,18,1.0,East2,P1-reconstruido,Fila 1
9,21,19,1.0,East2,P1-reconstruido,Fila 1
9,21,20,1.0,East2,P1-reconstruido,Fila 1
9,22,9,1.0,East2,P1-reconstruido,Fila 1
9,22,10,0.7568,East2,P1-reconstruido,Fila 1
9,22,11,0.0641,East2,P1-reconstruido,Fila 1
9,22,12,0.0,East2,P1-reconstruido,Fila 1
9,22,13,0.0,East2,P1-reconstruido,Fila 1
9,22,14,0.8494,East2,P1-reconstruido,Fila 1
9,22,15,1.0,East2,P1-reconstruido,Fila 1
9,22,16,1.0,East2,P1-reconstruido,Fila 1
9,22,17,1.0,East2,P1-reconstruido,Fila 1
9,22,18,1.0,East2,P1-reconstruido,Fila 1
9,22,19,1.0,East2,P1-reconstruido,Fila 1
9,22,20,1.0,East2,P1-reconstruido,Fila 1
9,23,9,1.0,East2,P1-reconstruido,Fila 1
9,23,10,0.7537,East2,P1-reconstruido,Fila 1
9,23,11,0.0646,East2,P1-reconstruido,Fila 1
9,23,12,0.0,East2,P1-reconstruido,Fila 1
9,23,13,0.0,East2,P1-reconstruido,Fila 1
9,23,14,0.8574,East2,P1-reconstruido,Fila 1
9,23,15,1.0,East2,P1-reconstruido,Fila 1
9,23,16,1.0,East2,P1-reconstruido,Fila 1
9,23,17,1.0,East2,P1-reconstruido,Fila 1
9,23,18,1.0,East2,P1-reconstruido,Fila 1
9,23,19,1.0,East2,P1-reconstruido,Fila 1
9,23,20,1.0,East2,P1-reconstruido,Fila 1
9,24,9,1.0,East2,P1-reconstruido,Fila 1
9,24,10,0.7509,East2,P1-reconstruido,Fila 1
9,24,11,0.0651,East2,P1-reconstruido,Fila 1
9,24,12,0.0001,East2,P1-reconstruido,Fila 1
9,24,13,0.0,East2,P1-reconstruido,Fila 1
9,24,14,0.8652,East2,P1-reconstruido,Fila 1
9,24,15,1.0,East2,P1-reconstruido,Fila 1
9,24,16,1.0,East2,P1-reconstruido,Fila 1
9,24,17,1.0,East2,P1-reconstruido,Fila 1
9,24,18,1.0,East2,P1-reconstruido,Fila 1
9,24,19,1.0,East2,P1-reconstruido,Fila 1
9,24,20,1.0,East2,P1-reconstruido,Fila 1
9,25,9,1.0,East2,P1-reconstruido,Fila 1
9,25,10,0.7483,East2,P1-reconstruido,Fila 1
9,25,11,0.0655,East2,P1-reconstruido,Fila 1
9,25,12,0.0004,East2,P1-reconstruido,Fila 1
9,25,13,0.0,East2,P1-reconstruido,Fila 1
9,25,14,0.8729,East2,P1-reconstruido,Fila 1
9,25,15,1.0,East2,P1-reconstruido,Fila 1
9,25,16,1.0,East2,P1-reconstruido,Fila 1
9,25,17,1.0,East2,P1-reconstruido,Fila 1
9,25,18,1.0,East2,P1-reconstruido,Fila 1
9,25,19,1.0,East2,P1-reconstruido,Fila 1
9,25,20,1.0,East2,P1-reconstruido,Fila 1
9,26,9,1.0,East2,P1-reconstruido,Fila 1
9,26,10,0.7461,East2,P1-reconstruido,Fila 1
9,26,11,0.0658,East2,P1-reconstruido,Fila 1
9,26,12,0.0007,East2,P1-reconstruido,Fila 1
9,26,13,0.0,East2,P1-reconstruido,Fila 1
9,26,14,0.8803,East2,P1-reconstruido,Fila 1
9,26,15,1.0,East2,P1-reconstruido,Fila 1
9,26,16,1.0,East2,P1-reconstruido,Fila 1
9,26,17,1.0,East2,P1-reconstruido,Fila 1
9,26,18,1.0,East2,P1-reconstruido,Fila 1
9,26,19,1.0,East2,P1-reconstruido,Fila 1
9,27,9,0.9999,East2,P1-reconstruido,Fila 1
9,27,10,0.7441,East2,P1-reconstruido,Fila 1
9,27,11,0.0662,East2,P1-reconstruido,Fila 1
9,27,12,0.0008,East2,P1-reconstruido,Fila 1
9,27,13,0.0,East2,P1-reconstruido,Fila 1
9,27,14,0.8876,East2,P1-reconstruido,Fila 1
9,27,15,1.0,East2,P1-reconstruido,Fila 1
9,27,16,1.0,East2,P1-reconstruido,Fila 1
9,27,17,1.0,East2,P1-reconstruido,Fila 1
9,27,18,1.0,East2,P1-reconstruido,Fila 1
9,27,19,1.0,East2,P1-reconstruido,Fila 1
9,28,9,0.999,East2,P1-reconstruido,Fila 1
9,28,10,0.7425,East2,P1-reconstruido,Fila 1
9,28,11,0.0664,East2,P1-reconstruido,Fila 1
9,28,12,0.0009,East2,P1-reconstruido,Fila 1
9,28,13,0.0,East2,P1-reconstruido,Fila 1
9,28,14,0.8948,East2,P1-reconstruido,Fila 1
9,28,15,1.0,East2,P1-reconstruido,Fila 1
9,28,16,1.0,East2,P1-reconstruido,Fila 1
9,28,17,1.0,East2,P1-reconstruido,Fila 1
9,28,18,1.0,East2,P1-reconstruido,Fila 1
9,28,19,1.0,East2,P1-reconstruido,Fila 1
9,29,9,0.9981,East2,P1-reconstruido,Fila 1
9,29,10,0.7391,East2,P1-reconstruido,Fila 1
9,29,11,0.0698,East2,P1-reconstruido,Fila 1
9,29,12,0.001,East2,P1-reconstruido,Fila 1
9,29,13,0.0,East2,P1-reconstruido,Fila 1
9,29,14,0.9018,East2,P1-reconstruido,Fila 1
9,29,15,1.0,East2,P1-reconstruido,Fila 1
9,29,16,1.0,East2,P1-reconstruido,Fila 1
9,29,17,1.0,East2,P1-reconstruido,Fila 1
9,29,18,1.0,East2,P1-reconstruido,Fila 1
9,29,19,1.0,East2,P1-reconstruido,Fila 1
9,30,9,0.9972,East2,P1-reconstruido,Fila 1
9,30,10,0.736,East2,P1-reconstruido,Fila 1
9,30,11,0.0773,East2,P1-reconstruido,Fila 1
9,30,12,0.0009,East2,P1-reconstruido,Fila 1
9,30,13,0.0,East2,P1-reconstruido,Fila 1
9,30,14,0.9085,East2,P1-reconstruido,Fila 1
9,30,15,1.0,East2,P1-reconstruido,Fila 1
9,30,16,1.0,East2,P1-reconstruido,Fila 1
9,30,17,1.0,East2,P1-reconstruido,Fila 1
9,30,18,1.0,East2,P1-reconstruido,Fila 1
9,30,19,1.0,East2,P1-reconstruido,Fila 1
10,1,9,0.9964,East2,P1-reconstruido,Fila 1
10,1,10,0.7334,East2,P1-reconstruido,Fila 1
10,1,11,0.0844,East2,P1-reconstruido,Fila 1
10,1,12,0.0008,East2,P1-reconstruido,Fila 1
10,1,13,0.0,East2,P1-reconstruido,Fila 1
10,1,14,0.9151,East2,P1-reconstruido,Fila 1
10,1,15,1.0,East2,P1-reconstruido,Fila 1
10,1,16,1.0,East2,P1-reconstruido,Fila 1
10,1,17,1.0,East2,P1-reconstruido,Fila 1
10,1,18,1.0,East2,P1-reconstruido,Fila 1
10,1,19,1.0,East2,P1-reconstruido,Fila 1
10,2,9,0.9956,East2,P1-reconstruido,Fila 1
10,2,10,0.7311,East2,P1-reconstruido,Fila 1
10,2,11,0.0912,East2,P1-reconstruido,Fila 1
10,2,12,0.0006,East2,P1-reconstruido,Fila 1
10,2,13,0.0,East2,P1-reconstruido,Fila 1
10,2,14,0.9216,East2,P1-reconstruido,Fila 1
10,2,15,1.0,East2,P1-reconstruido,Fila 1
10,2,16,1.0,East2,P1-reconstruido,Fila 1
10,2,17,1.0,East2,P1-reconstruido,Fila 1
10,2,18,1.0,East2,P1-reconstruido,Fila 1
10,2,19,1.0,East2,P1-reconstruido,Fila 1
10,3,9,0.9948,East2,P1-reconstruido,Fila 1
10,3,10,0.7292,East2,P1-reconstruido,Fila 1
10,3,11,0.0977,East2,P1-reconstruido,Fila 1
10,3,12,0.0003,East2,P1-reconstruido,Fila 1
10,3,13,0.0,East2,P1-reconstruido,Fila 1
10,3,14,0.9278,East2,P1-reconstruido,Fila 1
10,3,15,1.0,East2,P1-reconstruido,Fila 1
10,3,16,1.0,East2,P1-reconstruido,Fila 1
10,3,17,1.0,East2,P1-reconstruido,Fila 1
10,3,18,1.0,East2,P1-reconstruido,Fila 1
10,3,19,1.0,East2,P1-reconstruido,Fila 1
10,4,9,0.9942,East2,P1-reconstruido,Fila 1
10,4,10,0.7277,East2,P1-reconstruido,Fila 1
10,4,11,0.1038,East2,P1-reconstruido,Fila 1
10,4,12,0.0,East2,P1-reconstruido,Fila 1
10,4,13,0.0,East2,P1-reconstruido,Fila 1
10,4,14,0.9338,East2,P1-reconstruido,Fila 1
10,4,15,1.0,East2,P1-reconstruido,Fila 1
10,4,16,1.0,East2,P1-reconstruido,Fila 1
10,4,17,1.0,East2,P1-reconstruido,Fila 1
10,4,18,1.0,East2,P1-reconstruido,Fila 1
10,4,19,1.0,East2,P1-reconstruido,Fila 1
10,5,9,0.9935,East2,P1-reconstruido,Fila 1
10,5,10,0.7266,East2,P1-reconstruido,Fila 1
10,5,11,0.1096,East2,P1-reconstruido,Fila 1
10,5,12,0.0,East2,P1-reconstruido,Fila 1
10,5,13,0.0,East2,P1-reconstruido,Fila 1
10,5,14,0.9396,East2,P1-reconstruido,Fila 1
10,5,15,1.0,East2,P1-reconstruido,Fila 1
10,5,16,1.0,East2,P1-reconstruido,Fila 1
10,5,17,1.0,East2,P1-reconstruido,Fila 1
10,5,18,1.0,East2,P1-reconstruido,Fila 1
10,5,19,1.0,East2,P1-reconstruido,Fila 1
10,6,9,0.9929,East2,P1-reconstruido,Fila 1
10,6,10,0.726,East2,P1-reconstruido,Fila 1
10,6,11,0.1151,East2,P1-reconstruido,Fila 1
10,6,12,0.0,East2,P1-reconstruido,Fila 1
10,6,13,0.0,East2,P1-reconstruido,Fila 1
10,6,14,0.9453,East2,P1-reconstruido,Fila 1
10,6,15,1.0,East2,P1-reconstruido,Fila 1
10,6,16,1.0,East2,P1-reconstruido,Fila 1
10,6,17,1.0,East2,P1-reconstruido,Fila 1
10,6,18,1.0,East2,P1-reconstruido,Fila 1
10,6,19,1.0,East2,P1-reconstruido,Fila 1
10,7,9,0.9924,East2,P1-reconstruido,Fila 1
10,7,10,0.7257,East2,P1-reconstruido,Fila 1
10,7,11,0.1203,East2,P1-reconstruido,Fila 1
10,7,12,0.0,East2,P1-reconstruido,Fila 1
10,7,13,0.0,East2,P1-reconstruido,Fila 1
10,7,14,0.9507,East2,P1-reconstruido,Fila 1
10,7,15,1.0,East2,P1-reconstruido,Fila 1
10,7,16,1.0,East2,P1-reconstruido,Fila 1
10,7,17,1.0,East2,P1-reconstruido,Fila 1
10,7,18,1.0,East2,P1-reconstruido,Fila 1
10,7,19,1.0,East2,P1-reconstruido,Fila 1
10,8,9,0.9919,East2,P1-reconstruido,Fila 1
10,8,10,0.7258,East2,P1-reconstruido,Fila 1
10,8,11,0.1252,East2,P1-reconstruido,Fila 1
10,8,12,0.0,East2,P1-reconstruido,Fila 1
10,8,13,0.0,East2,P1-reconstruido,Fila 1
10,8,14,0.956,East2,P1-reconstruido,Fila 1
10,8,15,1.0,East2,P1-reconstruido,Fila 1
10,8,16,1.0,East2,P1-reconstruido,Fila 1
10,8,17,1.0,East2,P1-reconstruido,Fila 1
10,8,18,1.0,East2,P1-reconstruido,Fila 1
10,8,19,1.0,East2,P1-reconstruido,Fila 1
10,9,9,0.9914,East2,P1-reconstruido,Fila 1
10,9,10,0.7263,East2,P1-reconstruido,Fila 1
10,9,11,0.1297,East2,P1-reconstruido,Fila 1
10,9,12,0.0,East2,P1-reconstruido,Fila 1
10,9,13,0.0,East2,P1-reconstruido,Fila 1
10,9,14,0.961,East2,P1-reconstruido,Fila 1
10,9,15,1.0,East2,P1-reconstruido,Fila 1
10,9,16,1.0,East2,P1-reconstruido,Fila 1
10,9,17,1.0,East2,P1-reconstruido,Fila 1
10,9,18,1.0,East2,P1-reconstruido,Fila 1
10,9,19,1.0,East2,P1-reconstruido,Fila 1
10,10,9,0.991,East2,P1-reconstruido,Fila 1
10,10,10,0.7272,East2,P1-reconstruido,Fila 1
10,10,11,0.1339,East2,P1-reconstruido,Fila 1
10,10,12,0.0,East2,P1-reconstruido,Fila 1
10,10,13,0.0,East2,P1-reconstruido,Fila 1
10,10,14,0.9659,East2,P1-reconstruido,Fila 1
10,10,15,1.0,East2,P1-reconstruido,Fila 1
10,10,16,1.0,East2,P1-reconstruido,Fila 1
10,10,17,1.0,East2,P1-reconstruido,Fila 1
10,10,18,1.0,East2,P1-reconstruido,Fila 1
10,10,19,1.0,East2,P1-reconstruido,Fila 1
10,11,9,0.9906,East2,P1-reconstruido,Fila 1
10,11,10,0.7285,East2,P1-reconstruido,Fila 1
10,11,11,0.1379,East2,P1-reconstruido,Fila 1
10,11,12,0.0,East2,P1-reconstruido,Fila 1
10,11,13,0.0,East2,P1-reconstruido,Fila 1
10,11,14,0.9705,East2,P1-reconstruido,Fila 1
10,11,15,1.0,East2,P1-reconstruido,Fila 1
10,11,16,1.0,East2,P1-reconstruido,Fila 1
10,11,17,1.0,East2,P1-reconstruido,Fila 1
10,11,18,1.0,East2,P1-reconstruido,Fila 1
10,11,19,1.0,East2,P1-reconstruido,Fila 1
10,12,9,0.9903,East2,P1-reconstruido,Fila 1
10,12,10,0.7301,East2,P1-reconstruido,Fila 1
10,12,11,0.1415,East2,P1-reconstruido,Fila 1
10,12,12,0.0,East2,P1-reconstruido,Fila 1
10,12,13,0.0,East2,P1-reconstruido,Fila 1
10,12,14,0.975,East2,P1-reconstruido,Fila 1
10,12,15,1.0,East2,P1-reconstruido,Fila 1
10,12,16,1.0,East2,P1-reconstruido,Fila 1
10,12,17,1.0,East2,P1-reconstruido,Fila 1
10,12,18,1.0,East2,P1-reconstruido,Fila 1
10,12,19,1.0,East2,P1-reconstruido,Fila 1
10,13,9,0.99,East2,P1-reconstruido,Fila 1
10,13,10,0.7322,East2,P1-reconstruido,Fila 1
10,13,11,0.1449,East2,P1-reconstruido,Fila 1
10,13,12,0.0,East2,P1-reconstruido,Fila 1
10,13,13,0.0048,East2,P1-reconstruido,Fila 1
10,13,14,0.9792,East2,P1-reconstruido,Fila 1
10,13,15,1.0,East2,P1-reconstruido,Fila 1
10,13,16,1.0,East2,P1-reconstruido,Fila 1
10,13,17,1.0,East2,P1-reconstruido,Fila 1
10,13,18,1.0,East2,P1-reconstruido,Fila 1
10,13,19,1.0,East2,P1-reconstruido,Fila 1
10,14,9,0.9898,East2,P1-reconstruido,Fila 1
10,14,10,0.7346,East2,P1-reconstruido,Fila 1
10,14,11,0.1479,East2,P1-reconstruido,Fila 1
10,14,12,0.0,East2,P1-reconstruido,Fila 1
10,14,13,0.0147,East2,P1-reconstruido,Fila 1
10,14,14,0.9833,East2,P1-reconstruido,Fila 1
10,14,15,1.0,East2,P1-reconstruido,Fila 1
10,14,16,1.0,East2,P1-reconstruido,Fila 1
10,14,17,1.0,East2,P1-reconstruido,Fila 1
10,14,18,1.0,East2,P1-reconstruido,Fila 1
10,14,19,1.0,East2,P1-reconstruido,Fila 1
10,15,9,0.9896,East2,P1-reconstruido,Fila 1
10,15,10,0.7375,East2,P1-reconstruido,Fila 1
10,15,11,0.1507,East2,P1-reconstruido,Fila 1
10,15,12,0.0,East2,P1-reconstruido,Fila 1
10,15,13,0.0244,East2,P1-reconstruido,Fila 1
10,15,14,0.9871,East2,P1-reconstruido,Fila 1
10,15,15,1.0,East2,P1-reconstruido,Fila 1
10,15,16,1.0,East2,P1-reconstruido,Fila 1
10,15,17,1.0,East2,P1-reconstruido,Fila 1
10,15,18,1.0,East2,P1-reconstruido,Fila 1
10,15,19,1.0,East2,P1-reconstruido,Fila 1
10,16,9,0.9895,East2,P1-reconstruido,Fila 1
10,16,10,0.7406,East2,P1-reconstruido,Fila 1
10,16,11,0.1532,East2,P1-reconstruido,Fila 1
10,16,12,0.0,East2,P1-reconstruido,Fila 1
10,16,13,0.0339,East2,P1-reconstruido,Fila 1
10,16,14,0.9907,East2,P1-reconstruido,Fila 1
10,16,15,1.0,East2,P1-reconstruido,Fila 1
10,16,16,1.0,East2,P1-reconstruido,Fila 1
10,16,17,1.0,East2,P1-reconstruido,Fila 1
10,16,18,1.0,East2,P1-reconstruido,Fila 1
10,16,19,1.0,East2,P1-reconstruido,Fila 1
10,17,9,0.9894,East2,P1-reconstruido,Fila 1
10,17,10,0.7442,East2,P1-reconstruido,Fila 1
10,17,11,0.1554,East2,P1-reconstruido,Fila 1
10,17,12,0.0,East2,P1-reconstruido,Fila 1
10,17,13,0.043,East2,P1-reconstruido,Fila 1
10,17,14,0.9942,East2,P1-reconstruido,Fila 1
10,17,15,1.0,East2,P1-reconstruido,Fila 1
10,17,16,1.0,East2,P1-reconstruido,Fila 1
10,17,17,1.0,East2,P1-reconstruido,Fila 1
10,17,18,1.0,East2,P1-reconstruido,Fila 1
10,17,19,1.0,East2,P1-reconstruido,Fila 1
10,18,9,0.9893,East2,P1-reconstruido,Fila 1
10,18,10,0.7481,East2,P1-reconstruido,Fila 1
10,18,11,0.1574,East2,P1-reconstruido,Fila 1
10,18,12,0.0,East2,P1-reconstruido,Fila 1
10,18,13,0.0519,East2,P1-reconstruido,Fila 1
10,18,14,0.9974,East2,P1-reconstruido,Fila 1
10,18,15,1.0,East2,P1-reconstruido,Fila 1
10,18,16,1.0,East2,P1-reconstruido,Fila 1
10,18,17,1.0,East2,P1-reconstruido,Fila 1
10,18,18,1.0,East2,P1-reconstruido,Fila 1
10,18,19,1.0,East2,P1-reconstruido,Fila 1
10,19,9,0.9893,East2,P1-reconstruido,Fila 1
10,19,10,0.7524,East2,P1-reconstruido,Fila 1
10,19,11,0.1592,East2,P1-reconstruido,Fila 1
10,19,12,0.0,East2,P1-reconstruido,Fila 1
10,19,13,0.0605,East2,P1-reconstruido,Fila 1
10,19,14,1.0,East2,P1-reconstruido,Fila 1
10,19,15,1.0,East2,P1-reconstruido,Fila 1
10,19,16,1.0,East2,P1-reconstruido,Fila 1
10,19,17,1.0,East2,P1-reconstruido,Fila 1
10,19,18,1.0,East2,P1-reconstruido,Fila 1
10,19,19,1.0,East2,P1-reconstruido,Fila 1
10,20,9,0.9893,East2,P1-reconstruido,Fila 1
10,20,10,0.757,East2,P1-reconstruido,Fila 1
10,20,11,0.1606,East2,P1-reconstruido,Fila 1
10,20,12,0.0,East2,P1-reconstruido,Fila 1
10,20,13,0.0688,East2,P1-reconstruido,Fila 1
10,20,14,1.0,East2,P1-reconstruido,Fila 1
10,20,15,1.0,East2,P1-reconstruido,Fila 1
10,20,16,1.0,East2,P1-reconstruido,Fila 1
10,20,17,1.0,East2,P1-reconstruido,Fila 1
10,20,18,1.0,East2,P1-reconstruido,Fila 1
10,20,19,1.0,East2,P1-reconstruido,Fila 1
10,21,9,0.9894,East2,P1-reconstruido,Fila 1
10,21,10,0.762,East2,P1-reconstruido,Fila 1
10,21,11,0.1619,East2,P1-reconstruido,Fila 1
10,21,12,0.0,East2,P1-reconstruido,Fila 1
10,21,13,0.0769,East2,P1-reconstruido,Fila 1
10,21,14,1.0,East2,P1-reconstruido,Fila 1
10,21,15,1.0,East2,P1-reconstruido,Fila 1
10,21,16,1.0,East2,P1-reconstruido,Fila 1
10,21,17,1.0,East2,P1-reconstruido,Fila 1
10,21,18,1.0,East2,P1-reconstruido,Fila 1
10,21,19,1.0,East2,P1-reconstruido,Fila 1
10,22,9,0.9895,East2,P1-reconstruido,Fila 1
10,22,10,0.7673,East2,P1-reconstruido,Fila 1
10,22,11,0.1629,East2,P1-reconstruido,Fila 1
10,22,12,0.0,East2,P1-reconstruido,Fila 1
10,22,13,0.0846,East2,P1-reconstruido,Fila 1
10,22,14,1.0,East2,P1-reconstruido,Fila 1
10,22,15,1.0,East2,P1-reconstruido,Fila 1
10,22,16,1.0,East2,P1-reconstruido,Fila 1
10,22,17,1.0,East2,P1-reconstruido,Fila 1
10,22,18,1.0,East2,P1-reconstruido,Fila 1
10,22,19,1.0,East2,P1-reconstruido,Fila 1
10,23,9,0.9897,East2,P1-reconstruido,Fila 1
10,23,10,0.7729,East2,P1-reconstruido,Fila 1
10,23,11,0.1637,East2,P1-reconstruido,Fila 1
10,23,12,0.0,East2,P1-reconstruido,Fila 1
10,23,13,0.0921,East2,P1-reconstruido,Fila 1
10,23,14,1.0,East2,P1-reconstruido,Fila 1
10,23,15,1.0,East2,P1-reconstruido,Fila 1
10,23,16,1.0,East2,P1-reconstruido,Fila 1
10,23,17,1.0,East2,P1-reconstruido,Fila 1
10,23,18,1.0,East2,P1-reconstruido,Fila 1
10,23,19,1.0,East2,P1-reconstruido,Fila 1
10,24,9,0.9899,East2,P1-reconstruido,Fila 1
10,24,10,0.7789,East2,P1-reconstruido,Fila 1
10,24,11,0.1643,East2,P1-reconstruido,Fila 1
10,24,12,0.0,East2,P1-reconstruido,Fila 1
10,24,13,0.0993,East2,P1-reconstruido,Fila 1
10,24,14,1.0,East2,P1-reconstruido,Fila 1
10,24,15,1.0,East2,P1-reconstruido,Fila 1
10,24,16,1.0,East2,P1-reconstruido,Fila 1
10,24,17,1.0,East2,P1-reconstruido,Fila 1
10,24,18,1.0,East2,P1-reconstruido,Fila 1
10,24,19,1.0,East2,P1-reconstruido,Fila 1
10,25,9,0.9901,East2,P1-reconstruido,Fila 1
10,25,10,0.7852,East2,P1-reconstruido,Fila 1
10,25,11,0.1646,East2,P1-reconstruido,Fila 1
10,25,12,0.0,East2,P1-reconstruido,Fila 1
10,25,13,0.1063,East2,P1-reconstruido,Fila 1
10,25,14,1.0,East2,P1-reconstruido,Fila 1
10,25,15,1.0,East2,P1-reconstruido,Fila 1
10,25,16,1.0,East2,P1-reconstruido,Fila 1
10,25,17,1.0,East2,P1-reconstruido,Fila 1
10,25,18,1.0,East2,P1-reconstruido,Fila 1
10,25,19,1.0,East2,P1-reconstruido,Fila 1
10,26,9,0.9904,East2,P1-reconstruido,Fila 1
10,26,10,0.7917,East2,P1-reconstruido,Fila 1
10,26,11,0.1648,East2,P1-reconstruido,Fila 1
10,26,12,0.0,East2,P1-reconstruido,Fila 1
10,26,13,0.1129,East2,P1-reconstruido,Fila 1
10,26,14,1.0,East2,P1-reconstruido,Fila 1
10,26,15,1.0,East2,P1-reconstruido,Fila 1
10,26,16,1.0,East2,P1-reconstruido,Fila 1
10,26,17,1.0,East2,P1-reconstruido,Fila 1
10,26,18,1.0,East2,P1-reconstruido,Fila 1
10,26,19,1.0,East2,P1-reconstruido,Fila 1
10,27,9,0.9907,East2,P1-reconstruido,Fila 1
10,27,10,0.7978,East2,P1-reconstruido,Fila 1
10,27,11,0.1648,East2,P1-reconstruido,Fila 1
10,27,12,0.0,East2,P1-reconstruido,Fila 1
10,27,13,0.1193,East2,P1-reconstruido,Fila 1
10,27,14,1.0,East2,P1-reconstruido,Fila 1
10,27,15,1.0,East2,P1-reconstruido,Fila 1
10,27,16,1.0,East2,P1-reconstruido,Fila 1
10,27,17,1.0,East2,P1-reconstruido,Fila 1
10,27,18,1.0,East2,P1-reconstruido,Fila 1
10,27,19,1.0,East2,P1-reconstruido,Fila 1
10,28,9,0.991,East2,P1-reconstruido,Fila 1
10,28,10,0.7972,East2,P1-reconstruido,Fila 1
10,28,11,0.1647,East2,P1-reconstruido,Fila 1
10,28,12,0.0,East2,P1-reconstruido,Fila 1
10,28,13,0.1254,East2,P1-reconstruido,Fila 1
10,28,14,1.0,East2,P1-reconstruido,Fila 1
10,28,15,1.0,East2,P1-reconstruido,Fila 1
10,28,16,1.0,East2,P1-reconstruido,Fila 1
10,28,17,1.0,East2,P1-reconstruido,Fila 1
10,28,18,1.0,East2,P1-reconstruido,Fila 1
10,28,19,1.0,East2,P1-reconstruido,Fila 1
10,29,8,0.9914,East2,P1-reconstruido,Fila 1
10,29,9,0.7966,East2,P1-reconstruido,Fila 1
10,29,10,0.1644,East2,P1-reconstruido,Fila 1
10,29,11,0.0,East2,P1-reconstruido,Fila 1
10,29,12,0.1313,East2,P1-reconstruido,Fila 1
10,29,13,1.0,East2,P1-reconstruido,Fila 1
10,29,14,1.0,East2,P1-reconstruido,Fila 1
10,29,15,1.0,East2,P1-reconstruido,Fila 1
10,29,16,1.0,East2,P1-reconstruido,Fila 1
10,29,17,1.0,East2,P1-reconstruido,Fila 1
10,29,18,1.0,East2,P1-reconstruido,Fila 1
10,30,8,0.9918,East2,P1-reconstruido,Fila 1
10,30,9,0.7959,East2,P1-reconstruido,Fila 1
10,30,10,0.1639,East2,P1-reconstruido,Fila 1
10,30,11,0.0,East2,P1-reconstruido,Fila 1
10,30,12,0.1368,East2,P1-reconstruido,Fila 1
10,30,13,1.0,East2,P1-reconstruido,Fila 1
10,30,14,1.0,East2,P1-reconstruido,Fila 1
10,30,15,1.0,East2,P1-reconstruido,Fila 1
10,30,16,1.0,East2,P1-reconstruido,Fila 1
10,30,17,1.0,East2,P1-reconstruido,Fila 1
10,30,18,1.0,East2,P1-reconstruido,Fila 1
10,31,8,0.9922,East2,P1-reconstruido,Fila 1
10,31,9,0.7953,East2,P1-reconstruido,Fila 1
10,31,10,0.1633,East2,P1-reconstruido,Fila 1
10,31,11,0.0,East2,P1-reconstruido,Fila 1
10,31,12,0.1421,East2,P1-reconstruido,Fila 1
10,31,13,1.0,East2,P1-reconstruido,Fila 1
10,31,14,1.0,East2,P1-reconstruido,Fila 1
10,31,15,1.0,East2,P1-reconstruido,Fila 1
10,31,16,1.0,East2,P1-reconstruido,Fila 1
10,31,17,1.0,East2,P1-reconstruido,Fila 1
10,31,18,1.0,East2,P1-reconstruido,Fila 1
11,1,8,0.9927,East2,P1-reconstruido,Fila 1
11,1,9,0.7946,East2,P1-reconstruido,Fila 1
11,1,10,0.1626,East2,P1-reconstruido,Fila 1
11,1,11,0.0,East2,P1-reconstruido,Fila 1
11,1,12,0.1471,East2,P1-reconstruido,Fila 1
11,1,13,1.0,East2,P1-reconstruido,Fila 1
11,1,14,1.0,East2,P1-reconstruido,Fila 1
11,1,15,1.0,East2,P1-reconstruido,Fila 1
11,1,16,1.0,East2,P1-reconstruido,Fila 1
11,1,17,1.0,East2,P1-reconstruido,Fila 1
11,1,18,1.0,East2,P1-reconstruido,Fila 1
11,2,8,0.9932,East2,P1-reconstruido,Fila 1
11,2,9,0.7939,East2,P1-reconstruido,Fila 1
11,2,10,0.1617,East2,P1-reconstruido,Fila 1
11,2,11,0.0,East2,P1-reconstruido,Fila 1
11,2,12,0.1518,East2,P1-reconstruido,Fila 1
11,2,13,1.0,East2,P1-reconstruido,Fila 1
11,2,14,1.0,East2,P1-reconstruido,Fila 1
11,2,15,1.0,East2,P1-reconstruido,Fila 1
11,2,16,1.0,East2,P1-reconstruido,Fila 1
11,2,17,1.0,East2,P1-reconstruido,Fila 1
11,2,18,1.0,East2,P1-reconstruido,Fila 1
11,3,8,0.9937,East2,P1-reconstruido,Fila 1
11,3,9,0.7932,East2,P1-reconstruido,Fila 1
11,3,10,0.1608,East2,P1-reconstruido,Fila 1
11,3,11,0.0,East2,P1-reconstruido,Fila 1
11,3,12,0.1562,East2,P1-reconstruido,Fila 1
11,3,13,1.0,East2,P1-reconstruido,Fila 1
11,3,14,1.0,East2,P1-reconstruido,Fila 1
11,3,15,1.0,East2,P1-reconstruido,Fila 1
11,3,16,1.0,East2,P1-reconstruido,Fila 1
11,3,17,1.0,East2,P1-reconstruido,Fila 1
11,3,18,1.0,East2,P1-reconstruido,Fila 1
11,4,8,0.9943,East2,P1-reconstruido,Fila 1
11,4,9,0.7926,East2,P1-reconstruido,Fila 1
11,4,10,0.1598,East2,P1-reconstruido,Fila 1
11,4,11,0.0,East2,P1-reconstruido,Fila 1
11,4,12,0.1604,East2,P1-reconstruido,Fila 1
11,4,13,1.0,East2,P1-reconstruido,Fila 1
11,4,14,1.0,East2,P1-reconstruido,Fila 1
11,4,15,1.0,East2,P1-reconstruido,Fila 1
11,4,16,1.0,East2,P1-reconstruido,Fila 1
11,4,17,1.0,East2,P1-reconstruido,Fila 1
11,4,18,1.0,East2,P1-reconstruido,Fila 1
11,5,8,0.9948,East2,P1-reconstruido,Fila 1
11,5,9,0.792,East2,P1-reconstruido,Fila 1
11,5,10,0.1587,East2,P1-reconstruido,Fila 1
11,5,11,0.0,East2,P1-reconstruido,Fila 1
11,5,12,0.1643,East2,P1-reconstruido,Fila 1
11,5,13,1.0,East2,P1-reconstruido,Fila 1
11,5,14,1.0,East2,P1-reconstruido,Fila 1
11,5,15,1.0,East2,P1-reconstruido,Fila 1
11,5,16,1.0,East2,P1-reconstruido,Fila 1
11,5,17,1.0,East2,P1-reconstruido,Fila 1
11,6,8,0.9954,East2,P1-reconstruido,Fila 1
11,6,9,0.7914,East2,P1-reconstruido,Fila 1
11,6,10,0.1575,East2,P1-reconstruido,Fila 1
11,6,11,0.0,East2,P1-reconstruido,Fila 1
11,6,12,0.1678,East2,P1-reconstruido,Fila 1
11,6,13,1.0,East2,P1-reconstruido,Fila 1
11,6,14,1.0,East2,P1-reconstruido,Fila 1
11,6,15,1.0,East2,P1-reconstruido,Fila 1
11,6,16,1.0,East2,P1-reconstruido,Fila 1
11,6,17,1.0,East2,P1-reconstruido,Fila 1
11,7,8,0.996,East2,P1-reconstruido,Fila 1
11,7,9,0.7908,East2,P1-reconstruido,Fila 1
11,7,10,0.1561,East2,P1-reconstruido,Fila 1
11,7,11,0.0,East2,P1-reconstruido,Fila 1
11,7,12,0.1712,East2,P1-reconstruido,Fila 1
11,7,13,1.0,East2,P1-reconstruido,Fila 1
11,7,14,1.0,East2,P1-reconstruido,Fila 1
11,7,15,1.0,East2,P1-reconstruido,Fila 1
11,7,16,1.0,East2,P1-reconstruido,Fila 1
11,7,17,1.0,East2,P1-reconstruido,Fila 1
11,8,9,0.7903,East2,P1-reconstruido,Fila 1
11,8,10,0.1545,East2,P1-reconstruido,Fila 1
11,8,11,0.0,East2,P1-reconstruido,Fila 1
11,8,12,0.1742,East2,P1-reconstruido,Fila 1
11,8,13,1.0,East2,P1-reconstruido,Fila 1
11,8,14,1.0,East2,P1-reconstruido,Fila 1
11,8,15,1.0,East2,P1-reconstruido,Fila 1
11,8,16,1.0,East2,P1-reconstruido,Fila 1
11,8,17,1.0,East2,P1-reconstruido,Fila 1
11,9,9,0.7899,East2,P1-reconstruido,Fila 1
11,9,10,0.153,East2,P1-reconstruido,Fila 1
11,9,11,0.0,East2,P1-reconstruido,Fila 1
11,9,12,0.177,East2,P1-reconstruido,Fila 1
11,9,13,1.0,East2,P1-reconstruido,Fila 1
11,9,14,1.0,East2,P1-reconstruido,Fila 1
11,9,15,1.0,East2,P1-reconstruido,Fila 1
11,9,16,1.0,East2,P1-reconstruido,Fila 1
11,9,17,1.0,East2,P1-reconstruido,Fila 1
11,10,9,0.7895,East2,P1-reconstruido,Fila 1
11,10,10,0.1514,East2,P1-reconstruido,Fila 1
11,10,11,0.0,East2,P1-reconstruido,Fila 1
11,10,12,0.1795,East2,P1-reconstruido,Fila 1
11,10,13,1.0,East2,P1-reconstruido,Fila 1
11,10,14,1.0,East2,P1-reconstruido,Fila 1
11,10,15,1.0,East2,P1-reconstruido,Fila 1
11,10,16,1.0,East2,P1-reconstruido,Fila 1
11,10,17,1.0,East2,P1-reconstruido,Fila 1
11,11,9,0.7892,East2,P1-reconstruido,Fila 1
11,11,10,0.1499,East2,P1-reconstruido,Fila 1
11,11,11,0.0,East2,P1-reconstruido,Fila 1
11,11,12,0.1818,East2,P1-reconstruido,Fila 1
11,11,13,1.0,East2,P1-reconstruido,Fila 1
11,11,14,1.0,East2,P1-reconstruido,Fila 1
11,11,15,1.0,East2,P1-reconstruido,Fila 1
11,11,16,1.0,East2,P1-reconstruido,Fila 1
11,11,17,1.0,East2,P1-reconstruido,Fila 1
11,12,9,0.7834,East2,P1-reconstruido,Fila 1
11,12,10,0.1484,East2,P1-reconstruido,Fila 1
11,12,11,0.0,East2,P1-reconstruido,Fila 1
11,12,12,0.1837,East2,P1-reconstruido,Fila 1
11,12,13,1.0,East2,P1-reconstruido,Fila 1
11,12,14,1.0,East2,P1-reconstruido,Fila 1
11,12,15,1.0,East2,P1-reconstruido,Fila 1
11,12,16,1.0,East2,P1-reconstruido,Fila 1
11,12,17,1.0,East2,P1-reconstruido,Fila 1
11,13,9,0.7776,East2,P1-reconstruido,Fila 1
11,13,10,0.1468,East2,P1-reconstruido,Fila 1
11,13,11,0.0,East2,P1-reconstruido,Fila 1
11,13,12,0.1854,East2,P1-reconstruido,Fila 1
11,13,13,1.0,East2,P1-reconstruido,Fila 1
11,13,14,1.0,East2,P1-reconstruido,Fila 1
11,13,15,1.0,East2,P1-reconstruido,Fila 1
11,13,16,1.0,East2,P1-reconstruido,Fila 1
11,13,17,1.0,East2,P1-reconstruido,Fila 1
11,14,9,0.7721,East2,P1-reconstruido,Fila 1
11,14,10,0.1454,East2,P1-reconstruido,Fila 1
11,14,11,0.0,East2,P1-reconstruido,Fila 1
11,14,12,0.1869,East2,P1-reconstruido,Fila 1
11,14,13,1.0,East2,P1-reconstruido,Fila 1
11,14,14,1.0,East2,P1-reconstruido,Fila 1
11,14,15,1.0,East2,P1-reconstruido,Fila 1
11,14,16,1.0,East2,P1-reconstruido,Fila 1
11,14,17,1.0,East2,P1-reconstruido,Fila 1
11,15,9,0.7669,East2,P1-reconstruido,Fila 1
11,15,10,0.144,East2,P1-reconstruido,Fila 1
11,15,11,0.0,East2,P1-reconstruido,Fila 1
11,15,12,0.1881,East2,P1-reconstruido,Fila 1
11,15,13,1.0,East2,P1-reconstruido,Fila 1
11,15,14,1.0,East2,P1-reconstruido,Fila 1
11,15,15,1.0,East2,P1-reconstruido,Fila 1
11,15,16,1.0,East2,P1-reconstruido,Fila 1
11,15,17,1.0,East2,P1-reconstruido,Fila 1
11,16,9,0.762,East2,P1-reconstruido,Fila 1
11,16,10,0.1426,East2,P1-reconstruido,Fila 1
11,16,11,0.0,East2,P1-reconstruido,Fila 1
11,16,12,0.189,East2,P1-reconstruido,Fila 1
11,16,13,1.0,East2,P1-reconstruido,Fila 1
11,16,14,1.0,East2,P1-reconstruido,Fila 1
11,16,15,1.0,East2,P1-reconstruido,Fila 1
11,16,16,1.0,East2,P1-reconstruido,Fila 1
11,16,17,1.0,East2,P1-reconstruido,Fila 1
11,17,9,0.7574,East2,P1-reconstruido,Fila 1
11,17,10,0.1413,East2,P1-reconstruido,Fila 1
11,17,11,0.0,East2,P1-reconstruido,Fila 1
11,17,12,0.1897,East2,P1-reconstruido,Fila 1
11,17,13,1.0,East2,P1-reconstruido,Fila 1
11,17,14,1.0,East2,P1-reconstruido,Fila 1
11,17,15,1.0,East2,P1-reconstruido,Fila 1
11,17,16,1.0,East2,P1-reconstruido,Fila 1
11,17,17,1.0,East2,P1-reconstruido,Fila 1
11,18,9,0.753,East2,P1-reconstruido,Fila 1
11,18,10,0.1401,East2,P1-reconstruido,Fila 1
11,18,11,0.0,East2,P1-reconstruido,Fila 1
11,18,12,0.1902,East2,P1-reconstruido,Fila 1
11,18,13,0.9991,East2,P1-reconstruido,Fila 1
11,18,14,1.0,East2,P1-reconstruido,Fila 1
11,18,15,1.0,East2,P1-reconstruido,Fila 1
11,18,16,1.0,East2,P1-reconstruido,Fila 1
11,18,17,1.0,East2,P1-reconstruido,Fila 1
11,19,9,0.749,East2,P1-reconstruido,Fila 1
11,19,10,0.1389,East2,P1-reconstruido,Fila 1
11,19,11,0.0,East2,P1-reconstruido,Fila 1
11,19,12,0.1904,East2,P1-reconstruido,Fila 1
11,19,13,0.9962,East2,P1-reconstruido,Fila 1
11,19,14,1.0,East2,P1-reconstruido,Fila 1
11,19,15,1.0,East2,P1-reconstruido,Fila 1
11,19,16,1.0,East2,P1-reconstruido,Fila 1
11,19,17,1.0,East2,P1-reconstruido,Fila 1
11,20,9,0.7453,East2,P1-reconstruido,Fila 1
11,20,10,0.1379,East2,P1-reconstruido,Fila 1
11,20,11,0.0,East2,P1-reconstruido,Fila 1
11,20,12,0.1903,East2,P1-reconstruido,Fila 1
11,20,13,0.9931,East2,P1-reconstruido,Fila 1
11,20,14,1.0,East2,P1-reconstruido,Fila 1
11,20,15,1.0,East2,P1-reconstruido,Fila 1
11,20,16,1.0,East2,P1-reconstruido,Fila 1
11,20,17,1.0,East2,P1-reconstruido,Fila 1
11,21,9,0.7419,East2,P1-reconstruido,Fila 1
11,21,10,0.137,East2,P1-reconstruido,Fila 1
11,21,11,0.0,East2,P1-reconstruido,Fila 1
11,21,12,0.1901,East2,P1-reconstruido,Fila 1
11,21,13,0.9898,East2,P1-reconstruido,Fila 1
11,21,14,1.0,East2,P1-reconstruido,Fila 1
11,21,15,1.0,East2,P1-reconstruido,Fila 1
11,21,16,1.0,East2,P1-reconstruido,Fila 1
11,21,17,1.0,East2,P1-reconstruido,Fila 1
11,22,9,0.7387,East2,P1-reconstruido,Fila 1
11,22,10,0.1361,East2,P1-reconstruido,Fila 1
11,22,11,0.0,East2,P1-reconstruido,Fila 1
11,22,12,0.1895,East2,P1-reconstruido,Fila 1
11,22,13,0.9864,East2,P1-reconstruido,Fila 1
11,22,14,1.0,East2,P1-reconstruido,Fila 1
11,22,15,1.0,East2,P1-reconstruido,Fila 1
11,22,16,1.0,East2,P1-reconstruido,Fila 1
11,22,17,1.0,East2,P1-reconstruido,Fila 1
11,23,9,0.7359,East2,P1-reconstruido,Fila 1
11,23,10,0.1354,East2,P1-reconstruido,Fila 1
11,23,11,0.0,East2,P1-reconstruido,Fila 1
11,23,12,0.1888,East2,P1-reconstruido,Fila 1
11,23,13,0.9829,East2,P1-reconstruido,Fila 1
11,23,14,1.0,East2,P1-reconstruido,Fila 1
11,23,15,1.0,East2,P1-reconstruido,Fila 1
11,23,16,1.0,East2,P1-reconstruido,Fila 1
11,23,17,1.0,East2,P1-reconstruido,Fila 1
11,24,9,0.7333,East2,P1-reconstruido,Fila 1
11,24,10,0.1348,East2,P1-reconstruido,Fila 1
11,24,11,0.0,East2,P1-reconstruido,Fila 1
11,24,12,0.1878,East2,P1-reconstruido,Fila 1
11,24,13,0.9792,East2,P1-reconstruido,Fila 1
11,24,14,1.0,East2,P1-reconstruido,Fila 1
11,24,15,1.0,East2,P1-reconstruido,Fila 1
11,24,16,1.0,East2,P1-reconstruido,Fila 1
11,24,17,1.0,East2,P1-reconstruido,Fila 1
11,25,9,0.731,East2,P1-reconstruido,Fila 1
11,25,10,0.1344,East2,P1-reconstruido,Fila 1
11,25,11,0.0,East2,P1-reconstruido,Fila 1
11,25,12,0.1866,East2,P1-reconstruido,Fila 1
11,25,13,0.9753,East2,P1-reconstruido,Fila 1
11,25,14,1.0,East2,P1-reconstruido,Fila 1
11,25,15,1.0,East2,P1-reconstruido,Fila 1
11,25,16,1.0,East2,P1-reconstruido,Fila 1
11,25,17,1.0,East2,P1-reconstruido,Fila 1
11,26,9,0.729,East2,P1-reconstruido,Fila 1
11,26,10,0.1341,East2,P1-reconstruido,Fila 1
11,26,11,0.0,East2,P1-reconstruido,Fila 1
11,26,12,0.1852,East2,P1-reconstruido,Fila 1
11,26,13,0.9713,East2,P1-reconstruido,Fila 1
11,26,14,1.0,East2,P1-reconstruido,Fila 1
11,26,15,1.0,East2,P1-reconstruido,Fila 1
11,26,16,1.0,East2,P1-reconstruido,Fila 1
11,26,17,1.0,East2,P1-reconstruido,Fila 1
11,27,9,0.7273,East2,P1-reconstruido,Fila 1
11,27,10,0.134,East2,P1-reconstruido,Fila 1
11,27,11,0.0,East2,P1-reconstruido,Fila 1
11,27,12,0.1835,East2,P1-reconstruido,Fila 1
11,27,13,0.9672,East2,P1-reconstruido,Fila 1
11,27,14,1.0,East2,P1-reconstruido,Fila 1
11,27,15,1.0,East2,P1-reconstruido,Fila 1
11,27,16,1.0,East2,P1-reconstruido,Fila 1
11,27,17,1.0,East2,P1-reconstruido,Fila 1
11,28,9,0.7258,East2,P1-reconstruido,Fila 1
11,28,10,0.134,East2,P1-reconstruido,Fila 1
11,28,11,0.0,East2,P1-reconstruido,Fila 1
11,28,12,0.1816,East2,P1-reconstruido,Fila 1
11,28,13,0.9629,East2,P1-reconstruido,Fila 1
11,28,14,1.0,East2,P1-reconstruido,Fila 1
11,28,15,1.0,East2,P1-reconstruido,Fila 1
11,28,16,1.0,East2,P1-reconstruido,Fila 1
11,28,17,1.0,East2,P1-reconstruido,Fila 1
11,29,9,0.7247,East2,P1-reconstruido,Fila 1
11,29,10,0.1341,East2,P1-reconstruido,Fila 1
11,29,11,0.0,East2,P1-reconstruido,Fila 1
11,29,12,0.1795,East2,P1-reconstruido,Fila 1
11,29,13,0.9585,East2,P1-reconstruido,Fila 1
11,29,14,1.0,East2,P1-reconstruido,Fila 1
11,29,15,1.0,East2,P1-reconstruido,Fila 1
11,29,16,1.0,East2,P1-reconstruido,Fila 1
11,29,17,1.0,East2,P1-reconstruido,Fila 1
11,30,9,0.7238,East2,P1-reconstruido,Fila 1
11,30,10,0.1345,East2,P1-reconstruido,Fila 1
11,30,11,0.0,East2,P1-reconstruido,Fila 1
11,30,12,0.1772,East2,P1-reconstruido,Fila 1
11,30,13,0.954,East2,P1-reconstruido,Fila 1
11,30,14,1.0,East2,P1-reconstruido,Fila 1
11,30,15,1.0,East2,P1-reconstruido,Fila 1
11,30,16,1.0,East2,P1-reconstruido,Fila 1
11,30,17,1.0,East2,P1-reconstruido,Fila 1
12,1,9,0.7232,East2,P1-reconstruido,Fila 1
12,1,10,0.135,East2,P1-reconstruido,Fila 1
12,1,11,0.0,East2,P1-reconstruido,Fila 1
12,1,12,0.1747,East2,P1-reconstruido,Fila 1
12,1,13,0.9493,East2,P1-reconstruido,Fila 1
12,1,14,1.0,East2,P1-reconstruido,Fila 1
12,1,15,1.0,East2,P1-reconstruido,Fila 1
12,1,16,1.0,East2,P1-reconstruido,Fila 1
12,1,17,1.0,East2,P1-reconstruido,Fila 1
12,2,9,0.7228,East2,P1-reconstruido,Fila 1
12,2,10,0.1357,East2,P1-reconstruido,Fila 1
12,2,11,0.0,East2,P1-reconstruido,Fila 1
12,2,12,0.172,East2,P1-reconstruido,Fila 1
12,2,13,0.9445,East2,P1-reconstruido,Fila 1
12,2,14,1.0,East2,P1-reconstruido,Fila 1
12,2,15,1.0,East2,P1-reconstruido,Fila 1
12,2,16,1.0,East2,P1-reconstruido,Fila 1
12,2,17,1.0,East2,P1-reconstruido,Fila 1
12,3,9,0.7227,East2,P1-reconstruido,Fila 1
12,3,10,0.1366,East2,P1-reconstruido,Fila 1
12,3,11,0.0,East2,P1-reconstruido,Fila 1
12,3,12,0.169,East2,P1-reconstruido,Fila 1
12,3,13,0.9396,East2,P1-reconstruido,Fila 1
12,3,14,1.0,East2,P1-reconstruido,Fila 1
12,3,15,1.0,East2,P1-reconstruido,Fila 1
12,3,16,1.0,East2,P1-reconstruido,Fila 1
12,3,17,1.0,East2,P1-reconstruido,Fila 1
12,4,9,0.7229,East2,P1-reconstruido,Fila 1
12,4,10,0.1377,East2,P1-reconstruido,Fila 1
12,4,11,0.0,East2,P1-reconstruido,Fila 1
12,4,12,0.1659,East2,P1-reconstruido,Fila 1
12,4,13,0.9346,East2,P1-reconstruido,Fila 1
12,4,14,1.0,East2,P1-reconstruido,Fila 1
12,4,15,1.0,East2,P1-reconstruido,Fila 1
12,4,16,1.0,East2,P1-reconstruido,Fila 1
12,4,17,1.0,East2,P1-reconstruido,Fila 1
12,5,9,0.7233,East2,P1-reconstruido,Fila 1
12,5,10,0.139,East2,P1-reconstruido,Fila 1
12,5,11,0.0,East2,P1-reconstruido,Fila 1
12,5,12,0.1625,East2,P1-reconstruido,Fila 1
12,5,13,0.9294,East2,P1-reconstruido,Fila 1
12,5,14,1.0,East2,P1-reconstruido,Fila 1
12,5,15,1.0,East2,P1-reconstruido,Fila 1
12,5,16,1.0,East2,P1-reconstruido,Fila 1
12,5,17,1.0,East2,P1-reconstruido,Fila 1
12,6,9,0.724,East2,P1-reconstruido,Fila 1
12,6,10,0.1405,East2,P1-reconstruido,Fila 1
12,6,11,0.0,East2,P1-reconstruido,Fila 1
12,6,12,0.159,East2,P1-reconstruido,Fila 1
12,6,13,0.9241,East2,P1-reconstruido,Fila 1
12,6,14,1.0,East2,P1-reconstruido,Fila 1
12,6,15,1.0,East2,P1-reconstruido,Fila 1
12,6,16,1.0,East2,P1-reconstruido,Fila 1
12,6,17,1.0,East2,P1-reconstruido,Fila 1
12,7,9,0.7249,East2,P1-reconstruido,Fila 1
12,7,10,0.1422,East2,P1-reconstruido,Fila 1
12,7,11,0.0,East2,P1-reconstruido,Fila 1
12,7,12,0.1552,East2,P1-reconstruido,Fila 1
12,7,13,0.9188,East2,P1-reconstruido,Fila 1
12,7,14,1.0,East2,P1-reconstruido,Fila 1
12,7,15,1.0,East2,P1-reconstruido,Fila 1
12,7,16,1.0,East2,P1-reconstruido,Fila 1
12,7,17,1.0,East2,P1-reconstruido,Fila 1
12,8,9,0.7261,East2,P1-reconstruido,Fila 1
12,8,10,0.1441,East2,P1-reconstruido,Fila 1
12,8,11,0.0,East2,P1-reconstruido,Fila 1
12,8,12,0.1513,East2,P1-reconstruido,Fila 1
12,8,13,0.9133,East2,P1-reconstruido,Fila 1
12,8,14,1.0,East2,P1-reconstruido,Fila 1
12,8,15,1.0,East2,P1-reconstruido,Fila 1
12,8,16,1.0,East2,P1-reconstruido,Fila 1
12,8,17,1.0,East2,P1-reconstruido,Fila 1
12,9,9,0.7276,East2,P1-reconstruido,Fila 1
12,9,10,0.1462,East2,P1-reconstruido,Fila 1
12,9,11,0.0,East2,P1-reconstruido,Fila 1
12,9,12,0.1472,East2,P1-reconstruido,Fila 1
12,9,13,0.9077,East2,P1-reconstruido,Fila 1
12,9,14,1.0,East2,P1-reconstruido,Fila 1
12,9,15,1.0,East2,P1-reconstruido,Fila 1
12,9,16,1.0,East2,P1-reconstruido,Fila 1
12,9,17,1.0,East2,P1-reconstruido,Fila 1
12,10,9,0.7292,East2,P1-reconstruido,Fila 1
12,10,10,0.1485,East2,P1-reconstruido,Fila 1
12,10,11,0.0,East2,P1-reconstruido,Fila 1
12,10,12,0.143,East2,P1-reconstruido,Fila 1
12,10,13,0.9021,East2,P1-reconstruido,Fila 1
12,10,14,1.0,East2,P1-reconstruido,Fila 1
12,10,15,1.0,East2,P1-reconstruido,Fila 1
12,10,16,1.0,East2,P1-reconstruido,Fila 1
12,10,17,1.0,East2,P1-reconstruido,Fila 1
12,11,9,0.7311,East2,P1-reconstruido,Fila 1
12,11,10,0.151,East2,P1-reconstruido,Fila 1
12,11,11,0.0,East2,P1-reconstruido,Fila 1
12,11,12,0.1385,East2,P1-reconstruido,Fila 1
12,11,13,0.8963,East2,P1-reconstruido,Fila 1
12,11,14,1.0,East2,P1-reconstruido,Fila 1
12,11,15,1.0,East2,P1-reconstruido,Fila 1
12,11,16,1.0,East2,P1-reconstruido,Fila 1
12,11,17,1.0,East2,P1-reconstruido,Fila 1
12,12,9,0.7333,East2,P1-reconstruido,Fila 1
12,12,10,0.1537,East2,P1-reconstruido,Fila 1
12,12,11,0.0,East2,P1-reconstruido,Fila 1
12,12,12,0.1339,East2,P1-reconstruido,Fila 1
12,12,13,0.8905,East2,P1-reconstruido,Fila 1
12,12,14,1.0,East2,P1-reconstruido,Fila 1
12,12,15,1.0,East2,P1-reconstruido,Fila 1
12,12,16,1.0,East2,P1-reconstruido,Fila 1
12,12,17,1.0,East2,P1-reconstruido,Fila 1
12,13,9,0.7357,East2,P1-reconstruido,Fila 1
12,13,10,0.1566,East2,P1-reconstruido,Fila 1
12,13,11,0.0,East2,P1-reconstruido,Fila 1
12,13,12,0.1291,East2,P1-reconstruido,Fila 1
12,13,13,0.8846,East2,P1-reconstruido,Fila 1
12,13,14,1.0,East2,P1-reconstruido,Fila 1
12,13,15,1.0,East2,P1-reconstruido,Fila 1
12,13,16,1.0,East2,P1-reconstruido,Fila 1
12,13,17,1.0,East2,P1-reconstruido,Fila 1
12,14,9,0.7383,East2,P1-reconstruido,Fila 1
12,14,10,0.1597,East2,P1-reconstruido,Fila 1
12,14,11,0.0,East2,P1-reconstruido,Fila 1
12,14,12,0.1242,East2,P1-reconstruido,Fila 1
12,14,13,0.8786,East2,P1-reconstruido,Fila 1
12,14,14,1.0,East2,P1-reconstruido,Fila 1
12,14,15,1.0,East2,P1-reconstruido,Fila 1
12,14,16,1.0,East2,P1-reconstruido,Fila 1
12,14,17,1.0,East2,P1-reconstruido,Fila 1
12,15,9,0.7411,East2,P1-reconstruido,Fila 1
12,15,10,0.1631,East2,P1-reconstruido,Fila 1
12,15,11,0.0,East2,P1-reconstruido,Fila 1
12,15,12,0.1191,East2,P1-reconstruido,Fila 1
12,15,13,0.8726,East2,P1-reconstruido,Fila 1
12,15,14,1.0,East2,P1-reconstruido,Fila 1
12,15,15,1.0,East2,P1-reconstruido,Fila 1
12,15,16,1.0,East2,P1-reconstruido,Fila 1
12,15,17,1.0,East2,P1-reconstruido,Fila 1
12,16,9,0.7441,East2,P1-reconstruido,Fila 1
12,16,10,0.1666,East2,P1-reconstruido,Fila 1
12,16,11,0.0,East2,P1-reconstruido,Fila 1
12,16,12,0.1139,East2,P1-reconstruido,Fila 1
12,16,13,0.8665,East2,P1-reconstruido,Fila 1
12,16,14,1.0,East2,P1-reconstruido,Fila 1
12,16,15,1.0,East2,P1-reconstruido,Fila 1
12,16,16,1.0,East2,P1-reconstruido,Fila 1
12,16,17,1.0,East2,P1-reconstruido,Fila 1
12,17,9,0.7474,East2,P1-reconstruido,Fila 1
12,17,10,0.1703,East2,P1-reconstruido,Fila 1
12,17,11,0.0,East2,P1-reconstruido,Fila 1
12,17,12,0.1085,East2,P1-reconstruido,Fila 1
12,17,13,0.8604,East2,P1-reconstruido,Fila 1
12,17,14,1.0,East2,P1-reconstruido,Fila 1
12,17,15,1.0,East2,P1-reconstruido,Fila 1
12,17,16,1.0,East2,P1-reconstruido,Fila 1
12,17,17,1.0,East2,P1-reconstruido,Fila 1
12,18,9,0.7508,East2,P1-reconstruido,Fila 1
12,18,10,0.1742,East2,P1-reconstruido,Fila 1
12,18,11,0.0,East2,P1-reconstruido,Fila 1
12,18,12,0.103,East2,P1-reconstruido,Fila 1
12,18,13,0.8542,East2,P1-reconstruido,Fila 1
12,18,14,1.0,East2,P1-reconstruido,Fila 1
12,18,15,1.0,East2,P1-reconstruido,Fila 1
12,18,16,1.0,East2,P1-reconstruido,Fila 1
12,18,17,1.0,East2,P1-reconstruido,Fila 1
12,19,9,0.7545,East2,P1-reconstruido,Fila 1
12,19,10,0.1783,East2,P1-reconstruido,Fila 1
12,19,11,0.0,East2,P1-reconstruido,Fila 1
12,19,12,0.0974,East2,P1-reconstruido,Fila 1
12,19,13,0.848,East2,P1-reconstruido,Fila 1
12,19,14,1.0,East2,P1-reconstruido,Fila 1
12,19,15,1.0,East2,P1-reconstruido,Fila 1
12,19,16,1.0,East2,P1-reconstruido,Fila 1
12,19,17,1.0,East2,P1-reconstruido,Fila 1
12,20,9,0.7583,East2,P1-reconstruido,Fila 1
12,20,10,0.1826,East2,P1-reconstruido,Fila 1
12,20,11,0.0,East2,P1-reconstruido,Fila 1
12,20,12,0.0916,East2,P1-reconstruido,Fila 1
12,20,13,0.8417,East2,P1-reconstruido,Fila 1
12,20,14,1.0,East2,P1-reconstruido,Fila 1
12,20,15,1.0,East2,P1-reconstruido,Fila 1
12,20,16,1.0,East2,P1-reconstruido,Fila 1
12,20,17,1.0,East2,P1-reconstruido,Fila 1
12,21,9,0.7624,East2,P1-reconstruido,Fila 1
12,21,10,0.187,East2,P1-reconstruido,Fila 1
12,21,11,0.0,East2,P1-reconstruido,Fila 1
12,21,12,0.0857,East2,P1-reconstruido,Fila 1
12,21,13,0.8354,East2,P1-reconstruido,Fila 1
12,21,14,1.0,East2,P1-reconstruido,Fila 1
12,21,15,1.0,East2,P1-reconstruido,Fila 1
12,21,16,1.0,East2,P1-reconstruido,Fila 1
12,21,17,1.0,East2,P1-reconstruido,Fila 1
12,22,9,0.7666,East2,P1-reconstruido,Fila 1
12,22,10,0.1916,East2,P1-reconstruido,Fila 1
12,22,11,0.0,East2,P1-reconstruido,Fila 1
12,22,12,0.0797,East2,P1-reconstruido,Fila 1
12,22,13,0.8291,East2,P1-reconstruido,Fila 1
12,22,14,1.0,East2,P1-reconstruido,Fila 1
12,22,15,1.0,East2,P1-reconstruido,Fila 1
12,22,16,1.0,East2,P1-reconstruido,Fila 1
12,22,17,1.0,East2,P1-reconstruido,Fila 1
12,23,9,0.771,East2,P1-reconstruido,Fila 1
12,23,10,0.1964,East2,P1-reconstruido,Fila 1
12,23,11,0.0,East2,P1-reconstruido,Fila 1
12,23,12,0.0736,East2,P1-reconstruido,Fila 1
12,23,13,0.8227,East2,P1-reconstruido,Fila 1
12,23,14,1.0,East2,P1-reconstruido,Fila 1
12,23,15,1.0,East2,P1-reconstruido,Fila 1
12,23,16,1.0,East2,P1-reconstruido,Fila 1
12,23,17,1.0,East2,P1-reconstruido,Fila 1
12,24,9,0.7756,East2,P1-reconstruido,Fila 1
12,24,10,0.2014,East2,P1-reconstruido,Fila 1
12,24,11,0.0,East2,P1-reconstruido,Fila 1
12,24,12,0.0674,East2,P1-reconstruido,Fila 1
12,24,13,0.8164,East2,P1-reconstruido,Fila 1
12,24,14,1.0,East2,P1-reconstruido,Fila 1
12,24,15,1.0,East2,P1-reconstruido,Fila 1
12,24,16,1.0,East2,P1-reconstruido,Fila 1
12,24,17,1.0,East2,P1-reconstruido,Fila 1
12,25,9,0.7804,East2,P1-reconstruido,Fila 1
12,25,10,0.2065,East2,P1-reconstruido,Fila 1
12,25,11,0.0,East2,P1-reconstruido,Fila 1
12,25,12,0.0611,East2,P1-reconstruido,Fila 1
12,25,13,0.81,East2,P1-reconstruido,Fila 1
12,25,14,1.0,East2,P1-reconstruido,Fila 1
12,25,15,1.0,East2,P1-reconstruido,Fila 1
12,25,16,1.0,East2,P1-reconstruido,Fila 1
12,25,17,1.0,East2,P1-reconstruido,Fila 1
12,26,9,0.7854,East2,P1-reconstruido,Fila 1
12,26,10,0.2117,East2,P1-reconstruido,Fila 1
12,26,11,0.0,East2,P1-reconstruido,Fila 1
12,26,12,0.0547,East2,P1-reconstruido,Fila 1
12,26,13,0.8036,East2,P1-reconstruido,Fila 1
12,26,14,1.0,East2,P1-reconstruido,Fila 1
12,26,15,1.0,East2,P1-reconstruido,Fila 1
12,26,16,1.0,East2,P1-reconstruido,Fila 1
12,26,17,1.0,East2,P1-reconstruido,Fila 1
12,27,9,0.7905,East2,P1-reconstruido,Fila 1
12,27,10,0.2171,East2,P1-reconstruido,Fila 1
12,27,11,0.0,East2,P1-reconstruido,Fila 1
12,27,12,0.0482,East2,P1-reconstruido,Fila 1
12,27,13,0.7972,East2,P1-reconstruido,Fila 1
12,27,14,1.0,East2,P1-reconstruido,Fila 1
12,27,15,1.0,East2,P1-reconstruido,Fila 1
12,27,16,1.0,East2,P1-reconstruido,Fila 1
12,27,17,1.0,East2,P1-reconstruido,Fila 1
12,28,9,0.7958,East2,P1-reconstruido,Fila 1
12,28,10,0.2226,East2,P1-reconstruido,Fila 1
12,28,11,0.0,East2,P1-reconstruido,Fila 1
12,28,12,0.0416,East2,P1-reconstruido,Fila 1
12,28,13,0.7908,East2,P1-reconstruido,Fila 1
12,28,14,1.0,East2,P1-reconstruido,Fila 1
12,28,15,1.0,East2,P1-reconstruido,Fila 1
12,28,16,1.0,East2,P1-reconstruido,Fila 1
12,28,17,1.0,East2,P1-reconstruido,Fila 1
12,29,9,0.8013,East2,P1-reconstruido,Fila 1
12,29,10,0.2282,East2,P1-reconstruido,Fila 1
12,29,11,0.0,East2,P1-reconstruido,Fila 1
12,29,12,0.035,East2,P1-reconstruido,Fila 1
12,29,13,0.7844,East2,P1-reconstruido,Fila 1
12,29,14,1.0,East2,P1-reconstruido,Fila 1
12,29,15,1.0,East2,P1-reconstruido,Fila 1
12,29,16,1.0,East2,P1-reconstruido,Fila 1
12,29,17,1.0,East2,P1-reconstruido,Fila 1
12,30,9,0.8069,East2,P1-reconstruido,Fila 1
12,30,10,0.234,East2,P1-reconstruido,Fila 1
12,30,11,0.0,East2,P1-reconstruido,Fila 1
12,30,12,0.0282,East2,P1-reconstruido,Fila 1
12,30,13,0.778,East2,P1-reconstruido,Fila 1
12,30,14,1.0,East2,P1-reconstruido,Fila 1
12,30,15,1.0,East2,P1-reconstruido,Fila 1
12,30,16,1.0,East2,P1-reconstruido,Fila 1
12,30,17,1.0,East2,P1-reconstruido,Fila 1
12,31,9,0.8127,East2,P1-reconstruido,Fila 1
12,31,10,0.2399,East2,P1-reconstruido,Fila 1
12,31,11,0.0,East2,P1-reconstruido,Fila 1
12,31,12,0.0214,East2,P1-reconstruido,Fila 1
12,31,13,0.7716,East2,P1-reconstruido,Fila 1
12,31,14,1.0,East2,P1-reconstruido,Fila 1
12,31,15,1.0,East2,P1-reconstruido,Fila 1
12,31,16,1.0,East2,P1-reconstruido,Fila 1
12,31,17,1.0,East2,P1-reconstruido,Fila 1
