# Alias OBJ Model File
# Exported from SketchUp, (c) 2000-2012 Trimble Navigation Limited
# File units = meters

mtllib SUBUD TESAUQUILLO teja fv ULT.mtl

g Mesh1 Group1 Model

usemtl White1
v -39.6033 5.86275 -10.9411
vt -63.3858 27.641
vn 0.000853686 -0.912053 -0.410071
v -39.6033 5.85275 -10.9302
vt -63.3858 27.0843
v -44.1533 5.8485 -10.9302
vt 115.748 27.0843
v -44.1533 5.8585 -10.9411
vt 115.748 27.641
f 1/1/1 2/2/1 3/3/1 4/4/1 

v -39.6033 5.89025 -10.0017
vt 2.89426 3.20839
vn 1 0.000936004 2.64367e-15
v -39.6033 5.85275 -10.025
vt 3.7379 1.73201
v -39.6033 5.85275 -10.1006
vt 6.48036 1.73201
v -39.6033 5.86275 -10.1115
vt 6.87406 2.12571
v -39.6033 5.86275 -10.1266
vt 7.42217 2.12571
v -39.6033 5.85275 -10.1374
vt 7.81587 1.73201
v -39.6033 5.85275 -10.2066
vt 10.3248 1.73201
v -39.6033 5.86275 -10.2175
vt 10.7185 2.12571
v -39.6033 5.86275 -10.2326
vt 11.2667 2.12571
v -39.6033 5.85275 -10.2434
vt 11.6604 1.73201
v -39.6033 5.85275 -10.3134
vt 14.1988 1.73201
v -39.6033 5.89475 -10.3395
vt 15.1436 3.38555
v -39.6033 5.89475 -10.3664
vt 16.1191 3.38555
v -39.6033 5.85275 -10.3924
vt 17.064 1.73201
v -39.6033 5.85275 -10.4624
vt 19.6024 1.73201
v -39.6033 5.86275 -10.4732
vt 19.9961 2.12571
v -39.6033 5.86275 -10.4884
vt 20.5462 2.12571
v -39.6033 5.85275 -10.4993
vt 20.9399 1.73201
v -39.6033 5.85275 -10.5683
vt 23.4449 1.73201
v -39.6033 5.86275 -10.5792
vt 23.8386 2.12571
v -39.6033 5.86275 -10.5944
vt 24.3887 2.12571
v -39.6033 5.85275 -10.6052
vt 24.7824 1.73201
v -39.6033 5.85275 -10.6752
vt 27.3208 1.73201
v -39.6033 5.89475 -10.7012
vt 28.2657 3.38555
v -39.6033 5.89475 -10.7281
vt 29.2412 3.38555
v -39.6033 5.85275 -10.7542
vt 30.186 1.73201
v -39.6033 5.85275 -10.8242
vt 32.7245 1.73201
v -39.6033 5.86275 -10.835
vt 33.1182 2.12571
v -39.6033 5.86275 -10.8502
vt 33.6682 2.12571
v -39.6033 5.85275 -10.8611
vt 34.0619 1.73201
vt 36.5709 1.73201
vt 36.9646 2.12571
v -39.6033 5.86275 -10.9562
vt 37.5147 2.12571
v -39.6033 5.85275 -10.9671
vt 37.9084 1.73201
v -39.6033 5.85275 -11.0341
vt 40.34 1.73201
v -39.6033 5.85275 -11.037
vt 40.4429 1.73201
v -39.6033 5.86063 -11.0419
vt 40.62 2.04205
v -39.6033 5.89475 -11.063
vt 41.3877 3.38555
v -39.6033 5.89475 -11.0899
vt 42.3632 3.38555
v -39.6033 5.89025 -11.0927
vt 42.4645 3.20839
v -39.6033 5.89025 -11.0983
vt 42.6685 3.20839
v -39.6033 5.89925 -11.0928
vt 42.466 3.56272
v -39.6033 5.89925 -11.0602
vt 41.2849 3.56272
v -39.6033 5.85725 -11.0341
vt 40.34 1.90917
v -39.6033 5.85725 -10.9691
vt 37.9818 1.90917
v -39.6033 5.86725 -10.9583
vt 37.5881 2.30288
v -39.6033 5.86725 -10.9391
vt 36.8912 2.30288
v -39.6033 5.85725 -10.9282
vt 36.4975 1.90917
v -39.6033 5.85725 -10.8631
vt 34.1353 1.90917
v -39.6033 5.86725 -10.8522
vt 33.7416 2.30288
v -39.6033 5.86725 -10.833
vt 33.0448 2.30288
v -39.6033 5.85725 -10.8222
vt 32.6511 1.90917
v -39.6033 5.85725 -10.757
vt 30.2889 1.90917
v -39.6033 5.89925 -10.731
vt 29.344 3.56272
v -39.6033 5.89925 -10.6984
vt 28.1629 3.56272
v -39.6033 5.85725 -10.6724
vt 27.218 1.90917
v -39.6033 5.85725 -10.6072
vt 24.8558 1.90917
v -39.6033 5.86725 -10.5964
vt 24.4621 2.30288
v -39.6033 5.86725 -10.5772
vt 23.7652 2.30288
v -39.6033 5.85725 -10.5663
vt 23.3715 1.90917
v -39.6033 5.85725 -10.5013
vt 21.0133 1.90917
v -39.6033 5.86725 -10.4904
vt 20.6196 2.30288
v -39.6033 5.86725 -10.4712
vt 19.9227 2.30288
v -39.6033 5.85725 -10.4604
vt 19.529 1.90917
v -39.6033 5.85725 -10.3952
vt 17.1668 1.90917
v -39.6033 5.89925 -10.3692
vt 16.2219 3.56272
v -39.6033 5.89925 -10.3366
vt 15.0408 3.56272
v -39.6033 5.85725 -10.3106
vt 14.0959 1.90917
v -39.6033 5.85725 -10.2455
vt 11.7337 1.90917
v -39.6033 5.86725 -10.2346
vt 11.34 2.30288
v -39.6033 5.86725 -10.2154
vt 10.6452 2.30288
v -39.6033 5.85725 -10.2046
vt 10.2515 1.90917
v -39.6033 5.85725 -10.1395
vt 7.88925 1.90917
v -39.6033 5.86725 -10.1286
vt 7.49555 2.30288
v -39.6033 5.86725 -10.1094
vt 6.80067 2.30288
v -39.6033 5.85725 -10.0986
vt 6.40697 1.90917
v -39.6033 5.85725 -10.0278
vt 3.84072 1.90917
v -39.6033 5.89475 -10.0046
vt 2.99707 3.38555
v -39.6033 5.89475 -9.97768
vt 2.0216 3.38555
v -39.6033 5.88125 -9.96931
vt 1.71788 2.85406
v -39.6033 5.88125 -9.97485
vt 1.91878 2.85406
v -39.6033 5.89025 -9.98051
vt 2.12441 3.20839
f 5/5/2 6/6/2 7/7/2 8/8/2 9/9/2 10/10/2 11/11/2 12/12/2 13/13/2 14/14/2 15/15/2 16/16/2 17/17/2 18/18/2 19/19/2 20/20/2 21/21/2 22/22/2 23/23/2 24/24/2 25/25/2 26/26/2 27/27/2 28/28/2 29/29/2 30/30/2 31/31/2 32/32/2 33/33/2 34/34/2 2/35/2 1/36/2 35/37/2 36/38/2 37/39/2 38/40/2 39/41/2 40/42/2 41/43/2 42/44/2 43/45/2 44/46/2 45/47/2 46/48/2 47/49/2 48/50/2 49/51/2 50/52/2 51/53/2 52/54/2 53/55/2 54/56/2 55/57/2 56/58/2 57/59/2 58/60/2 59/61/2 60/62/2 61/63/2 62/64/2 63/65/2 64/66/2 65/67/2 66/68/2 67/69/2 68/70/2 69/71/2 70/72/2 71/73/2 72/74/2 73/75/2 74/76/2 75/77/2 76/78/2 77/79/2 78/80/2 79/81/2 80/82/2 81/83/2 82/84/2 83/85/2 84/86/2 

usemtl M_0050_LemonChiffon
v -44.1533 5.886 -10.0017
vt -115.748 1.34971
vn 0.00043602 -0.465831 0.884873
v -44.1533 5.8485 -10.025
vt -115.748 -0.350714
vt 63.3858 -0.350714
vt 63.3858 1.34971
f 85/87/3 86/88/3 6/89/3 5/90/3 

usemtl FrontColor
v -44.1533 5.8905 -10.0046
vt -2.99707 3.38555
vn -1 -0.000936004 9.6748e-15
v -44.1533 5.853 -10.0278
vt -3.84072 1.90917
v -44.1533 5.853 -10.0986
vt -6.40697 1.90917
v -44.1533 5.863 -10.1094
vt -6.80067 2.30288
v -44.1533 5.863 -10.1286
vt -7.49555 2.30288
v -44.1533 5.853 -10.1395
vt -7.88925 1.90917
v -44.1533 5.853 -10.2046
vt -10.2515 1.90917
v -44.1533 5.863 -10.2154
vt -10.6452 2.30288
v -44.1533 5.863 -10.2346
vt -11.34 2.30288
v -44.1533 5.853 -10.2455
vt -11.7337 1.90917
v -44.1533 5.853 -10.3106
vt -14.0959 1.90917
v -44.1533 5.895 -10.3366
vt -15.0408 3.56272
v -44.1533 5.895 -10.3692
vt -16.2219 3.56272
v -44.1533 5.853 -10.3952
vt -17.1668 1.90917
v -44.1533 5.853 -10.4604
vt -19.529 1.90917
v -44.1533 5.863 -10.4712
vt -19.9227 2.30288
v -44.1533 5.863 -10.4904
vt -20.6196 2.30288
v -44.1533 5.853 -10.5013
vt -21.0133 1.90917
v -44.1533 5.853 -10.5663
vt -23.3715 1.90917
v -44.1533 5.863 -10.5772
vt -23.7652 2.30288
v -44.1533 5.863 -10.5964
vt -24.4621 2.30288
v -44.1533 5.853 -10.6072
vt -24.8558 1.90917
v -44.1533 5.853 -10.6724
vt -27.218 1.90917
v -44.1533 5.895 -10.6984
vt -28.1629 3.56272
v -44.1533 5.895 -10.731
vt -29.344 3.56272
v -44.1533 5.853 -10.757
vt -30.2889 1.90917
v -44.1533 5.853 -10.8222
vt -32.6511 1.90917
v -44.1533 5.863 -10.833
vt -33.0448 2.30288
v -44.1533 5.863 -10.8522
vt -33.7416 2.30288
v -44.1533 5.853 -10.8631
vt -34.1353 1.90917
v -44.1533 5.853 -10.9282
vt -36.4975 1.90917
v -44.1533 5.863 -10.9391
vt -36.8912 2.30288
v -44.1533 5.863 -10.9583
vt -37.5881 2.30288
v -44.1533 5.853 -10.9691
vt -37.9818 1.90917
v -44.1533 5.853 -11.0341
vt -40.34 1.90917
v -44.1533 5.895 -11.0602
vt -41.2849 3.56272
v -44.1533 5.895 -11.0928
vt -42.466 3.56272
v -44.1533 5.886 -11.0983
vt -42.6685 3.20839
v -44.1533 5.886 -11.0927
vt -42.4645 3.20839
v -44.1533 5.8905 -11.0899
vt -42.3632 3.38555
v -44.1533 5.8905 -11.063
vt -41.3877 3.38555
v -44.1533 5.85637 -11.0419
vt -40.62 2.04205
v -44.1533 5.8485 -11.037
vt -40.4429 1.73201
v -44.1533 5.8485 -11.0341
vt -40.34 1.73201
v -44.1533 5.8485 -10.9671
vt -37.9084 1.73201
v -44.1533 5.8585 -10.9562
vt -37.5147 2.12571
vt -36.9646 2.12571
vt -36.5709 1.73201
v -44.1533 5.8485 -10.8611
vt -34.0619 1.73201
v -44.1533 5.8585 -10.8502
vt -33.6682 2.12571
v -44.1533 5.8585 -10.835
vt -33.1182 2.12571
v -44.1533 5.8485 -10.8242
vt -32.7245 1.73201
v -44.1533 5.8485 -10.7542
vt -30.186 1.73201
v -44.1533 5.8905 -10.7281
vt -29.2412 3.38555
v -44.1533 5.8905 -10.7012
vt -28.2657 3.38555
v -44.1533 5.8485 -10.6752
vt -27.3208 1.73201
v -44.1533 5.8485 -10.6052
vt -24.7824 1.73201
v -44.1533 5.8585 -10.5944
vt -24.3887 2.12571
v -44.1533 5.8585 -10.5792
vt -23.8386 2.12571
v -44.1533 5.8485 -10.5683
vt -23.4449 1.73201
v -44.1533 5.8485 -10.4993
vt -20.9399 1.73201
v -44.1533 5.8585 -10.4884
vt -20.5462 2.12571
v -44.1533 5.8585 -10.4732
vt -19.9961 2.12571
v -44.1533 5.8485 -10.4624
vt -19.6024 1.73201
v -44.1533 5.8485 -10.3924
vt -17.064 1.73201
v -44.1533 5.8905 -10.3664
vt -16.1191 3.38555
v -44.1533 5.8905 -10.3395
vt -15.1436 3.38555
v -44.1533 5.8485 -10.3134
vt -14.1988 1.73201
v -44.1533 5.8485 -10.2434
vt -11.6604 1.73201
v -44.1533 5.8585 -10.2326
vt -11.2667 2.12571
v -44.1533 5.8585 -10.2175
vt -10.7185 2.12571
v -44.1533 5.8485 -10.2066
vt -10.3248 1.73201
v -44.1533 5.8485 -10.1374
vt -7.81587 1.73201
v -44.1533 5.8585 -10.1266
vt -7.42217 2.12571
v -44.1533 5.8585 -10.1115
vt -6.87406 2.12571
v -44.1533 5.8485 -10.1006
vt -6.48036 1.73201
vt -3.7379 1.73201
vt -2.89426 3.20839
v -44.1533 5.886 -9.98051
vt -2.12441 3.20839
v -44.1533 5.877 -9.97493
vt -1.92193 2.85406
v -44.1533 5.877 -9.97485
vt -1.91878 2.85406
v -44.1533 5.877 -9.96931
vt -1.71788 2.85406
v -44.1533 5.8905 -9.97768
vt -2.0216 3.38555
f 87/91/4 88/92/4 89/93/4 90/94/4 91/95/4 92/96/4 93/97/4 94/98/4 95/99/4 96/100/4 97/101/4 98/102/4 99/103/4 100/104/4 101/105/4 102/106/4 103/107/4 104/108/4 105/109/4 106/110/4 107/111/4 108/112/4 109/113/4 110/114/4 111/115/4 112/116/4 113/117/4 114/118/4 115/119/4 116/120/4 117/121/4 118/122/4 119/123/4 120/124/4 121/125/4 122/126/4 123/127/4 124/128/4 125/129/4 126/130/4 127/131/4 128/132/4 129/133/4 130/134/4 131/135/4 132/136/4 4/137/4 3/138/4 133/139/4 134/140/4 135/141/4 136/142/4 137/143/4 138/144/4 139/145/4 140/146/4 141/147/4 142/148/4 143/149/4 144/150/4 145/151/4 146/152/4 147/153/4 148/154/4 149/155/4 150/156/4 151/157/4 152/158/4 153/159/4 154/160/4 155/161/4 156/162/4 157/163/4 158/164/4 159/165/4 160/166/4 86/167/4 85/168/4 161/169/4 162/170/4 163/171/4 164/172/4 165/173/4 

usemtl White1
vt -115.748 1.45252
vt -115.748 -0.247901
vt 63.3858 -0.247901
vt 63.3858 1.45252
f 87/174/3 88/175/3 79/176/3 80/177/3 

vt 3.84072 115.748
vn -0.000936004 1 -2.25638e-11
vt 3.84072 -63.3858
vt 6.40697 -63.3858
vn -0.000853686 0.912053 0.410071
vt 6.40697 115.748
f 88/178/5 79/179/5 78/180/6 89/181/6 

vt 63.3858 5.8804
vt 63.3858 6.43718
vt -115.748 6.43718
vt -115.748 5.8804
f 78/182/6 77/183/6 90/184/6 89/185/6 

vt 6.80067 -63.3858
vt 7.49555 -63.3858
vn -0.000853686 0.912053 -0.410071
vt 7.49555 115.748
vt 6.80067 115.748
f 77/186/6 76/187/7 91/188/7 90/189/6 

vt -63.3858 -3.67178
vt -63.3858 -4.22856
vt 115.748 -4.22856
vt 115.748 -3.67178
f 76/190/7 75/191/7 92/192/7 91/193/7 

vt 7.88925 -63.3858
vt 10.2515 -63.3858
vt 10.2515 115.748
vt 7.88925 115.748
f 75/194/7 74/195/6 93/196/6 92/197/7 

vt 63.3858 8.59887
vt 63.3858 9.15564
vt -115.748 9.15564
vt -115.748 8.59887
f 74/198/6 73/199/6 94/200/6 93/201/6 

vt 10.6452 -63.3858
vt 11.34 -63.3858
vt 11.34 115.748
vt 10.6452 115.748
f 73/202/6 72/203/7 95/204/7 94/205/6 

vt -63.3858 -6.39024
vt -63.3858 -6.94702
vt 115.748 -6.94702
vt 115.748 -6.39024
f 72/206/7 71/207/7 96/208/7 95/209/7 

vt 11.7337 -63.3858
vt 14.0959 -63.3858
vn -0.000936004 1 7.6137e-16
vt 14.0959 115.748
vt 11.7337 115.748
f 71/210/7 70/211/8 97/212/8 96/213/7 

vt 63.3858 8.65118
vn -0.00043602 0.465831 0.884873
vt 63.3858 10.5556
vt -115.748 10.5556
vt -115.748 8.65118
f 70/214/9 69/215/9 98/216/9 97/217/9 

vt 15.0408 -63.3858
vt 16.2219 -63.3858
vt 16.2219 115.748
vt 15.0408 115.748
f 69/218/8 68/219/8 99/220/8 98/221/8 

vt -63.3858 -4.95503
vn -0.00043602 0.465831 -0.884873
vt -63.3858 -6.8595
vt 115.748 -6.8595
vt 115.748 -4.95503
f 68/222/10 67/223/10 100/224/10 99/225/10 

vt 17.1668 -63.3858
vt 19.529 -63.3858
vt 19.529 115.748
vt 17.1668 115.748
f 67/226/8 66/227/6 101/228/6 100/229/8 

vt 63.3858 15.1591
vt 63.3858 15.7159
vt -115.748 15.7159
vt -115.748 15.1591
f 66/230/6 65/231/6 102/232/6 101/233/6 

vt 19.9227 -63.3858
vt 20.6196 -63.3858
vt 20.6196 115.748
vt 19.9227 115.748
f 65/234/6 64/235/7 103/236/7 102/237/6 

vt -63.3858 -12.9519
vt -63.3858 -13.5086
vt 115.748 -13.5086
vt 115.748 -12.9519
f 64/238/7 63/239/7 104/240/7 103/241/7 

vt 21.0133 -63.3858
vt 23.3715 -63.3858
vt 23.3715 115.748
vt 21.0133 115.748
f 63/242/7 62/243/6 105/244/6 104/245/7 

vt 63.3858 17.8762
vt 63.3858 18.4329
vt -115.748 18.4329
vt -115.748 17.8762
f 62/246/6 61/247/6 106/248/6 105/249/6 

vt 23.7652 -63.3858
vt 24.4621 -63.3858
vt 24.4621 115.748
vt 23.7652 115.748
f 61/250/6 60/251/7 107/252/7 106/253/6 

vt -63.3858 -15.6689
vt -63.3858 -16.2257
vt 115.748 -16.2257
vt 115.748 -15.6689
f 60/254/7 59/255/7 108/256/7 107/257/7 

vt 24.8558 -63.3858
vt 27.218 -63.3858
vt 27.218 115.748
vt 24.8558 115.748
f 59/258/7 58/259/8 109/260/8 108/261/7 

vt 63.3858 15.1615
vt 63.3858 17.066
vt -115.748 17.066
vt -115.748 15.1615
f 58/262/9 57/263/9 110/264/9 109/265/9 

vt 28.1629 -63.3858
vt 29.344 -63.3858
vt 29.344 115.748
vt 28.1629 115.748
f 57/266/8 56/267/8 111/268/8 110/269/8 

vt -63.3858 -11.4654
vt -63.3858 -13.3699
vt 115.748 -13.3699
vt 115.748 -11.4654
f 56/270/10 55/271/10 112/272/10 111/273/10 

vt 30.2889 -63.3858
vt 32.6511 -63.3858
vt 32.6511 115.748
vt 30.2889 115.748
f 55/274/8 54/275/6 113/276/6 112/277/8 

vt 63.3858 24.4378
vt 63.3858 24.9946
vt -115.748 24.9946
vt -115.748 24.4378
f 54/278/6 53/279/6 114/280/6 113/281/6 

vt 33.0448 -63.3858
vt 33.7416 -63.3858
vt 33.7416 115.748
vt 33.0448 115.748
f 53/282/6 52/283/7 115/284/7 114/285/6 

vt -63.3858 -22.2305
vt -63.3858 -22.7873
vt 115.748 -22.7873
vt 115.748 -22.2305
f 52/286/7 51/287/7 116/288/7 115/289/7 

vt 34.1353 -63.3858
vt 36.4975 -63.3858
vt 36.4975 115.748
vt 34.1353 115.748
f 51/290/7 50/291/6 117/292/6 116/293/7 

vt 63.3858 27.1576
vt 63.3858 27.7144
vt -115.748 27.7144
vt -115.748 27.1576
f 50/294/6 49/295/6 118/296/6 117/297/6 

vt 36.8912 -63.3858
vt 37.5881 -63.3858
vt 37.5881 115.748
vt 36.8912 115.748
f 49/298/6 48/299/7 119/300/7 118/301/6 

vt -63.3858 -24.9504
vt -63.3858 -25.5072
vt 115.748 -25.5072
vt 115.748 -24.9504
f 48/302/7 47/303/7 120/304/7 119/305/7 

vt 37.9818 115.748
vt 37.9818 -63.3858
vt 40.34 -63.3858
vn -0.000936004 1 5.74394e-12
vt 40.34 115.748
f 120/306/7 47/307/7 46/308/11 121/309/11 

usemtl FrontColor
vt 63.3858 21.6719
vt 63.3858 23.5764
vt -115.748 23.5764
vt -115.748 21.6719
f 46/310/9 45/311/9 122/312/9 121/313/9 

vt 41.2849 -63.3858
vn -0.000936004 1 2.68019e-14
vt 42.466 -63.3858
vt 42.466 115.748
vt 41.2849 115.748
f 45/314/12 44/315/12 123/316/12 122/317/12 

vt -63.3858 -17.9757
vt -63.3858 -18.3838
vt 115.748 -18.3838
vt 115.748 -17.9757
f 44/318/10 43/319/10 124/320/10 123/321/10 

vt -42.6685 -63.3858
vn 0.000936004 -1 -7.43555e-16
vt -42.4645 -63.3858
vt -42.4645 115.748
vt -42.6685 115.748
f 43/322/13 42/323/13 125/324/13 124/325/13 

vt 63.3858 -18.2826
vt 63.3858 -18.0786
vt -115.748 -18.0786
vt -115.748 -18.2826
f 42/326/3 41/327/3 126/328/3 125/329/3 

vt -42.3632 -63.3858
vn 0.000936004 -1 1.50788e-14
vt -41.3877 -63.3858
vt -41.3877 115.748
vt -42.3632 115.748
f 41/330/14 40/331/14 127/332/14 126/333/14 

vt -63.3858 23.4736
vn 0.00043602 -0.465831 -0.884873
vt -63.3858 21.9262
vt 115.748 21.9262
vt 115.748 23.4736
f 40/334/15 39/335/15 128/336/15 127/337/15 

usemtl Color_007
vt -63.3858 2.04205
vn -3.17246e-13 4.66234e-16 -1
v -39.6032 5.81225 -11.0419
vt -63.3858 0.137521
v -44.1532 5.808 -11.0419
vt 115.748 0.137521
vt 115.748 2.04205
f 39/338/16 166/339/16 167/340/16 128/341/16 

vt 40.62 0.137521
vn 1 0.000936004 6.32552e-13
v -39.6032 5.81225 -11.037
vt 40.4429 0.137521
f 166/342/17 39/41/17 38/40/17 168/343/17 

usemtl FrontColor
vt -63.3858 21.5691
vt 115.748 21.5691
f 39/335/15 38/344/15 129/345/15 128/336/15 

vt -40.4429 -63.3858
vn 0.000936004 -1 -3.01454e-13
vt -40.34 -63.3858
vt -40.34 115.748
vt -40.4429 115.748
f 38/346/18 37/347/18 130/348/18 129/349/18 

vt -37.9084 115.748
vn 0.000853686 -0.912053 0.410071
vn 0.000936004 -1 -5.57042e-12
vt -37.9084 -63.3858
f 131/350/19 130/348/20 37/347/20 36/351/19 

usemtl White1
vt 63.3858 -25.5806
vt 63.3858 -25.0238
vt -115.748 -25.0238
vt -115.748 -25.5806
f 36/352/19 35/353/19 132/354/19 131/355/19 

vt -37.5147 -63.3858
vt -36.9646 -63.3858
vt -36.9646 115.748
vt -37.5147 115.748
f 35/356/19 1/357/1 4/358/1 132/359/19 

usemtl FrontColor
vt 63.3858 0.137521
vn -9.4769e-14 -6.96004e-12 1
vt 63.3858 1.73201
vt -115.748 1.73201
v -44.1532 5.808 -11.037
vt -115.748 0.137521
f 168/360/21 38/361/21 129/362/21 169/363/21 

usemtl Color_007
vn -1 -0.000936004 6.59491e-12
vt -40.62 0.137521
vt -40.4429 0.137521
f 128/132/22 167/364/22 169/365/22 129/133/22 

vt -40.62 -63.3858
vn 0.000936004 -1 -9.57835e-10
vt -40.62 115.748
f 166/366/23 168/346/23 169/349/23 167/367/23 

usemtl White1
vt -2.99707 -63.3858
vn 0.000936004 -1 -7.6137e-16
vt -2.0216 -63.3858
vt -2.0216 115.748
vt -2.99707 115.748
f 80/368/24 81/369/24 165/370/24 87/371/24 

usemtl M_0024_OrangeRed
vt -63.3858 3.94248
vt -63.3858 3.33032
vt 115.748 3.33032
vt 115.748 3.94248
f 81/372/15 82/373/15 164/374/15 165/375/15 

usemtl M_0050_LemonChiffon
vt -1.71788 115.748
vn 0.000936004 -1 2.73187e-10
vt -1.91878 115.748
vt -1.91878 -63.3858
vt -1.71788 -63.3858
f 164/376/25 163/377/25 83/378/25 82/379/25 

vn 0.000936004 -1 -3.17082e-08
vt -1.92193 115.748
v -39.6033 5.88125 -9.97493
vt -1.92193 -63.3858
f 163/377/26 162/380/26 170/381/26 83/378/26 

vt 115.748 3.43156
vt 115.748 3.83966
vt -63.3858 3.83966
vt -63.3858 3.43156
f 162/382/15 161/383/15 84/384/15 170/385/15 

vt -2.12441 115.748
vn 0.000936004 -1 1.94275e-14
vt -2.89426 115.748
vt -2.89426 -63.3858
vt -2.12441 -63.3858
f 161/386/27 85/387/27 5/388/27 84/389/27 

vn 1 0.000936004 -7.11424e-11
vt 1.92193 2.85406
f 84/86/28 83/85/28 170/390/28

usemtl White1
vt -36.5709 -63.3858
vt -34.0619 -63.3858
vt -34.0619 115.748
vt -36.5709 115.748
f 2/391/1 34/392/19 133/393/19 3/394/1 

vt 63.3858 -22.8607
vt 63.3858 -22.3039
vt -115.748 -22.3039
vt -115.748 -22.8607
f 34/395/19 33/396/19 134/397/19 133/398/19 

vt -33.6682 -63.3858
vt -33.1182 -63.3858
vt -33.1182 115.748
vt -33.6682 115.748
f 33/399/19 32/400/1 135/401/1 134/402/19 

vt -63.3858 24.9212
vt -63.3858 24.3644
vt 115.748 24.3644
vt 115.748 24.9212
f 32/403/1 31/404/1 136/405/1 135/406/1 

vt -32.7245 -63.3858
vt -30.186 -63.3858
vt -30.186 115.748
vt -32.7245 115.748
f 31/407/1 30/408/24 137/409/24 136/410/1 

vt 63.3858 -13.4727
vt 63.3858 -11.5682
vt -115.748 -11.5682
vt -115.748 -13.4727
f 30/411/3 29/412/3 138/413/3 137/414/3 

vt -29.2412 -63.3858
vn 0.000936004 -1 -1.65987e-14
vt -28.2657 -63.3858
vt -28.2657 115.748
vt -29.2412 115.748
f 29/415/29 28/416/29 139/417/29 138/418/29 

vt -63.3858 16.9632
vt -63.3858 15.0587
vt 115.748 15.0587
vt 115.748 16.9632
f 28/419/15 27/420/15 140/421/15 139/422/15 

vt -27.3208 -63.3858
vt -24.7824 -63.3858
vt -24.7824 115.748
vt -27.3208 115.748
f 27/423/24 26/424/19 141/425/19 140/426/24 

vt 63.3858 -16.2991
vt 63.3858 -15.7423
vt -115.748 -15.7423
vt -115.748 -16.2991
f 26/427/19 25/428/19 142/429/19 141/430/19 

vt -24.3887 -63.3858
vt -23.8386 -63.3858
vt -23.8386 115.748
vt -24.3887 115.748
f 25/431/19 24/432/1 143/433/1 142/434/19 

vt -63.3858 18.3596
vt -63.3858 17.8028
vt 115.748 17.8028
vt 115.748 18.3596
f 24/435/1 23/436/1 144/437/1 143/438/1 

vt -23.4449 -63.3858
vt -20.9399 -63.3858
vt -20.9399 115.748
vt -23.4449 115.748
f 23/439/1 22/440/19 145/441/19 144/442/1 

vt 63.3858 -13.582
vt 63.3858 -13.0252
vt -115.748 -13.0252
vt -115.748 -13.582
f 22/443/19 21/444/19 146/445/19 145/446/19 

vt -20.5462 -63.3858
vt -19.9961 -63.3858
vt -19.9961 115.748
vt -20.5462 115.748
f 21/447/19 20/448/1 147/449/1 146/450/19 

vt -63.3858 15.6425
vt -63.3858 15.0857
vt 115.748 15.0857
vt 115.748 15.6425
f 20/451/1 19/452/1 148/453/1 147/454/1 

vt -19.6024 -63.3858
vt -17.064 -63.3858
vt -17.064 115.748
vt -19.6024 115.748
f 19/455/1 18/456/24 149/457/24 148/458/1 

vt 63.3858 -6.96231
vt 63.3858 -5.05784
vt -115.748 -5.05784
vt -115.748 -6.96231
f 18/459/3 17/460/3 150/461/3 149/462/3 

vt -16.1191 -63.3858
vt -15.1436 -63.3858
vt -15.1436 115.748
vt -16.1191 115.748
f 17/463/24 16/464/24 151/465/24 150/466/24 

vt -63.3858 10.4528
vt -63.3858 8.54836
vt 115.748 8.54836
vt 115.748 10.4528
f 16/467/15 15/468/15 152/469/15 151/470/15 

vt -14.1988 -63.3858
vt -11.6604 -63.3858
vt -11.6604 115.748
vt -14.1988 115.748
f 15/471/24 14/472/19 153/473/19 152/474/24 

vt 63.3858 -7.0204
vt 63.3858 -6.46363
vt -115.748 -6.46363
vt -115.748 -7.0204
f 14/475/19 13/476/19 154/477/19 153/478/19 

vt -11.2667 -63.3858
vt -10.7185 -63.3858
vt -10.7185 115.748
vt -11.2667 115.748
f 13/479/19 12/480/1 155/481/1 154/482/19 

vt -63.3858 9.08226
vt -63.3858 8.52548
vt 115.748 8.52548
vt 115.748 9.08226
f 12/483/1 11/484/1 156/485/1 155/486/1 

vt -10.3248 -63.3858
vt -7.81587 -63.3858
vt -7.81587 115.748
vt -10.3248 115.748
f 11/487/1 10/488/19 157/489/19 156/490/1 

vt 63.3858 -4.30194
vt 63.3858 -3.74516
vt -115.748 -3.74516
vt -115.748 -4.30194
f 10/491/19 9/492/19 158/493/19 157/494/19 

vt -7.42217 -63.3858
vt -6.87406 -63.3858
vt -6.87406 115.748
vt -7.42217 115.748
f 9/495/19 8/496/1 159/497/1 158/498/19 

vt -63.3858 6.3638
vt -63.3858 5.80702
vt 115.748 5.80702
vt 115.748 6.3638
f 8/499/1 7/500/1 160/501/1 159/502/1 

usemtl FrontColor
vt -3.7379 -63.3858
vn 0.000936004 -1 4.79043e-15
vt -3.7379 115.748
vt -6.48036 115.748
vt -6.48036 -63.3858
f 6/503/30 86/504/30 160/505/1 7/506/1 

g Mesh2 Group1 Model

v -44.1532 5.804 -9.9348
vt -0.466477 -0.0199593
vn -1 -0.000936004 -8.63889e-13
v -44.1532 5.807 -9.9348
vt -0.466477 0.0981509
v -44.1532 5.80725 -9.93484
vt -0.467819 0.108341
v -44.1532 5.8075 -9.93495
vt -0.471752 0.117836
v -44.1532 5.8077 -9.93512
vt -0.478009 0.12599
v -44.1532 5.80786 -9.93535
vt -0.486162 0.132246
v -44.1532 5.80796 -9.93561
vt -0.495658 0.13618
v -44.1532 5.808 -9.93589
vt -0.505847 0.137521
v -44.1532 5.808 -9.95651
vt -1.25388 0.137521
v -44.1532 5.803 -9.95651
vt -1.25388 -0.0593294
v -44.1532 5.803 -9.93589
vt -0.505847 -0.0593294
v -44.1532 5.80303 -9.93561
vt -0.495658 -0.0579879
v -44.1532 5.80313 -9.93535
vt -0.486162 -0.0540548
v -44.1532 5.80329 -9.93512
vt -0.478009 -0.0477981
v -44.1532 5.8035 -9.93495
vt -0.471752 -0.0396443
v -44.1532 5.80374 -9.93484
vt -0.467819 -0.030149
f 171/507/31 172/508/31 173/509/31 174/510/31 175/511/31 176/512/31 177/513/31 178/514/31 179/515/31 180/516/31 181/517/31 182/518/31 183/519/31 184/520/31 185/521/31 186/522/31 

usemtl M_0050_LemonChiffon
v -39.6032 5.80825 -9.9348
vt 63.3858 -0.0199593
vn 5.6416e-05 -0.0602733 0.998182
v -39.6032 5.81125 -9.9348
vt 63.3858 0.0981509
vn -5.6416e-05 0.0602733 0.998182
vt -115.748 0.0981509
vt -115.748 -0.0199593
f 187/523/32 188/524/33 172/525/33 171/526/32 

v -39.6032 5.80725 -9.93589
vt 0.505847 -0.0593294
vn 1 0.000936004 -1.45241e-13
v -39.6032 5.80725 -9.95651
vt 1.25388 -0.0593294
v -39.6032 5.81225 -9.95651
vt 1.25388 0.137521
v -39.6032 5.81225 -9.93589
vt 0.505847 0.137521
v -39.6032 5.81222 -9.93561
vt 0.495658 0.13618
v -39.6032 5.81212 -9.93535
vt 0.486162 0.132246
v -39.6032 5.81196 -9.93512
vt 0.478009 0.12599
v -39.6032 5.81175 -9.93495
vt 0.471752 0.117836
v -39.6032 5.81151 -9.93484
vt 0.467819 0.108341
vt 0.466477 0.0981509
vt 0.466477 -0.0199593
v -39.6032 5.808 -9.93484
vt 0.467819 -0.030149
v -39.6032 5.80775 -9.93495
vt 0.471752 -0.0396443
v -39.6032 5.80755 -9.93512
vt 0.478009 -0.0477981
v -39.6032 5.80739 -9.93535
vt 0.486162 -0.0540548
v -39.6032 5.80729 -9.93561
vt 0.495658 -0.0579879
f 189/527/34 190/528/34 191/529/34 192/530/34 193/531/34 194/532/34 195/533/34 196/534/34 197/535/34 188/536/34 187/537/34 198/538/34 199/539/34 200/540/34 201/541/34 202/542/34 

vt -1.25388 -63.3858
vn 0.000936004 -1 1.37853e-10
vt -0.505847 -63.3858
vn 0.000933644 -0.997478 0.0709655
vt -0.505847 115.748
vt -1.25388 115.748
f 190/543/35 189/544/36 181/545/36 180/546/35 

vt 63.3858 -0.509264
vt 63.3858 -0.498986
vn 0.000898761 -0.960211 0.279276
vt -115.748 -0.498986
vt -115.748 -0.509264
f 189/547/36 202/548/37 182/549/37 181/550/36 

vt 63.3858 -0.480119
vt 63.3858 -0.469841
vn 0.000793126 -0.847353 0.531029
vt -115.748 -0.469841
vt -115.748 -0.480119
f 202/551/37 201/552/38 183/553/38 182/554/37 

vt 63.3858 -0.418605
vt 63.3858 -0.408327
vn 0.0006342 -0.677561 0.735466
vt -115.748 -0.408327
vt -115.748 -0.418605
f 201/555/38 200/556/39 184/557/39 183/558/38 

vt 63.3858 -0.328914
vt 63.3858 -0.318636
vn 0.000439546 -0.469598 0.88288
vt -115.748 -0.318636
vt -115.748 -0.328914
f 200/559/39 199/560/40 185/561/40 184/562/39 

vt 63.3858 -0.217158
vt 63.3858 -0.206881
vn 0.000224322 -0.239659 0.970857
vt -115.748 -0.206881
vt -115.748 -0.217158
f 199/563/40 198/564/41 186/565/41 185/566/40 

vt 63.3858 -0.0909537
vt 63.3858 -0.0806761
vt -115.748 -0.0806761
vt -115.748 -0.0909537
f 198/567/41 187/568/32 171/569/32 186/570/41 

vt 115.748 -0.0593294
vn -2.03548e-12 2.12978e-09 -1
vt -63.3858 -0.0593294
f 180/571/42 179/340/42 191/339/42 190/572/42 

vt 0.505847 -63.3858
vn -0.000933644 0.997478 0.0709655
vt 1.25388 -63.3858
vn -0.000936004 1 1.0009e-15
vt 1.25388 115.748
vt 0.505847 115.748
f 192/573/43 191/574/44 179/575/44 178/576/43 

vt 63.3858 0.509192
vn -0.000898761 0.960211 0.279276
vt 63.3858 0.51947
vt -115.748 0.51947
vt -115.748 0.509192
f 193/577/45 192/578/43 178/579/43 177/580/45 

vt 63.3858 0.499764
vn -0.000793126 0.847353 0.531029
vt 63.3858 0.510042
vt -115.748 0.510042
vt -115.748 0.499764
f 194/581/46 193/582/45 177/583/45 176/584/46 

vt 63.3858 0.455927
vn -0.0006342 0.677561 0.735466
vt 63.3858 0.466205
vt -115.748 0.466205
vt -115.748 0.455927
f 195/585/47 194/586/46 176/587/46 175/588/47 

vt 63.3858 0.38067
vn -0.000439546 0.469598 0.88288
vt 63.3858 0.390948
vt -115.748 0.390948
vt -115.748 0.38067
f 196/589/48 195/590/47 175/591/47 174/592/48 

vt 63.3858 0.27912
vn -0.000224322 0.239659 0.970857
vt 63.3858 0.289398
vt -115.748 0.289398
vt -115.748 0.27912
f 197/593/49 196/594/48 174/595/48 173/596/49 

vt 63.3858 0.158199
vt 63.3858 0.168476
vt -115.748 0.168476
vt -115.748 0.158199
f 188/597/33 197/598/49 173/599/49 172/600/33 

g Mesh3 Group2 Model

v -47.9752 5.80518 -0.845129
vt 103.675 -2.2119e-10
vn -2.19739e-12 2.31012e-09 -1
v -47.9752 5.81018 -0.845129
vt 103.675 0.19685
v -44.1532 5.81376 -0.845129
vt -75.4593 0.19685
v -44.1532 5.80876 -0.845129
vt -75.4593 -2.39323e-10
f 203/601/50 204/602/50 205/603/50 206/604/50 

usemtl FrontColor
v -47.9752 5.80618 -0.825129
vt 0.711474 0.0393701
vn -1 -0.000936004 -9.03909e-13
v -47.9752 5.80918 -0.825129
vt 0.711474 0.15748
v -47.9752 5.80944 -0.825163
vt 0.710132 0.16767
v -47.9752 5.80968 -0.825263
vt 0.706199 0.177165
v -47.9752 5.80989 -0.825422
vt 0.699942 0.185319
v -47.9752 5.81005 -0.825629
vt 0.691789 0.191576
v -47.9752 5.81015 -0.82587
vt 0.682293 0.195509
v -47.9752 5.81018 -0.826129
vt 0.672103 0.19685
vt -0.075928 0.19685
vt -0.075928 -2.82088e-11
v -47.9752 5.80518 -0.826129
vt 0.672103 9.7813e-11
v -47.9752 5.80522 -0.82587
vt 0.682293 0.0013415
v -47.9752 5.80532 -0.825629
vt 0.691789 0.00527459
v -47.9752 5.80548 -0.825422
vt 0.699942 0.0115312
v -47.9752 5.80568 -0.825263
vt 0.706199 0.019685
v -47.9752 5.80592 -0.825163
vt 0.710132 0.0291804
f 207/605/51 208/606/51 209/607/51 210/608/51 211/609/51 212/610/51 213/611/51 214/612/51 204/613/51 203/614/51 215/615/51 216/616/51 217/617/51 218/618/51 219/619/51 220/620/51 

usemtl M_0050_LemonChiffon
v -44.1532 5.80976 -0.825129
vt 75.4593 0.0393701
vn 6.12176e-05 -0.0654031 0.997859
v -44.1532 5.81276 -0.825129
vt 75.4593 0.15748
vn -6.12176e-05 0.0654031 0.997859
vt -103.675 0.15748
vt -103.675 0.0393701
f 221/621/52 222/622/53 208/623/53 207/624/52 

v -44.1532 5.80876 -0.826129
vt -0.672103 -4.58817e-11
vn 1 0.000936004 -3.55829e-13
vt 0.075928 -1.09802e-10
vt 0.075928 0.19685
v -44.1532 5.81376 -0.826129
vt -0.672103 0.19685
v -44.1532 5.81373 -0.82587
vt -0.682293 0.195509
v -44.1532 5.81363 -0.825629
vt -0.691789 0.191576
v -44.1532 5.81347 -0.825422
vt -0.699942 0.185319
v -44.1532 5.81326 -0.825263
vt -0.706199 0.177165
v -44.1532 5.81302 -0.825163
vt -0.710132 0.16767
vt -0.711474 0.15748
vt -0.711474 0.0393701
v -44.1532 5.8095 -0.825163
vt -0.710132 0.0291804
v -44.1532 5.80926 -0.825263
vt -0.706199 0.019685
v -44.1532 5.80905 -0.825422
vt -0.699942 0.0115312
v -44.1532 5.8089 -0.825629
vt -0.691789 0.00527459
v -44.1532 5.8088 -0.82587
vt -0.682293 0.0013415
f 223/625/54 206/626/54 205/627/54 224/628/54 225/629/54 226/630/54 227/631/54 228/632/54 229/633/54 222/634/54 221/635/54 230/636/54 231/637/54 232/638/54 233/639/54 234/640/54 

vt -0.075928 -75.4593
vn 0.000936004 -1 1.26961e-10
vt 0.672103 -75.4593
vn 0.000934 -0.997858 0.0654031
vt 0.672103 103.675
vt -0.075928 103.675
f 206/641/55 223/642/56 215/643/56 203/644/55 

vt 75.4593 0.666354
vt 75.4593 0.676631
vn 0.00090411 -0.965925 0.258819
vt -103.675 0.676631
vt -103.675 0.666354
f 223/645/56 234/646/57 216/647/57 215/648/56 

vt 75.4593 0.63087
vt 75.4593 0.641148
vn 0.000810603 -0.866025 0.5
vt -103.675 0.641148
vt -103.675 0.63087
f 234/649/57 233/650/58 217/651/58 216/652/57 

vt 75.4593 0.552044
vt 75.4593 0.562321
vn 0.000661855 -0.707106 0.707107
vt -103.675 0.562321
vt -103.675 0.552044
f 233/653/58 232/654/59 218/655/59 217/656/58 

vt 75.4593 0.435246
vt 75.4593 0.445524
vn 0.000468002 -0.5 0.866025
vt -103.675 0.445524
vt -103.675 0.435246
f 232/657/59 231/658/60 219/659/60 218/660/59 

vt 75.4593 0.288437
vt 75.4593 0.298715
vn 0.000242256 -0.258819 0.965926
vt -103.675 0.298715
vt -103.675 0.288437
f 231/661/60 230/662/61 220/663/61 219/664/60 

vt 75.4593 0.121622
vt 75.4593 0.131899
vt -103.675 0.131899
vt -103.675 0.121622
f 230/665/61 221/666/52 207/667/52 220/668/61 

vt -0.672103 -75.4593
vn -0.000934 0.997858 0.0654031
vt 0.075928 -75.4593
vn -0.000936004 1 -1.81636e-14
vt 0.075928 103.675
vt -0.672103 103.675
f 224/669/62 205/670/63 204/671/63 214/672/62 

vt 75.4593 -0.650937
vn -0.00090411 0.965925 0.258819
vt 75.4593 -0.640659
vt -103.675 -0.640659
vt -103.675 -0.650937
f 225/673/64 224/674/62 214/675/62 213/676/64 

vt 75.4593 -0.565816
vn -0.000810603 0.866025 0.5
vt 75.4593 -0.555539
vt -103.675 -0.555539
vt -103.675 -0.565816
f 226/677/65 225/678/64 213/679/64 212/680/65 

vt 75.4593 -0.442486
vn -0.000661855 0.707106 0.707107
vt 75.4593 -0.432209
vt -103.675 -0.432209
vt -103.675 -0.442486
f 227/681/66 226/682/65 212/683/65 211/684/66 

vt 75.4593 -0.289352
vn -0.000468002 0.5 0.866025
vt 75.4593 -0.279074
vt -103.675 -0.279074
vt -103.675 -0.289352
f 228/685/67 227/686/66 211/687/66 210/688/67 

vt 75.4593 -0.116849
vn -0.000242256 0.258819 0.965926
vt 75.4593 -0.106571
vt -103.675 -0.106571
vt -103.675 -0.116849
f 229/689/68 228/690/67 210/691/67 209/692/68 

vt 75.4593 0.0632671
vt 75.4593 0.0735448
vt -103.675 0.0735448
vt -103.675 0.0632671
f 222/693/53 229/694/68 209/695/68 208/696/53 

g Mesh4 Group2 Model

usemtl FrontColor
v -44.1533 5.85426 -1.84053
vt -39.2649 -75.4593
vn 0.000936004 -1 -1.26779e-15
v -44.1533 5.85426 -1.83792
vt -39.1621 -75.4593
v -47.9753 5.85068 -1.83792
vt -39.1621 103.675
v -47.9753 5.85068 -1.84053
vt -39.2649 103.675
f 235/697/69 236/698/69 237/699/69 238/700/69 

usemtl White1
v -44.1533 5.89176 -0.886795
vt 1.71631 3.26772
vn 1 0.000936004 -6.9493e-16
v -44.1533 5.85426 -0.908223
vt 2.55995 1.79134
v -44.1533 5.85426 -0.977882
vt 5.3024 1.79134
v -44.1533 5.86426 -0.987882
vt 5.69611 2.18504
v -44.1533 5.86426 -1.0018
vt 6.24422 2.18504
v -44.1533 5.85426 -1.0118
vt 6.63792 1.79134
v -44.1533 5.85426 -1.07553
vt 9.14689 1.79134
v -44.1533 5.86426 -1.08553
vt 9.54059 2.18504
v -44.1533 5.86426 -1.09945
vt 10.0887 2.18504
v -44.1533 5.85426 -1.10945
vt 10.4824 1.79134
v -44.1533 5.85426 -1.17393
vt 13.0208 1.79134
v -44.1533 5.89626 -1.19793
vt 13.9657 3.44488
v -44.1533 5.89626 -1.22271
vt 14.9412 3.44488
v -44.1533 5.85426 -1.24671
vt 15.886 1.79134
v -44.1533 5.85426 -1.31118
vt 18.4245 1.79134
v -44.1533 5.86426 -1.32118
vt 18.8182 2.18504
v -44.1533 5.86426 -1.33515
vt 19.3682 2.18504
v -44.1533 5.85426 -1.34515
vt 19.7619 1.79134
v -44.1533 5.85426 -1.40878
vt 22.267 1.79134
v -44.1533 5.86426 -1.41878
vt 22.6607 2.18504
v -44.1533 5.86426 -1.43275
vt 23.2108 2.18504
v -44.1533 5.85426 -1.44275
vt 23.6045 1.79134
v -44.1533 5.85426 -1.50723
vt 26.1429 1.79134
v -44.1533 5.89626 -1.53123
vt 27.0877 3.44488
v -44.1533 5.89626 -1.55601
vt 28.0632 3.44488
v -44.1533 5.85426 -1.58001
vt 29.0081 1.79134
v -44.1533 5.85426 -1.64448
vt 31.5465 1.79134
v -44.1533 5.86426 -1.65448
vt 31.9402 2.18504
v -44.1533 5.86426 -1.66845
vt 32.4903 2.18504
v -44.1533 5.85426 -1.67845
vt 32.884 1.79134
v -44.1533 5.85426 -1.74218
vt 35.393 1.79134
v -44.1533 5.86426 -1.75218
vt 35.7867 2.18504
v -44.1533 5.86426 -1.76615
vt 36.3367 2.18504
v -44.1533 5.85426 -1.77615
vt 36.7304 1.79134
vt 39.1621 1.79134
vt 39.2649 1.79134
v -44.1533 5.86214 -1.84503
vt 39.4421 2.10138
v -44.1533 5.89626 -1.86453
vt 40.2098 3.44488
v -44.1533 5.89626 -1.88931
vt 41.1853 3.44488
v -44.1533 5.89176 -1.89188
vt 41.2865 3.26772
v -44.1533 5.89176 -1.89706
vt 41.4906 3.26772
v -44.1533 5.90076 -1.89192
vt 41.2881 3.62205
v -44.1533 5.90076 -1.86192
vt 40.107 3.62205
v -44.1533 5.85876 -1.83792
vt 39.1621 1.9685
v -44.1533 5.85876 -1.77802
vt 36.8038 1.9685
v -44.1533 5.86876 -1.76802
vt 36.4101 2.3622
v -44.1533 5.86876 -1.75032
vt 35.7133 2.3622
v -44.1533 5.85876 -1.74032
vt 35.3196 1.9685
v -44.1533 5.85876 -1.68032
vt 32.9574 1.9685
v -44.1533 5.86876 -1.67032
vt 32.5637 2.3622
v -44.1533 5.86876 -1.65262
vt 31.8668 2.3622
v -44.1533 5.85876 -1.64262
vt 31.4731 1.9685
v -44.1533 5.85876 -1.58262
vt 29.1109 1.9685
v -44.1533 5.90076 -1.55862
vt 28.166 3.62205
v -44.1533 5.90076 -1.52862
vt 26.9849 3.62205
v -44.1533 5.85876 -1.50462
vt 26.04 1.9685
v -44.1533 5.85876 -1.44462
vt 23.6778 1.9685
v -44.1533 5.86876 -1.43462
vt 23.2841 2.3622
v -44.1533 5.86876 -1.41692
vt 22.5873 2.3622
v -44.1533 5.85876 -1.40692
vt 22.1936 1.9685
v -44.1533 5.85876 -1.34702
vt 19.8353 1.9685
v -44.1533 5.86876 -1.33702
vt 19.4416 2.3622
v -44.1533 5.86876 -1.31932
vt 18.7448 2.3622
v -44.1533 5.85876 -1.30932
vt 18.3511 1.9685
v -44.1533 5.85876 -1.24932
vt 15.9889 1.9685
v -44.1533 5.90076 -1.22532
vt 15.044 3.62205
v -44.1533 5.90076 -1.19532
vt 13.8629 3.62205
v -44.1533 5.85876 -1.17132
vt 12.918 1.9685
v -44.1533 5.85876 -1.11132
vt 10.5558 1.9685
v -44.1533 5.86876 -1.10132
vt 10.1621 2.3622
v -44.1533 5.86876 -1.08367
vt 9.46721 2.3622
v -44.1533 5.85876 -1.07367
vt 9.07351 1.9685
v -44.1533 5.85876 -1.01367
vt 6.7113 1.9685
v -44.1533 5.86876 -1.00367
vt 6.3176 2.3622
v -44.1533 5.86876 -0.986018
vt 5.62272 2.3622
v -44.1533 5.85876 -0.976018
vt 5.22902 1.9685
v -44.1533 5.85876 -0.910835
vt 2.66277 1.9685
v -44.1533 5.89626 -0.889406
vt 1.81912 3.44488
v -44.1533 5.89626 -0.864629
vt 0.843645 3.44488
v -44.1533 5.88276 -0.856915
vt 0.539933 2.91339
v -44.1533 5.88276 -0.862018
vt 0.740831 2.91339
v -44.1533 5.89176 -0.86724
vt 0.946458 3.26772
f 239/701/70 240/702/70 241/703/70 242/704/70 243/705/70 244/706/70 245/707/70 246/708/70 247/709/70 248/710/70 249/711/70 250/712/70 251/713/70 252/714/70 253/715/70 254/716/70 255/717/70 256/718/70 257/719/70 258/720/70 259/721/70 260/722/70 261/723/70 262/724/70 263/725/70 264/726/70 265/727/70 266/728/70 267/729/70 268/730/70 269/731/70 270/732/70 271/733/70 272/734/70 236/735/70 235/736/70 273/737/70 274/738/70 275/739/70 276/740/70 277/741/70 278/742/70 279/743/70 280/744/70 281/745/70 282/746/70 283/747/70 284/748/70 285/749/70 286/750/70 287/751/70 288/752/70 289/753/70 290/754/70 291/755/70 292/756/70 293/757/70 294/758/70 295/759/70 296/760/70 297/761/70 298/762/70 299/763/70 300/764/70 301/765/70 302/766/70 303/767/70 304/768/70 305/769/70 306/770/70 307/771/70 308/772/70 309/773/70 310/774/70 311/775/70 312/776/70 313/777/70 314/778/70 315/779/70 316/780/70 317/781/70 318/782/70 

usemtl M_0050_LemonChiffon
v -47.9753 5.88818 -0.886795
vt -103.675 1.98565
vn 0.000464388 -0.496139 0.868243
v -47.9753 5.85068 -0.908223
vt -103.675 0.285225
vt 75.4593 0.285225
vt 75.4593 1.98565
f 319/783/71 320/784/71 240/785/71 239/786/71 

usemtl FrontColor
v -47.9753 5.89268 -0.889406
vt -1.81912 3.44488
vn -1 -0.000936004 1.21533e-14
v -47.9753 5.85518 -0.910835
vt -2.66277 1.9685
v -47.9753 5.85518 -0.976018
vt -5.22902 1.9685
v -47.9753 5.86518 -0.986018
vt -5.62272 2.3622
v -47.9753 5.86518 -1.00367
vt -6.3176 2.3622
v -47.9753 5.85518 -1.01367
vt -6.7113 1.9685
v -47.9753 5.85518 -1.07367
vt -9.07351 1.9685
v -47.9753 5.86518 -1.08367
vt -9.46721 2.3622
v -47.9753 5.86518 -1.10132
vt -10.1621 2.3622
v -47.9753 5.85518 -1.11132
vt -10.5558 1.9685
v -47.9753 5.85518 -1.17132
vt -12.918 1.9685
v -47.9753 5.89718 -1.19532
vt -13.8629 3.62205
v -47.9753 5.89718 -1.22532
vt -15.044 3.62205
v -47.9753 5.85518 -1.24932
vt -15.9889 1.9685
v -47.9753 5.85518 -1.30932
vt -18.3511 1.9685
v -47.9753 5.86518 -1.31932
vt -18.7448 2.3622
v -47.9753 5.86518 -1.33702
vt -19.4416 2.3622
v -47.9753 5.85518 -1.34702
vt -19.8353 1.9685
v -47.9753 5.85518 -1.40692
vt -22.1936 1.9685
v -47.9753 5.86518 -1.41692
vt -22.5873 2.3622
v -47.9753 5.86518 -1.43462
vt -23.2841 2.3622
v -47.9753 5.85518 -1.44462
vt -23.6778 1.9685
v -47.9753 5.85518 -1.50462
vt -26.04 1.9685
v -47.9753 5.89718 -1.52862
vt -26.9849 3.62205
v -47.9753 5.89718 -1.55862
vt -28.166 3.62205
v -47.9753 5.85518 -1.58262
vt -29.1109 1.9685
v -47.9753 5.85518 -1.64262
vt -31.4731 1.9685
v -47.9753 5.86518 -1.65262
vt -31.8668 2.3622
v -47.9753 5.86518 -1.67032
vt -32.5637 2.3622
v -47.9753 5.85518 -1.68032
vt -32.9574 1.9685
v -47.9753 5.85518 -1.74032
vt -35.3196 1.9685
v -47.9753 5.86518 -1.75032
vt -35.7133 2.3622
v -47.9753 5.86518 -1.76802
vt -36.4101 2.3622
v -47.9753 5.85518 -1.77802
vt -36.8038 1.9685
v -47.9753 5.85518 -1.83792
vt -39.1621 1.9685
v -47.9753 5.89718 -1.86192
vt -40.107 3.62205
v -47.9753 5.89718 -1.89192
vt -41.2881 3.62205
v -47.9753 5.88818 -1.89706
vt -41.4906 3.26772
v -47.9753 5.88818 -1.89188
vt -41.2865 3.26772
v -47.9753 5.89268 -1.88931
vt -41.1853 3.44488
v -47.9753 5.89268 -1.86453
vt -40.2098 3.44488
v -47.9753 5.85856 -1.84503
vt -39.4421 2.10138
vt -39.2649 1.79134
vt -39.1621 1.79134
v -47.9753 5.85068 -1.77615
vt -36.7304 1.79134
v -47.9753 5.86068 -1.76615
vt -36.3367 2.18504
v -47.9753 5.86068 -1.75218
vt -35.7867 2.18504
v -47.9753 5.85068 -1.74218
vt -35.393 1.79134
v -47.9753 5.85068 -1.67845
vt -32.884 1.79134
v -47.9753 5.86068 -1.66845
vt -32.4903 2.18504
v -47.9753 5.86068 -1.65448
vt -31.9402 2.18504
v -47.9753 5.85068 -1.64448
vt -31.5465 1.79134
v -47.9753 5.85068 -1.58001
vt -29.0081 1.79134
v -47.9753 5.89268 -1.55601
vt -28.0632 3.44488
v -47.9753 5.89268 -1.53123
vt -27.0877 3.44488
v -47.9753 5.85068 -1.50723
vt -26.1429 1.79134
v -47.9753 5.85068 -1.44275
vt -23.6045 1.79134
v -47.9753 5.86068 -1.43275
vt -23.2108 2.18504
v -47.9753 5.86068 -1.41878
vt -22.6607 2.18504
v -47.9753 5.85068 -1.40878
vt -22.267 1.79134
v -47.9753 5.85068 -1.34515
vt -19.7619 1.79134
v -47.9753 5.86068 -1.33515
vt -19.3682 2.18504
v -47.9753 5.86068 -1.32118
vt -18.8182 2.18504
v -47.9753 5.85068 -1.31118
vt -18.4245 1.79134
v -47.9753 5.85068 -1.24671
vt -15.886 1.79134
v -47.9753 5.89268 -1.22271
vt -14.9412 3.44488
v -47.9753 5.89268 -1.19793
vt -13.9657 3.44488
v -47.9753 5.85068 -1.17393
vt -13.0208 1.79134
v -47.9753 5.85068 -1.10945
vt -10.4824 1.79134
v -47.9753 5.86068 -1.09945
vt -10.0887 2.18504
v -47.9753 5.86068 -1.08553
vt -9.54059 2.18504
v -47.9753 5.85068 -1.07553
vt -9.14689 1.79134
v -47.9753 5.85068 -1.0118
vt -6.63792 1.79134
v -47.9753 5.86068 -1.0018
vt -6.24422 2.18504
v -47.9753 5.86068 -0.987882
vt -5.69611 2.18504
v -47.9753 5.85068 -0.977882
vt -5.3024 1.79134
vt -2.55995 1.79134
vt -1.71631 3.26772
v -47.9753 5.88818 -0.86724
vt -0.946458 3.26772
v -47.9753 5.87918 -0.862098
vt -0.743983 2.91339
v -47.9753 5.87918 -0.862018
vt -0.740831 2.91339
v -47.9753 5.87918 -0.856915
vt -0.539933 2.91339
v -47.9753 5.89268 -0.864629
vt -0.843645 3.44488
f 321/787/72 322/788/72 323/789/72 324/790/72 325/791/72 326/792/72 327/793/72 328/794/72 329/795/72 330/796/72 331/797/72 332/798/72 333/799/72 334/800/72 335/801/72 336/802/72 337/803/72 338/804/72 339/805/72 340/806/72 341/807/72 342/808/72 343/809/72 344/810/72 345/811/72 346/812/72 347/813/72 348/814/72 349/815/72 350/816/72 351/817/72 352/818/72 353/819/72 354/820/72 355/821/72 356/822/72 357/823/72 358/824/72 359/825/72 360/826/72 361/827/72 362/828/72 238/829/72 237/830/72 363/831/72 364/832/72 365/833/72 366/834/72 367/835/72 368/836/72 369/837/72 370/838/72 371/839/72 372/840/72 373/841/72 374/842/72 375/843/72 376/844/72 377/845/72 378/846/72 379/847/72 380/848/72 381/849/72 382/850/72 383/851/72 384/852/72 385/853/72 386/854/72 387/855/72 388/856/72 389/857/72 390/858/72 391/859/72 392/860/72 393/861/72 394/862/72 320/863/72 319/864/72 395/865/72 396/866/72 397/867/72 398/868/72 399/869/72 

usemtl White1
vt -103.675 2.08846
vt -103.675 0.388038
vt 75.4593 0.388038
vt 75.4593 2.08846
f 321/870/71 322/871/71 313/872/71 314/873/71 

vt 2.66277 103.675
vn -0.000936004 1 -2.07984e-11
vt 2.66277 -75.4593
vt 5.22902 -75.4593
vn -0.000864755 0.923879 0.382683
vt 5.22902 103.675
f 322/874/73 313/875/73 312/876/74 323/877/74 

vt 75.4593 5.08942
vt 75.4593 5.6462
vt -103.675 5.6462
vt -103.675 5.08942
f 312/878/74 311/879/74 324/880/74 323/881/74 

vt 5.62272 -75.4593
vt 6.3176 -75.4593
vn -0.000864755 0.923879 -0.382683
vt 6.3176 103.675
vt 5.62272 103.675
f 311/882/74 310/883/75 325/884/75 324/885/74 

vt -75.4593 -2.79689
vt -75.4593 -3.35367
vt 103.675 -3.35367
vt 103.675 -2.79689
f 310/886/75 309/887/75 326/888/75 325/889/75 

vt 6.7113 -75.4593
vt 9.07351 -75.4593
vt 9.07351 103.675
vt 6.7113 103.675
f 309/890/75 308/891/74 327/892/74 326/893/75 

vt 75.4593 7.80788
vt 75.4593 8.36466
vt -103.675 8.36466
vt -103.675 7.80788
f 308/894/74 307/895/74 328/896/74 327/897/74 

vt 9.46721 -75.4593
vt 10.1621 -75.4593
vt 10.1621 103.675
vt 9.46721 103.675
f 307/898/74 306/899/75 329/900/75 328/901/74 

vt -75.4593 -5.51535
vt -75.4593 -6.07213
vt 103.675 -6.07213
vt 103.675 -5.51535
f 306/902/75 305/903/75 330/904/75 329/905/75 

vt 10.5558 -75.4593
vt 12.918 -75.4593
vn -0.000936004 1 7.6099e-16
vt 12.918 103.675
vt 10.5558 103.675
f 305/906/75 304/907/76 331/908/76 330/909/75 

vt 75.4593 8.11826
vn -0.000464388 0.496139 0.868243
vt 75.4593 10.0227
vt -103.675 10.0227
vt -103.675 8.11826
f 304/910/77 303/911/77 332/912/77 331/913/77 

vt 13.8629 -75.4593
vn -0.000936004 1 7.56223e-16
vt 15.044 -75.4593
vt 15.044 103.675
vt 13.8629 103.675
f 303/914/78 302/915/78 333/916/78 332/917/78 

vt -75.4593 -4.31909
vn -0.000464388 0.496139 -0.868243
vt -75.4593 -6.22356
vt 103.675 -6.22356
vt 103.675 -4.31909
f 302/918/79 301/919/79 334/920/79 333/921/79 

vt 15.9889 -75.4593
vn -0.000936004 1 7.58607e-16
vt 18.3511 -75.4593
vt 18.3511 103.675
vt 15.9889 103.675
f 301/922/80 300/923/74 335/924/74 334/925/80 

vt 75.4593 14.3681
vt 75.4593 14.9249
vt -103.675 14.9249
vt -103.675 14.3681
f 300/926/74 299/927/74 336/928/74 335/929/74 

vt 18.7448 -75.4593
vt 19.4416 -75.4593
vt 19.4416 103.675
vt 18.7448 103.675
f 299/930/74 298/931/75 337/932/75 336/933/74 

vt -75.4593 -12.077
vt -75.4593 -12.6337
vt 103.675 -12.6337
vt 103.675 -12.077
f 298/934/75 297/935/75 338/936/75 337/937/75 

vt 19.8353 -75.4593
vt 22.1936 -75.4593
vt 22.1936 103.675
vt 19.8353 103.675
f 297/938/75 296/939/74 339/940/74 338/941/75 

vt 75.4593 17.0852
vt 75.4593 17.642
vt -103.675 17.642
vt -103.675 17.0852
f 296/942/74 295/943/74 340/944/74 339/945/74 

vt 22.5873 -75.4593
vt 23.2841 -75.4593
vt 23.2841 103.675
vt 22.5873 103.675
f 295/946/74 294/947/75 341/948/75 340/949/74 

vt -75.4593 -14.794
vt -75.4593 -15.3508
vt 103.675 -15.3508
vt 103.675 -14.794
f 294/950/75 293/951/75 342/952/75 341/953/75 

vt 23.6778 -75.4593
vt 26.04 -75.4593
vt 26.04 103.675
vt 23.6778 103.675
f 293/954/75 292/955/80 343/956/80 342/957/75 

vt 75.4593 14.6286
vt 75.4593 16.5331
vt -103.675 16.5331
vt -103.675 14.6286
f 292/958/77 291/959/77 344/960/77 343/961/77 

vt 26.9849 -75.4593
vt 28.166 -75.4593
vt 28.166 103.675
vt 26.9849 103.675
f 291/962/76 290/963/76 345/964/76 344/965/76 

vt -75.4593 -10.8294
vt -75.4593 -12.7339
vt 103.675 -12.7339
vt 103.675 -10.8294
f 290/966/79 289/967/79 346/968/79 345/969/79 

vt 29.1109 -75.4593
vn -0.000936004 1 7.63374e-16
vt 31.4731 -75.4593
vt 31.4731 103.675
vt 29.1109 103.675
f 289/970/81 288/971/74 347/972/74 346/973/81 

vt 75.4593 23.6468
vt 75.4593 24.2036
vt -103.675 24.2036
vt -103.675 23.6468
f 288/974/74 287/975/74 348/976/74 347/977/74 

vt 31.8668 -75.4593
vt 32.5637 -75.4593
vt 32.5637 103.675
vt 31.8668 103.675
f 287/978/74 286/979/75 349/980/75 348/981/74 

vt -75.4593 -21.3557
vt -75.4593 -21.9124
vt 103.675 -21.9124
vt 103.675 -21.3557
f 286/982/75 285/983/75 350/984/75 349/985/75 

vt 32.9574 -75.4593
vt 35.3196 -75.4593
vt 35.3196 103.675
vt 32.9574 103.675
f 285/986/75 284/987/74 351/988/74 350/989/75 

vt 75.4593 26.3667
vt 75.4593 26.9234
vt -103.675 26.9234
vt -103.675 26.3667
f 284/990/74 283/991/74 352/992/74 351/993/74 

vt 35.7133 -75.4593
vt 36.4101 -75.4593
vt 36.4101 103.675
vt 35.7133 103.675
f 283/994/74 282/995/75 353/996/75 352/997/74 

vt -75.4593 -24.0755
vt -75.4593 -24.6323
vt 103.675 -24.6323
vt 103.675 -24.0755
f 282/998/75 281/999/75 354/1000/75 353/1001/75 

vt 36.8038 103.675
vt 36.8038 -75.4593
vt 39.1621 -75.4593
vn -0.000936004 1 5.31585e-12
vt 39.1621 103.675
f 354/1002/75 281/1003/75 280/1004/82 355/1005/82 

usemtl FrontColor
vt 75.4593 21.139
vt 75.4593 23.0434
vt -103.675 23.0434
vt -103.675 21.139
f 280/1006/77 279/1007/77 356/1008/77 355/1009/77 

vt 40.107 -75.4593
vn -0.000936004 1 4.88456e-14
vt 41.2881 -75.4593
vt 41.2881 103.675
vt 40.107 103.675
f 279/1010/83 278/1011/83 357/1012/83 356/1013/83 

vt -75.4593 -17.3398
vt -75.4593 -17.7479
vt 103.675 -17.7479
vt 103.675 -17.3398
f 278/1014/79 277/1015/79 358/1016/79 357/1017/79 

vt -41.4906 -75.4593
vn 0.000936004 -1 -7.39904e-16
vt -41.2865 -75.4593
vt -41.2865 103.675
vt -41.4906 103.675
f 277/1018/84 276/1019/84 359/1020/84 358/1021/84 

vt 75.4593 -17.6467
vt 75.4593 -17.4426
vt -103.675 -17.4426
vt -103.675 -17.6467
f 276/1022/71 275/1023/71 360/1024/71 359/1025/71 

vt -41.1853 -75.4593
vn 0.000936004 -1 -7.35926e-14
vt -40.2098 -75.4593
vt -40.2098 103.675
vt -41.1853 103.675
f 275/1026/85 274/1027/85 361/1028/85 360/1029/85 

vt -75.4593 22.9406
vn 0.000464388 -0.496139 -0.868243
vt -75.4593 21.3933
vt 103.675 21.3933
vt 103.675 22.9406
f 274/1030/86 273/1031/86 362/1032/86 361/1033/86 

vt -75.4593 21.0362
vt 103.675 21.0362
f 273/1031/86 235/1034/86 238/1035/86 362/1032/86 

usemtl Color_007
v -44.1532 5.81376 -1.84503
vt 39.4421 0.19685
vn 1 0.000936004 1.11222e-12
v -44.1532 5.81376 -1.84053
vt 39.2649 0.19685
f 400/1036/87 273/737/87 235/736/87 401/1037/87 

vt -75.4593 2.10138
vn -2.88866e-13 4.92269e-16 -1
v -47.9752 5.81018 -1.84503
vt 103.675 2.10138
f 273/1038/88 400/603/88 402/602/88 362/1039/88 

vt -39.4421 -75.4593
vn 0.000936004 -1 -8.8194e-10
v -47.9752 5.81018 -1.84053
vt -39.4421 103.675
f 400/1040/89 401/697/89 403/700/89 402/1041/89 

usemtl FrontColor
vt 75.4593 0.19685
vn -8.57624e-14 -7.55863e-12 1
vt 75.4593 1.79134
vt -103.675 1.79134
vt -103.675 0.19685
f 401/1042/90 235/1043/90 238/1044/90 403/1045/90 

usemtl Color_007
vn -1 -0.000936004 7.69068e-12
vt -39.4421 0.19685
vt -39.2649 0.19685
f 362/828/91 402/1046/91 403/1047/91 238/829/91 

usemtl White1
vt -1.81912 -75.4593
vn 0.000936004 -1 -7.6099e-16
vt -0.843645 -75.4593
vt -0.843645 103.675
vt -1.81912 103.675
f 314/1048/92 315/1049/92 399/1050/92 321/1051/92 

usemtl M_0024_OrangeRed
vt -75.4593 3.40956
vt -75.4593 2.79741
vt 103.675 2.79741
vt 103.675 3.40956
f 315/1052/86 316/1053/86 398/1054/86 399/1055/86 

usemtl M_0050_LemonChiffon
vt -0.539933 103.675
vn 0.000936004 -1 2.51608e-10
vt -0.740831 103.675
vt -0.740831 -75.4593
vt -0.539933 -75.4593
f 398/1056/93 397/1057/93 317/1058/93 316/1059/93 

vt -0.740832 103.675
vn 0.000936004 -1 -2.91982e-08
vt -0.743983 103.675
v -44.1533 5.88276 -0.862098
vt -0.743983 -75.4593
vt -0.740832 -75.4593
f 397/1060/94 396/1061/94 404/1062/94 317/1063/94 

vt 103.675 2.89865
vt 103.675 3.30675
vt -75.4593 3.30675
vt -75.4593 2.89865
f 396/1064/86 395/1065/86 318/1066/86 404/1067/86 

vt -0.946458 103.675
vn 0.000936004 -1 -3.75442e-14
vt -1.71631 103.675
vt -1.71631 -75.4593
vt -0.946458 -75.4593
f 395/1068/95 319/1069/95 239/1070/95 318/1071/95 

vn 1 0.000936004 8.60358e-11
vt 0.740832 2.91339
vt 0.743983 2.91339
f 318/782/96 317/1072/96 404/1073/96

usemtl FrontColor
vt -36.7304 103.675
vn 0.000864755 -0.923879 0.382683
vn 0.000936004 -1 -5.12022e-12
vt -36.7304 -75.4593
f 363/1074/97 237/699/98 236/698/98 272/1075/97 

usemtl White1
vt 75.4593 -24.7057
vt 75.4593 -24.1489
vt -103.675 -24.1489
vt -103.675 -24.7057
f 272/1076/97 271/1077/97 364/1078/97 363/1079/97 

vt -36.3367 -75.4593
vt -35.7867 -75.4593
vn 0.000864755 -0.923879 -0.382683
vt -35.7867 103.675
vt -36.3367 103.675
f 271/1080/97 270/1081/99 365/1082/99 364/1083/97 

vt -75.4593 26.85
vt -75.4593 26.2933
vt 103.675 26.2933
vt 103.675 26.85
f 270/1084/99 269/1085/99 366/1086/99 365/1087/99 

vt -35.393 -75.4593
vt -32.884 -75.4593
vt -32.884 103.675
vt -35.393 103.675
f 269/1088/99 268/1089/97 367/1090/97 366/1091/99 

vt 75.4593 -21.9858
vt 75.4593 -21.429
vt -103.675 -21.429
vt -103.675 -21.9858
f 268/1092/97 267/1093/97 368/1094/97 367/1095/97 

vt -32.4903 -75.4593
vt -31.9402 -75.4593
vt -31.9402 103.675
vt -32.4903 103.675
f 267/1096/97 266/1097/99 369/1098/99 368/1099/97 

vt -75.4593 24.1302
vt -75.4593 23.5734
vt 103.675 23.5734
vt 103.675 24.1302
f 266/1100/99 265/1101/99 370/1102/99 369/1103/99 

vt -31.5465 -75.4593
vt -29.0081 -75.4593
vt -29.0081 103.675
vt -31.5465 103.675
f 265/1104/99 264/1105/92 371/1106/92 370/1107/99 

vt 75.4593 -12.8367
vt 75.4593 -10.9323
vt -103.675 -10.9323
vt -103.675 -12.8367
f 264/1108/71 263/1109/71 372/1110/71 371/1111/71 

vt -28.0632 -75.4593
vn 0.000936004 -1 -1.53307e-14
vt -27.0877 -75.4593
vt -27.0877 103.675
vt -28.0632 103.675
f 263/1112/100 262/1113/100 373/1114/100 372/1115/100 

vt -75.4593 16.4303
vt -75.4593 14.5258
vt 103.675 14.5258
vt 103.675 16.4303
f 262/1116/86 261/1117/86 374/1118/86 373/1119/86 

vt -26.1429 -75.4593
vt -23.6045 -75.4593
vt -23.6045 103.675
vt -26.1429 103.675
f 261/1120/92 260/1121/97 375/1122/97 374/1123/92 

vt 75.4593 -15.4242
vt 75.4593 -14.8674
vt -103.675 -14.8674
vt -103.675 -15.4242
f 260/1124/97 259/1125/97 376/1126/97 375/1127/97 

vt -23.2108 -75.4593
vt -22.6607 -75.4593
vt -22.6607 103.675
vt -23.2108 103.675
f 259/1128/97 258/1129/99 377/1130/99 376/1131/97 

vt -75.4593 17.5686
vt -75.4593 17.0118
vt 103.675 17.0118
vt 103.675 17.5686
f 258/1132/99 257/1133/99 378/1134/99 377/1135/99 

vt -22.267 -75.4593
vt -19.7619 -75.4593
vt -19.7619 103.675
vt -22.267 103.675
f 257/1136/99 256/1137/97 379/1138/97 378/1139/99 

vt 75.4593 -12.7071
vt 75.4593 -12.1504
vt -103.675 -12.1504
vt -103.675 -12.7071
f 256/1140/97 255/1141/97 380/1142/97 379/1143/97 

vt -19.3682 -75.4593
vt -18.8182 -75.4593
vt -18.8182 103.675
vt -19.3682 103.675
f 255/1144/97 254/1145/99 381/1146/99 380/1147/97 

vt -75.4593 14.8515
vt -75.4593 14.2947
vt 103.675 14.2947
vt 103.675 14.8515
f 254/1148/99 253/1149/99 382/1150/99 381/1151/99 

vt -18.4245 -75.4593
vt -15.886 -75.4593
vt -15.886 103.675
vt -18.4245 103.675
f 253/1152/99 252/1153/92 383/1154/92 382/1155/99 

vt 75.4593 -6.32637
vt 75.4593 -4.4219
vt -103.675 -4.4219
vt -103.675 -6.32637
f 252/1156/71 251/1157/71 384/1158/71 383/1159/71 

vt -14.9412 -75.4593
vn 0.000936004 -1 -7.53698e-16
vt -13.9657 -75.4593
vt -13.9657 103.675
vt -14.9412 103.675
f 251/1160/101 250/1161/101 385/1162/101 384/1163/101 

vt -75.4593 9.91992
vt -75.4593 8.01545
vt 103.675 8.01545
vt 103.675 9.91992
f 250/1164/86 249/1165/86 386/1166/86 385/1167/86 

vt -13.0208 -75.4593
vt -10.4824 -75.4593
vt -10.4824 103.675
vt -13.0208 103.675
f 249/1168/92 248/1169/97 387/1170/97 386/1171/92 

vt 75.4593 -6.14551
vt 75.4593 -5.58874
vt -103.675 -5.58874
vt -103.675 -6.14551
f 248/1172/97 247/1173/97 388/1174/97 387/1175/97 

vt -10.0887 -75.4593
vt -9.54059 -75.4593
vt -9.54059 103.675
vt -10.0887 103.675
f 247/1176/97 246/1177/99 389/1178/99 388/1179/97 

vt -75.4593 8.29127
vt -75.4593 7.7345
vt 103.675 7.7345
vt 103.675 8.29127
f 246/1180/99 245/1181/99 390/1182/99 389/1183/99 

vt -9.14689 -75.4593
vt -6.63792 -75.4593
vt -6.63792 103.675
vt -9.14689 103.675
f 245/1184/99 244/1185/97 391/1186/97 390/1187/99 

vt 75.4593 -3.42705
vt 75.4593 -2.87027
vt -103.675 -2.87027
vt -103.675 -3.42705
f 244/1188/97 243/1189/97 392/1190/97 391/1191/97 

vt -6.24422 -75.4593
vt -5.69611 -75.4593
vt -5.69611 103.675
vt -6.24422 103.675
f 243/1192/97 242/1193/99 393/1194/99 392/1195/97 

vt -75.4593 5.57281
vt -75.4593 5.01603
vt 103.675 5.01603
vt 103.675 5.57281
f 242/1196/99 241/1197/99 394/1198/99 393/1199/99 

usemtl FrontColor
vt -2.55995 -75.4593
vn 0.000936004 -1 9.5437e-15
vt -2.55995 103.675
vt -5.3024 103.675
vt -5.3024 -75.4593
f 240/1200/102 320/1201/102 394/1202/99 241/1203/99 

g Mesh5 Group3 Model

usemtl M_0050_LemonChiffon
v -46.8832 5.80551 -8.83868
vt 73.4909 -2.21071e-10
vn -1.21781e-12 2.12782e-09 -1
v -46.8832 5.81051 -8.83868
vt 73.4909 0.19685
v -44.1532 5.81477 -8.83868
vt -105.643 0.19685
v -44.1532 5.80977 -8.83868
vt -105.643 -2.39317e-10
f 405/1204/103 406/1205/103 407/1206/103 408/1207/103 

usemtl FrontColor
v -46.8832 5.80651 -8.81697
vn -0.999999 -0.00156001 -1.37321e-12
v -46.8832 5.80951 -8.81697
v -46.8832 5.80977 -8.81701
v -46.8832 5.81001 -8.81712
v -46.8832 5.81021 -8.81729
v -46.8832 5.81037 -8.81752
v -46.8832 5.81047 -8.81778
v -46.8832 5.81051 -8.81806
vt -0.075928 -1.52287e-11
v -46.8832 5.80551 -8.81806
vt 0.672103 1.10765e-10
v -46.8832 5.80554 -8.81778
v -46.8832 5.80564 -8.81752
v -46.8832 5.8058 -8.81729
v -46.8832 5.80601 -8.81712
v -46.8832 5.80625 -8.81701
f 409/605/104 410/606/104 411/607/104 412/608/104 413/609/104 414/610/104 415/611/104 416/612/104 406/613/104 405/1208/104 417/1209/104 418/616/104 419/617/104 420/618/104 421/619/104 422/620/104 

usemtl M_0050_LemonChiffon
v -44.1532 5.81077 -8.81697
vt 105.643 0.0393701
vn 3.38496e-05 -0.0602733 0.998182
v -44.1532 5.81377 -8.81697
vt 105.643 0.15748
vn -3.38496e-05 0.0602733 0.998182
vt -73.4909 0.15748
vt -73.4909 0.0393701
f 423/1210/105 424/1211/106 410/1212/106 409/1213/105 

v -44.1532 5.80977 -8.81806
vt -0.672103 -9.95315e-12
vn 0.999999 0.00156001 -2.84408e-13
vt 0.075928 -7.38736e-11
v -44.1532 5.81477 -8.81806
v -44.1532 5.81473 -8.81778
v -44.1532 5.81463 -8.81752
v -44.1532 5.81447 -8.81729
v -44.1532 5.81427 -8.81712
v -44.1532 5.81402 -8.81701
v -44.1532 5.81051 -8.81701
v -44.1532 5.81027 -8.81712
v -44.1532 5.81006 -8.81729
v -44.1532 5.8099 -8.81752
v -44.1532 5.8098 -8.81778
f 425/1214/107 408/1215/107 407/627/107 426/628/107 427/629/107 428/630/107 429/631/107 430/632/107 431/633/107 424/634/107 423/635/107 432/636/107 433/637/107 434/638/107 435/639/107 436/640/107 

vt -0.075928 -105.643
vn 0.000561602 -1 1.37791e-10
vt 0.672103 -105.643
vn 0.000560186 -0.997479 0.0709655
vt 0.672103 73.4909
vt -0.075928 73.4909
f 408/1216/108 425/1217/109 417/1218/109 405/1219/108 

vt 105.643 0.666354
vt 105.643 0.676631
vn 0.000539257 -0.960211 0.279276
vt -73.4909 0.676631
vt -73.4909 0.666354
f 425/1220/109 436/1221/110 418/1222/110 417/1223/109 

vt 105.643 0.63087
vt 105.643 0.641148
vn 0.000475876 -0.847353 0.531029
vt -73.4909 0.641148
vt -73.4909 0.63087
f 436/1224/110 435/1225/111 419/1226/111 418/1227/110 

vt 105.643 0.552044
vt 105.643 0.562321
vn 0.00038052 -0.677561 0.735466
vt -73.4909 0.562321
vt -73.4909 0.552044
f 435/1228/111 434/1229/112 420/1230/112 419/1231/111 

vt 105.643 0.435246
vt 105.643 0.445524
vn 0.000263728 -0.469598 0.88288
vt -73.4909 0.445524
vt -73.4909 0.435246
f 434/1232/112 433/1233/113 421/1234/113 420/1235/112 

vt 105.643 0.288437
vt 105.643 0.298715
vn 0.000134593 -0.239659 0.970857
vt -73.4909 0.298715
vt -73.4909 0.288437
f 433/1236/113 432/1237/114 422/1238/114 421/1239/113 

vt 105.643 0.121622
vt 105.643 0.131899
vt -73.4909 0.131899
vt -73.4909 0.121622
f 432/1240/114 423/1241/105 409/1242/105 422/1243/114 

vt -0.672103 -105.643
vn -0.000560186 0.997479 0.0709655
vt 0.075928 -105.643
vn -0.000561602 1 9.12028e-16
vt 0.075928 73.4909
vt -0.672103 73.4909
f 426/1244/115 407/1245/116 406/1246/116 416/1247/115 

vt 105.643 -0.650937
vn -0.000539257 0.960211 0.279276
vt 105.643 -0.640659
vt -73.4909 -0.640659
vt -73.4909 -0.650937
f 427/1248/117 426/1249/115 416/1250/115 415/1251/117 

vt 105.643 -0.565816
vn -0.000475876 0.847353 0.531029
vt 105.643 -0.555539
vt -73.4909 -0.555539
vt -73.4909 -0.565816
f 428/1252/118 427/1253/117 415/1254/117 414/1255/118 

vt 105.643 -0.442486
vn -0.00038052 0.677561 0.735466
vt 105.643 -0.432209
vt -73.4909 -0.432209
vt -73.4909 -0.442486
f 429/1256/119 428/1257/118 414/1258/118 413/1259/119 

vt 105.643 -0.289352
vn -0.000263728 0.469598 0.88288
vt 105.643 -0.279074
vt -73.4909 -0.279074
vt -73.4909 -0.289352
f 430/1260/120 429/1261/119 413/1262/119 412/1263/120 

vt 105.643 -0.116849
vn -0.000134593 0.239659 0.970857
vt 105.643 -0.106571
vt -73.4909 -0.106571
vt -73.4909 -0.116849
f 431/1264/121 430/1265/120 412/1266/120 411/1267/121 

vt 105.643 0.0632671
vt 105.643 0.0735448
vt -73.4909 0.0735448
vt -73.4909 0.0632671
f 424/1268/106 431/1269/121 411/1270/121 410/1271/106 

g Mesh6 Group3 Model

usemtl FrontColor
v -44.1533 5.85527 -9.91915
vt -39.2649 -105.643
vn 0.000561602 -1 -1.51794e-13
v -44.1533 5.85527 -9.91632
vt -39.1621 -105.643
v -46.8833 5.85101 -9.91632
vt -39.1621 73.4909
v -46.8833 5.85101 -9.91915
vt -39.2649 73.4909
f 437/1272/122 438/1273/122 439/1274/122 440/1275/122 

usemtl White1
v -44.1533 5.89277 -8.88391
vn 0.999999 0.00156001 -3.11107e-16
v -44.1533 5.85527 -8.90717
v -44.1533 5.85527 -8.98278
v -44.1533 5.86527 -8.99364
v -44.1533 5.86527 -9.00875
v -44.1533 5.85527 -9.0196
v -44.1533 5.85527 -9.08878
v -44.1533 5.86527 -9.09963
v -44.1533 5.86527 -9.11474
v -44.1533 5.85527 -9.1256
v -44.1533 5.85527 -9.19558
v -44.1533 5.89727 -9.22163
v -44.1533 5.89727 -9.24853
v -44.1533 5.85527 -9.27458
v -44.1533 5.85527 -9.34457
v -44.1533 5.86527 -9.35542
v -44.1533 5.86527 -9.37059
v -44.1533 5.85527 -9.38144
v -44.1533 5.85527 -9.45051
v -44.1533 5.86527 -9.46136
v -44.1533 5.86527 -9.47653
v -44.1533 5.85527 -9.48738
v -44.1533 5.85527 -9.55737
v -44.1533 5.89727 -9.58342
v -44.1533 5.89727 -9.61031
v -44.1533 5.85527 -9.63636
v -44.1533 5.85527 -9.70635
v -44.1533 5.86527 -9.7172
v -44.1533 5.86527 -9.73237
v -44.1533 5.85527 -9.74323
v -44.1533 5.85527 -9.8124
v -44.1533 5.86527 -9.82325
v -44.1533 5.86527 -9.83842
v -44.1533 5.85527 -9.84927
v -44.1533 5.86314 -9.92404
v -44.1533 5.89727 -9.9452
v -44.1533 5.89727 -9.9721
v -44.1533 5.89277 -9.97489
v -44.1533 5.89277 -9.98051
v -44.1533 5.90177 -9.97493
v -44.1533 5.90177 -9.94237
v -44.1533 5.85977 -9.91632
v -44.1533 5.85977 -9.8513
v -44.1533 5.86977 -9.84044
v -44.1533 5.86977 -9.82123
v -44.1533 5.85977 -9.81038
v -44.1533 5.85977 -9.74525
v -44.1533 5.86977 -9.73439
v -44.1533 5.86977 -9.71518
v -44.1533 5.85977 -9.70433
v -44.1533 5.85977 -9.6392
v -44.1533 5.90177 -9.61315
v -44.1533 5.90177 -9.58058
v -44.1533 5.85977 -9.55453
v -44.1533 5.85977 -9.48941
v -44.1533 5.86977 -9.47855
v -44.1533 5.86977 -9.45934
v -44.1533 5.85977 -9.44848
v -44.1533 5.85977 -9.38346
v -44.1533 5.86977 -9.37261
v -44.1533 5.86977 -9.3534
v -44.1533 5.85977 -9.34254
v -44.1533 5.85977 -9.27741
v -44.1533 5.90177 -9.25136
v -44.1533 5.90177 -9.2188
v -44.1533 5.85977 -9.19275
v -44.1533 5.85977 -9.12762
v -44.1533 5.86977 -9.11677
v -44.1533 5.86977 -9.09761
v -44.1533 5.85977 -9.08675
v -44.1533 5.85977 -9.02163
v -44.1533 5.86977 -9.01077
v -44.1533 5.86977 -8.99161
v -44.1533 5.85977 -8.98076
v -44.1533 5.85977 -8.91
v -44.1533 5.89727 -8.88674
v -44.1533 5.89727 -8.85985
v -44.1533 5.88377 -8.85148
v -44.1533 5.88377 -8.85702
v -44.1533 5.89277 -8.86269
f 441/701/123 442/702/123 443/703/123 444/704/123 445/705/123 446/706/123 447/707/123 448/708/123 449/709/123 450/710/123 451/711/123 452/712/123 453/713/123 454/714/123 455/715/123 456/716/123 457/717/123 458/718/123 459/719/123 460/720/123 461/721/123 462/722/123 463/723/123 464/724/123 465/725/123 466/726/123 467/727/123 468/728/123 469/729/123 470/730/123 471/731/123 472/732/123 473/733/123 474/734/123 438/735/123 437/736/123 475/737/123 476/738/123 477/739/123 478/740/123 479/741/123 480/742/123 481/743/123 482/744/123 483/745/123 484/746/123 485/747/123 486/748/123 487/749/123 488/750/123 489/751/123 490/752/123 491/753/123 492/754/123 493/755/123 494/756/123 495/757/123 496/758/123 497/759/123 498/760/123 499/761/123 500/762/123 501/763/123 502/764/123 503/765/123 504/766/123 505/767/123 506/768/123 507/769/123 508/770/123 509/771/123 510/772/123 511/773/123 512/774/123 513/775/123 514/776/123 515/777/123 516/778/123 517/779/123 518/780/123 519/781/123 520/782/123 

usemtl M_0050_LemonChiffon
v -46.8833 5.88851 -8.88391
vt -73.4909 1.98565
vn 0.000261612 -0.465831 0.884873
v -46.8833 5.85101 -8.90717
vt -73.4909 0.285225
vt 105.643 0.285225
vt 105.643 1.98565
f 521/1276/124 522/1277/124 442/1278/124 441/1279/124 

usemtl FrontColor
v -46.8833 5.89301 -8.88674
vn -0.999999 -0.00156001 1.8973e-14
v -46.8833 5.85551 -8.91
v -46.8833 5.85551 -8.98076
v -46.8833 5.86551 -8.99161
v -46.8833 5.86551 -9.01077
v -46.8833 5.85551 -9.02163
v -46.8833 5.85551 -9.08675
v -46.8833 5.86551 -9.09761
v -46.8833 5.86551 -9.11677
v -46.8833 5.85551 -9.12762
v -46.8833 5.85551 -9.19275
v -46.8833 5.89751 -9.2188
v -46.8833 5.89751 -9.25136
v -46.8833 5.85551 -9.27741
v -46.8833 5.85551 -9.34254
v -46.8833 5.86551 -9.3534
v -46.8833 5.86551 -9.37261
v -46.8833 5.85551 -9.38346
v -46.8833 5.85551 -9.44848
v -46.8833 5.86551 -9.45934
v -46.8833 5.86551 -9.47855
v -46.8833 5.85551 -9.48941
v -46.8833 5.85551 -9.55453
v -46.8833 5.89751 -9.58058
v -46.8833 5.89751 -9.61315
v -46.8833 5.85551 -9.6392
v -46.8833 5.85551 -9.70433
v -46.8833 5.86551 -9.71518
v -46.8833 5.86551 -9.73439
v -46.8833 5.85551 -9.74525
v -46.8833 5.85551 -9.81038
v -46.8833 5.86551 -9.82123
v -46.8833 5.86551 -9.84044
v -46.8833 5.85551 -9.8513
v -46.8833 5.85551 -9.91632
v -46.8833 5.89751 -9.94237
v -46.8833 5.89751 -9.97493
v -46.8833 5.88851 -9.98051
v -46.8833 5.88851 -9.97489
v -46.8833 5.89301 -9.9721
v -46.8833 5.89301 -9.9452
v -46.8833 5.85888 -9.92404
v -46.8833 5.85101 -9.84927
v -46.8833 5.86101 -9.83842
v -46.8833 5.86101 -9.82325
v -46.8833 5.85101 -9.8124
v -46.8833 5.85101 -9.74323
v -46.8833 5.86101 -9.73237
v -46.8833 5.86101 -9.7172
v -46.8833 5.85101 -9.70635
v -46.8833 5.85101 -9.63636
v -46.8833 5.89301 -9.61031
v -46.8833 5.89301 -9.58342
v -46.8833 5.85101 -9.55737
v -46.8833 5.85101 -9.48738
v -46.8833 5.86101 -9.47653
v -46.8833 5.86101 -9.46136
v -46.8833 5.85101 -9.45051
v -46.8833 5.85101 -9.38144
v -46.8833 5.86101 -9.37059
v -46.8833 5.86101 -9.35542
v -46.8833 5.85101 -9.34457
v -46.8833 5.85101 -9.27458
v -46.8833 5.89301 -9.24853
v -46.8833 5.89301 -9.22163
v -46.8833 5.85101 -9.19558
v -46.8833 5.85101 -9.1256
v -46.8833 5.86101 -9.11474
v -46.8833 5.86101 -9.09963
v -46.8833 5.85101 -9.08878
v -46.8833 5.85101 -9.0196
v -46.8833 5.86101 -9.00875
v -46.8833 5.86101 -8.99364
v -46.8833 5.85101 -8.98278
v -46.8833 5.88851 -8.86269
v -46.8833 5.87951 -8.8571
v -46.8833 5.87951 -8.85702
v -46.8833 5.87951 -8.85148
v -46.8833 5.89301 -8.85985
f 523/787/125 524/788/125 525/789/125 526/790/125 527/791/125 528/792/125 529/793/125 530/794/125 531/795/125 532/796/125 533/797/125 534/798/125 535/799/125 536/800/125 537/801/125 538/802/125 539/803/125 540/804/125 541/805/125 542/806/125 543/807/125 544/808/125 545/809/125 546/810/125 547/811/125 548/812/125 549/813/125 550/814/125 551/815/125 552/816/125 553/817/125 554/818/125 555/819/125 556/820/125 557/821/125 558/822/125 559/823/125 560/824/125 561/825/125 562/826/125 563/827/125 564/828/125 440/829/125 439/830/125 565/831/125 566/832/125 567/833/125 568/834/125 569/835/125 570/836/125 571/837/125 572/838/125 573/839/125 574/840/125 575/841/125 576/842/125 577/843/125 578/844/125 579/845/125 580/846/125 581/847/125 582/848/125 583/849/125 584/850/125 585/851/125 586/852/125 587/853/125 588/854/125 589/855/125 590/856/125 591/857/125 592/858/125 593/859/125 594/860/125 595/861/125 596/862/125 522/863/125 521/864/125 597/865/125 598/866/125 599/867/125 600/868/125 601/869/125 

usemtl White1
vt -73.4909 2.08846
vt -73.4909 0.388038
vt 105.643 0.388038
vt 105.643 2.08846
f 523/1280/124 524/1281/124 515/1282/124 516/1283/124 

vt 2.66277 73.4909
vn -0.000561602 1 -2.2576e-11
vt 2.66277 -105.643
vt 5.22902 -105.643
vn -0.000512212 0.912053 0.410071
vt 5.22902 73.4909
f 524/1284/126 515/1285/126 514/1286/127 525/1287/127 

vt 105.643 5.08942
vt 105.643 5.6462
vt -73.4909 5.6462
vt -73.4909 5.08942
f 514/1288/127 513/1289/127 526/1290/127 525/1291/127 

vt 5.62272 -105.643
vt 6.3176 -105.643
vn -0.000512212 0.912053 -0.410071
vt 6.3176 73.4909
vt 5.62272 73.4909
f 513/1292/127 512/1293/128 527/1294/128 526/1295/127 

vt -105.643 -2.79689
vt -105.643 -3.35367
vt 73.4909 -3.35367
vt 73.4909 -2.79689
f 512/1296/128 511/1297/128 528/1298/128 527/1299/128 

vt 6.7113 -105.643
vt 9.07351 -105.643
vt 9.07351 73.4909
vt 6.7113 73.4909
f 511/1300/128 510/1301/127 529/1302/127 528/1303/128 

vt 105.643 7.80788
vt 105.643 8.36466
vt -73.4909 8.36466
vt -73.4909 7.80788
f 510/1304/127 509/1305/127 530/1306/127 529/1307/127 

vt 9.46721 -105.643
vt 10.1621 -105.643
vt 10.1621 73.4909
vt 9.46721 73.4909
f 509/1308/127 508/1309/128 531/1310/128 530/1311/127 

vt -105.643 -5.51535
vt -105.643 -6.07213
vt 73.4909 -6.07213
vt 73.4909 -5.51535
f 508/1312/128 507/1313/128 532/1314/128 531/1315/128 

vt 10.5558 -105.643
vt 12.918 -105.643
vn -0.000561602 1 7.6362e-16
vt 12.918 73.4909
vt 10.5558 73.4909
f 507/1316/128 506/1317/129 533/1318/129 532/1319/128 

vt 105.643 8.11826
vn -0.000261612 0.465831 0.884873
vt 105.643 10.0227
vt -73.4909 10.0227
vt -73.4909 8.11826
f 506/1320/130 505/1321/130 534/1322/130 533/1323/130 

vt 13.8629 -105.643
vn -0.000561602 1 7.68594e-16
vt 15.044 -105.643
vt 15.044 73.4909
vt 13.8629 73.4909
f 505/1324/131 504/1325/131 535/1326/131 534/1327/131 

vt -105.643 -4.31909
vn -0.000261612 0.465831 -0.884873
vt -105.643 -6.22356
vt 73.4909 -6.22356
vt 73.4909 -4.31909
f 504/1328/132 503/1329/132 536/1330/132 535/1331/132 

vt 15.9889 -105.643
vt 18.3511 -105.643
vt 18.3511 73.4909
vt 15.9889 73.4909
f 503/1332/129 502/1333/127 537/1334/127 536/1335/129 

vt 105.643 14.3681
vt 105.643 14.9249
vt -73.4909 14.9249
vt -73.4909 14.3681
f 502/1336/127 501/1337/127 538/1338/127 537/1339/127 

vt 18.7448 -105.643
vt 19.4416 -105.643
vt 19.4416 73.4909
vt 18.7448 73.4909
f 501/1340/127 500/1341/128 539/1342/128 538/1343/127 

vt -105.643 -12.077
vt -105.643 -12.6337
vt 73.4909 -12.6337
vt 73.4909 -12.077
f 500/1344/128 499/1345/128 540/1346/128 539/1347/128 

vt 19.8353 -105.643
vt 22.1936 -105.643
vt 22.1936 73.4909
vt 19.8353 73.4909
f 499/1348/128 498/1349/127 541/1350/127 540/1351/128 

vt 105.643 17.0852
vt 105.643 17.642
vt -73.4909 17.642
vt -73.4909 17.0852
f 498/1352/127 497/1353/127 542/1354/127 541/1355/127 

vt 22.5873 -105.643
vt 23.2841 -105.643
vt 23.2841 73.4909
vt 22.5873 73.4909
f 497/1356/127 496/1357/128 543/1358/128 542/1359/127 

vt -105.643 -14.794
vt -105.643 -15.3508
vt 73.4909 -15.3508
vt 73.4909 -14.794
f 496/1360/128 495/1361/128 544/1362/128 543/1363/128 

vt 23.6778 -105.643
vt 26.04 -105.643
vt 26.04 73.4909
vt 23.6778 73.4909
f 495/1364/128 494/1365/129 545/1366/129 544/1367/128 

vt 105.643 14.6286
vt 105.643 16.5331
vt -73.4909 16.5331
vt -73.4909 14.6286
f 494/1368/130 493/1369/130 546/1370/130 545/1371/130 

vt 26.9849 -105.643
vn -0.000561602 1 7.58646e-16
vt 28.166 -105.643
vt 28.166 73.4909
vt 26.9849 73.4909
f 493/1372/133 492/1373/133 547/1374/133 546/1375/133 

vt -105.643 -10.8294
vt -105.643 -12.7339
vt 73.4909 -12.7339
vt 73.4909 -10.8294
f 492/1376/132 491/1377/132 548/1378/132 547/1379/132 

vt 29.1109 -105.643
vt 31.4731 -105.643
vt 31.4731 73.4909
vt 29.1109 73.4909
f 491/1380/129 490/1381/127 549/1382/127 548/1383/129 

vt 105.643 23.6468
vt 105.643 24.2036
vt -73.4909 24.2036
vt -73.4909 23.6468
f 490/1384/127 489/1385/127 550/1386/127 549/1387/127 

vt 31.8668 -105.643
vt 32.5637 -105.643
vt 32.5637 73.4909
vt 31.8668 73.4909
f 489/1388/127 488/1389/128 551/1390/128 550/1391/127 

vt -105.643 -21.3557
vt -105.643 -21.9124
vt 73.4909 -21.9124
vt 73.4909 -21.3557
f 488/1392/128 487/1393/128 552/1394/128 551/1395/128 

vt 32.9574 -105.643
vt 35.3196 -105.643
vt 35.3196 73.4909
vt 32.9574 73.4909
f 487/1396/128 486/1397/127 553/1398/127 552/1399/128 

vt 105.643 26.3667
vt 105.643 26.9234
vt -73.4909 26.9234
vt -73.4909 26.3667
f 486/1400/127 485/1401/127 554/1402/127 553/1403/127 

vt 35.7133 -105.643
vt 36.4101 -105.643
vt 36.4101 73.4909
vt 35.7133 73.4909
f 485/1404/127 484/1405/128 555/1406/128 554/1407/127 

vt -105.643 -24.0755
vt -105.643 -24.6323
vt 73.4909 -24.6323
vt 73.4909 -24.0755
f 484/1408/128 483/1409/128 556/1410/128 555/1411/128 

vt 36.8038 73.4909
vt 36.8038 -105.643
vt 39.1621 -105.643
vn -0.000561602 1 5.77013e-12
vt 39.1621 73.4909
f 556/1412/128 483/1413/128 482/1414/134 557/1415/134 

usemtl FrontColor
vt 105.643 21.139
vt 105.643 23.0434
vt -73.4909 23.0434
vt -73.4909 21.139
f 482/1416/130 481/1417/130 558/1418/130 557/1419/130 

vt 40.107 -105.643
vn -0.000561602 1 5.3e-14
vt 41.2881 -105.643
vt 41.2881 73.4909
vt 40.107 73.4909
f 481/1420/135 480/1421/135 559/1422/135 558/1423/135 

vt -105.643 -17.3398
vt -105.643 -17.7479
vt 73.4909 -17.7479
vt 73.4909 -17.3398
f 480/1424/132 479/1425/132 560/1426/132 559/1427/132 

vt -41.4906 -105.643
vn 0.000561602 -1 -7.05872e-16
vt -41.2865 -105.643
vt -41.2865 73.4909
vt -41.4906 73.4909
f 479/1428/136 478/1429/136 561/1430/136 560/1431/136 

vt 105.643 -17.6467
vt 105.643 -17.4426
vt -73.4909 -17.4426
vt -73.4909 -17.6467
f 478/1432/124 477/1433/124 562/1434/124 561/1435/124 

vt -41.1853 -105.643
vn 0.000561602 -1 -6.39188e-14
vt -40.2098 -105.643
vt -40.2098 73.4909
vt -41.1853 73.4909
f 477/1436/137 476/1437/137 563/1438/137 562/1439/137 

vt -105.643 22.9406
vn 0.000261612 -0.465831 -0.884873
vt -105.643 21.3933
vt 73.4909 21.3933
vt 73.4909 22.9406
f 476/1440/138 475/1441/138 564/1442/138 563/1443/138 

vt -105.643 21.0362
vt 73.4909 21.0362
f 475/1441/138 437/1444/138 440/1445/138 564/1442/138 

usemtl Color_007
v -44.1532 5.81477 -9.92404
vn 0.999999 0.00156001 1.39003e-12
v -44.1532 5.81477 -9.91915
f 602/1036/139 475/737/139 437/736/139 603/1037/139 

vt -105.643 2.10138
vn -1.89263e-13 4.66234e-16 -1
v -46.8832 5.81051 -9.92404
vt 73.4909 2.10138
f 475/1446/140 602/1206/140 604/1205/140 564/1447/140 

vt -39.4421 -105.643
vn 0.000561602 -1 -9.57399e-10
v -46.8832 5.81051 -9.91915
vt -39.4421 73.4909
f 602/1448/141 603/1272/141 605/1275/141 604/1449/141 

usemtl FrontColor
vt 105.643 0.19685
vn -5.75884e-14 -7.02055e-12 1
vt 105.643 1.79134
vt -73.4909 1.79134
vt -73.4909 0.19685
f 603/1450/142 437/1451/142 440/1452/142 605/1453/142 

usemtl Color_007
vn -0.999999 -0.00156001 1.15486e-11
f 564/828/143 604/1046/143 605/1047/143 440/829/143 

usemtl White1
vt -1.81912 -105.643
vn 0.000561602 -1 -7.6362e-16
vt -0.843645 -105.643
vt -0.843645 73.4909
vt -1.81912 73.4909
f 516/1454/144 517/1455/144 601/1456/144 523/1457/144 

usemtl M_0024_OrangeRed
vt -105.643 3.40956
vt -105.643 2.79741
vt 73.4909 2.79741
vt 73.4909 3.40956
f 517/1458/138 518/1459/138 600/1460/138 601/1461/138 

usemtl M_0050_LemonChiffon
vt -0.539933 73.4909
vn 0.000561602 -1 2.73111e-10
vt -0.740831 73.4909
vt -0.740831 -105.643
vt -0.539933 -105.643
f 600/1462/145 599/1463/145 519/1464/145 518/1465/145 

vt -0.740832 73.4909
vn 0.000561602 -1 -3.16935e-08
vt -0.743983 73.4909
v -44.1533 5.88377 -8.8571
vt -0.743983 -105.643
vt -0.740832 -105.643
f 599/1466/146 598/1467/146 606/1468/146 519/1469/146 

vt 73.4909 2.89865
vt 73.4909 3.30675
vt -105.643 3.30675
vt -105.643 2.89865
f 598/1470/138 597/1471/138 520/1472/138 606/1473/138 

vt -0.946458 73.4909
vn 0.000561602 -1 -2.06709e-14
vt -1.71631 73.4909
vt -1.71631 -105.643
vt -0.946458 -105.643
f 597/1474/147 521/1475/147 441/1476/147 520/1477/147 

vn 0.999999 0.00156001 -6.42039e-11
f 520/782/148 519/781/148 606/1073/148

usemtl FrontColor
vt -36.7304 73.4909
vn 0.000512212 -0.912053 0.410071
vn 0.000561602 -1 -5.55768e-12
vt -36.7304 -105.643
f 565/1478/149 439/1274/150 438/1273/150 474/1479/149 

usemtl White1
vt 105.643 -24.7057
vt 105.643 -24.1489
vt -73.4909 -24.1489
vt -73.4909 -24.7057
f 474/1480/149 473/1481/149 566/1482/149 565/1483/149 

vt -36.3367 -105.643
vt -35.7867 -105.643
vn 0.000512212 -0.912053 -0.410071
vt -35.7867 73.4909
vt -36.3367 73.4909
f 473/1484/149 472/1485/151 567/1486/151 566/1487/149 

vt -105.643 26.85
vt -105.643 26.2933
vt 73.4909 26.2933
vt 73.4909 26.85
f 472/1488/151 471/1489/151 568/1490/151 567/1491/151 

vt -35.393 -105.643
vt -32.884 -105.643
vt -32.884 73.4909
vt -35.393 73.4909
f 471/1492/151 470/1493/149 569/1494/149 568/1495/151 

vt 105.643 -21.9858
vt 105.643 -21.429
vt -73.4909 -21.429
vt -73.4909 -21.9858
f 470/1496/149 469/1497/149 570/1498/149 569/1499/149 

vt -32.4903 -105.643
vt -31.9402 -105.643
vt -31.9402 73.4909
vt -32.4903 73.4909
f 469/1500/149 468/1501/151 571/1502/151 570/1503/149 

vt -105.643 24.1302
vt -105.643 23.5734
vt 73.4909 23.5734
vt 73.4909 24.1302
f 468/1504/151 467/1505/151 572/1506/151 571/1507/151 

vt -31.5465 -105.643
vt -29.0081 -105.643
vt -29.0081 73.4909
vt -31.5465 73.4909
f 467/1508/151 466/1509/144 573/1510/144 572/1511/151 

vt 105.643 -12.8367
vt 105.643 -10.9323
vt -73.4909 -10.9323
vt -73.4909 -12.8367
f 466/1512/124 465/1513/124 574/1514/124 573/1515/124 

vt -28.0632 -105.643
vn 0.000561602 -1 -1.65803e-14
vt -27.0877 -105.643
vt -27.0877 73.4909
vt -28.0632 73.4909
f 465/1516/152 464/1517/152 575/1518/152 574/1519/152 

vt -105.643 16.4303
vt -105.643 14.5258
vt 73.4909 14.5258
vt 73.4909 16.4303
f 464/1520/138 463/1521/138 576/1522/138 575/1523/138 

vt -26.1429 -105.643
vn 0.000561602 -1 -7.61466e-16
vt -23.6045 -105.643
vt -23.6045 73.4909
vt -26.1429 73.4909
f 463/1524/153 462/1525/149 577/1526/149 576/1527/153 

vt 105.643 -15.4242
vt 105.643 -14.8674
vt -73.4909 -14.8674
vt -73.4909 -15.4242
f 462/1528/149 461/1529/149 578/1530/149 577/1531/149 

vt -23.2108 -105.643
vt -22.6607 -105.643
vt -22.6607 73.4909
vt -23.2108 73.4909
f 461/1532/149 460/1533/151 579/1534/151 578/1535/149 

vt -105.643 17.5686
vt -105.643 17.0118
vt 73.4909 17.0118
vt 73.4909 17.5686
f 460/1536/151 459/1537/151 580/1538/151 579/1539/151 

vt -22.267 -105.643
vt -19.7619 -105.643
vt -19.7619 73.4909
vt -22.267 73.4909
f 459/1540/151 458/1541/149 581/1542/149 580/1543/151 

vt 105.643 -12.7071
vt 105.643 -12.1504
vt -73.4909 -12.1504
vt -73.4909 -12.7071
f 458/1544/149 457/1545/149 582/1546/149 581/1547/149 

vt -19.3682 -105.643
vt -18.8182 -105.643
vt -18.8182 73.4909
vt -19.3682 73.4909
f 457/1548/149 456/1549/151 583/1550/151 582/1551/149 

vt -105.643 14.8515
vt -105.643 14.2947
vt 73.4909 14.2947
vt 73.4909 14.8515
f 456/1552/151 455/1553/151 584/1554/151 583/1555/151 

vt -18.4245 -105.643
vt -15.886 -105.643
vt -15.886 73.4909
vt -18.4245 73.4909
f 455/1556/151 454/1557/144 585/1558/144 584/1559/151 

vt 105.643 -6.32637
vt 105.643 -4.4219
vt -73.4909 -4.4219
vt -73.4909 -6.32637
f 454/1560/124 453/1561/124 586/1562/124 585/1563/124 

vt -14.9412 -105.643
vt -13.9657 -105.643
vt -13.9657 73.4909
vt -14.9412 73.4909
f 453/1564/144 452/1565/144 587/1566/144 586/1567/144 

vt -105.643 9.91992
vt -105.643 8.01545
vt 73.4909 8.01545
vt 73.4909 9.91992
f 452/1568/138 451/1569/138 588/1570/138 587/1571/138 

vt -13.0208 -105.643
vt -10.4824 -105.643
vt -10.4824 73.4909
vt -13.0208 73.4909
f 451/1572/153 450/1573/149 589/1574/149 588/1575/153 

vt 105.643 -6.14551
vt 105.643 -5.58874
vt -73.4909 -5.58874
vt -73.4909 -6.14551
f 450/1576/149 449/1577/149 590/1578/149 589/1579/149 

vt -10.0887 -105.643
vt -9.54059 -105.643
vt -9.54059 73.4909
vt -10.0887 73.4909
f 449/1580/149 448/1581/151 591/1582/151 590/1583/149 

vt -105.643 8.29127
vt -105.643 7.7345
vt 73.4909 7.7345
vt 73.4909 8.29127
f 448/1584/151 447/1585/151 592/1586/151 591/1587/151 

vt -9.14689 -105.643
vt -6.63792 -105.643
vt -6.63792 73.4909
vt -9.14689 73.4909
f 447/1588/151 446/1589/149 593/1590/149 592/1591/151 

vt 105.643 -3.42705
vt 105.643 -2.87027
vt -73.4909 -2.87027
vt -73.4909 -3.42705
f 446/1592/149 445/1593/149 594/1594/149 593/1595/149 

vt -6.24422 -105.643
vt -5.69611 -105.643
vt -5.69611 73.4909
vt -6.24422 73.4909
f 445/1596/149 444/1597/151 595/1598/151 594/1599/149 

vt -105.643 5.57281
vt -105.643 5.01603
vt 73.4909 5.01603
vt 73.4909 5.57281
f 444/1600/151 443/1601/151 596/1602/151 595/1603/151 

usemtl FrontColor
vt -2.55995 -105.643
vn 0.000561602 -1 1.04146e-14
vt -2.55995 73.4909
vt -5.3024 73.4909
vt -5.3024 -105.643
f 442/1604/154 522/1605/154 596/1606/151 443/1607/151 

g Mesh7 Group4 Model

usemtl White1
v -44.1533 5.863 -10.8789
vt -140.854 26.0244
v -44.1533 5.853 -10.868
vt -140.854 25.4676
v -46.2008 5.8498 -10.868
vt 38.2794 25.4676
v -46.2008 5.8598 -10.8789
vt 38.2794 26.0244
f 607/1608/151 608/1609/151 609/1610/151 610/1611/151 

v -44.1533 5.8905 -9.93953
vt 0.638018 3.17833
vn 0.999999 0.00156001 -7.75862e-16
v -44.1533 5.853 -9.96279
vt 1.48166 1.70195
v -44.1533 5.853 -10.0384
vt 4.22412 1.70195
v -44.1533 5.863 -10.0493
vt 4.61782 2.09565
v -44.1533 5.863 -10.0644
vt 5.16593 2.09565
v -44.1533 5.853 -10.0752
vt 5.55963 1.70195
v -44.1533 5.853 -10.1444
vt 8.0686 1.70195
v -44.1533 5.863 -10.1553
vt 8.4623 2.09565
v -44.1533 5.863 -10.1704
vt 9.01042 2.09565
v -44.1533 5.853 -10.1812
vt 9.40412 1.70195
v -44.1533 5.853 -10.2512
vt 11.9425 1.70195
v -44.1533 5.895 -10.2773
vt 12.8874 3.3555
v -44.1533 5.895 -10.3042
vt 13.8629 3.3555
v -44.1533 5.853 -10.3302
vt 14.8078 1.70195
v -44.1533 5.853 -10.4002
vt 17.3462 1.70195
v -44.1533 5.863 -10.411
vt 17.7399 2.09565
v -44.1533 5.863 -10.4262
vt 18.2899 2.09565
v -44.1533 5.853 -10.4371
vt 18.6836 1.70195
v -44.1533 5.853 -10.5061
vt 21.1887 1.70195
v -44.1533 5.863 -10.517
vt 21.5824 2.09565
v -44.1533 5.863 -10.5322
vt 22.1325 2.09565
v -44.1533 5.853 -10.543
vt 22.5262 1.70195
v -44.1533 5.853 -10.613
vt 25.0646 1.70195
v -44.1533 5.895 -10.639
vt 26.0094 3.3555
v -44.1533 5.895 -10.6659
vt 26.9849 3.3555
v -44.1533 5.853 -10.692
vt 27.9298 1.70195
v -44.1533 5.853 -10.762
vt 30.4682 1.70195
v -44.1533 5.863 -10.7728
vt 30.8619 2.09565
v -44.1533 5.863 -10.788
vt 31.412 2.09565
v -44.1533 5.853 -10.7988
vt 31.8057 1.70195
vt 34.3147 1.70195
vt 34.7084 2.09565
v -44.1533 5.863 -10.894
vt 35.2584 2.09565
v -44.1533 5.853 -10.9049
vt 35.6522 1.70195
v -44.1533 5.853 -10.9719
vt 38.0838 1.70195
v -44.1533 5.853 -10.9748
vt 38.1866 1.70195
v -44.1533 5.86087 -10.9797
vt 38.3638 2.01199
v -44.1533 5.895 -11.0008
vt 39.1315 3.3555
v -44.1533 5.895 -11.0277
vt 40.107 3.3555
v -44.1533 5.8905 -11.0305
vt 40.2082 3.17833
v -44.1533 5.8905 -11.0361
vt 40.4123 3.17833
v -44.1533 5.8995 -11.0306
vt 40.2098 3.53266
v -44.1533 5.8995 -10.998
vt 39.0287 3.53266
v -44.1533 5.8575 -10.9719
vt 38.0838 1.87912
v -44.1533 5.8575 -10.9069
vt 35.7255 1.87912
v -44.1533 5.8675 -10.8961
vt 35.3318 2.27282
v -44.1533 5.8675 -10.8769
vt 34.635 2.27282
v -44.1533 5.8575 -10.866
vt 34.2413 1.87912
v -44.1533 5.8575 -10.8009
vt 31.8791 1.87912
v -44.1533 5.8675 -10.79
vt 31.4854 2.27282
v -44.1533 5.8675 -10.7708
vt 30.7885 2.27282
v -44.1533 5.8575 -10.7599
vt 30.3948 1.87912
v -44.1533 5.8575 -10.6948
vt 28.0326 1.87912
v -44.1533 5.8995 -10.6688
vt 27.0877 3.53266
v -44.1533 5.8995 -10.6362
vt 25.9066 3.53266
v -44.1533 5.8575 -10.6102
vt 24.9618 1.87912
v -44.1533 5.8575 -10.545
vt 22.5996 1.87912
v -44.1533 5.8675 -10.5342
vt 22.2058 2.27282
v -44.1533 5.8675 -10.515
vt 21.509 2.27282
v -44.1533 5.8575 -10.5041
vt 21.1153 1.87912
v -44.1533 5.8575 -10.4391
vt 18.757 1.87912
v -44.1533 5.8675 -10.4282
vt 18.3633 2.27282
v -44.1533 5.8675 -10.409
vt 17.6665 2.27282
v -44.1533 5.8575 -10.3982
vt 17.2728 1.87912
v -44.1533 5.8575 -10.333
vt 14.9106 1.87912
v -44.1533 5.8995 -10.307
vt 13.9657 3.53266
v -44.1533 5.8995 -10.2744
vt 12.7846 3.53266
v -44.1533 5.8575 -10.2484
vt 11.8397 1.87912
v -44.1533 5.8575 -10.1832
vt 9.4775 1.87912
v -44.1533 5.8675 -10.1724
vt 9.0838 2.27282
v -44.1533 5.8675 -10.1532
vt 8.38892 2.27282
v -44.1533 5.8575 -10.1424
vt 7.99522 1.87912
v -44.1533 5.8575 -10.0772
vt 5.63301 1.87912
v -44.1533 5.8675 -10.0664
vt 5.23931 2.27282
v -44.1533 5.8675 -10.0472
vt 4.54443 2.27282
v -44.1533 5.8575 -10.0364
vt 4.15073 1.87912
v -44.1533 5.8575 -9.96563
vt 1.58448 1.87912
v -44.1533 5.895 -9.94237
vt 0.740831 3.3555
v -44.1533 5.895 -9.91547
vt -0.234645 3.3555
v -44.1533 5.8815 -9.9071
vt -0.538357 2.824
v -44.1533 5.8815 -9.91264
vt -0.337458 2.824
v -44.1533 5.8905 -9.91831
vt -0.131832 3.17833
f 611/1612/155 612/1613/155 613/1614/155 614/1615/155 615/1616/155 616/1617/155 617/1618/155 618/1619/155 619/1620/155 620/1621/155 621/1622/155 622/1623/155 623/1624/155 624/1625/155 625/1626/155 626/1627/155 627/1628/155 628/1629/155 629/1630/155 630/1631/155 631/1632/155 632/1633/155 633/1634/155 634/1635/155 635/1636/155 636/1637/155 637/1638/155 638/1639/155 639/1640/155 640/1641/155 608/1642/155 607/1643/155 641/1644/155 642/1645/155 643/1646/155 644/1647/155 645/1648/155 646/1649/155 647/1650/155 648/1651/155 649/1652/155 650/1653/155 651/1654/155 652/1655/155 653/1656/155 654/1657/155 655/1658/155 656/1659/155 657/1660/155 658/1661/155 659/1662/155 660/1663/155 661/1664/155 662/1665/155 663/1666/155 664/1667/155 665/1668/155 666/1669/155 667/1670/155 668/1671/155 669/1672/155 670/1673/155 671/1674/155 672/1675/155 673/1676/155 674/1677/155 675/1678/155 676/1679/155 677/1680/155 678/1681/155 679/1682/155 680/1683/155 681/1684/155 682/1685/155 683/1686/155 684/1687/155 685/1688/155 686/1689/155 687/1690/155 688/1691/155 689/1692/155 690/1693/155 

usemtl M_0050_LemonChiffon
v -46.2008 5.8873 -9.93953
vt -38.2794 2.44302
v -46.2008 5.8498 -9.96279
vt -38.2794 0.742599
vt 140.854 0.742599
vt 140.854 2.44302
f 691/1694/124 692/1695/124 612/1696/124 611/1697/124 

usemtl FrontColor
v -46.2008 5.8918 -9.94237
vt -0.740831 3.3555
vn -0.999999 -0.00156001 2.68195e-14
v -46.2008 5.8543 -9.96563
vt -1.58448 1.87912
v -46.2008 5.8543 -10.0364
vt -4.15073 1.87912
v -46.2008 5.8643 -10.0472
vt -4.54443 2.27282
v -46.2008 5.8643 -10.0664
vt -5.23931 2.27282
v -46.2008 5.8543 -10.0772
vt -5.63301 1.87912
v -46.2008 5.8543 -10.1424
vt -7.99522 1.87912
v -46.2008 5.8643 -10.1532
vt -8.38892 2.27282
v -46.2008 5.8643 -10.1724
vt -9.0838 2.27282
v -46.2008 5.8543 -10.1832
vt -9.4775 1.87912
v -46.2008 5.8543 -10.2484
vt -11.8397 1.87912
v -46.2008 5.8963 -10.2744
vt -12.7846 3.53266
v -46.2008 5.8963 -10.307
vt -13.9657 3.53266
v -46.2008 5.8543 -10.333
vt -14.9106 1.87912
v -46.2008 5.8543 -10.3982
vt -17.2728 1.87912
v -46.2008 5.8643 -10.409
vt -17.6665 2.27282
v -46.2008 5.8643 -10.4282
vt -18.3633 2.27282
v -46.2008 5.8543 -10.4391
vt -18.757 1.87912
v -46.2008 5.8543 -10.5041
vt -21.1153 1.87912
v -46.2008 5.8643 -10.515
vt -21.509 2.27282
v -46.2008 5.8643 -10.5342
vt -22.2058 2.27282
v -46.2008 5.8543 -10.545
vt -22.5996 1.87912
v -46.2008 5.8543 -10.6102
vt -24.9618 1.87912
v -46.2008 5.8963 -10.6362
vt -25.9066 3.53266
v -46.2008 5.8963 -10.6688
vt -27.0877 3.53266
v -46.2008 5.8543 -10.6948
vt -28.0326 1.87912
v -46.2008 5.8543 -10.7599
vt -30.3948 1.87912
v -46.2008 5.8643 -10.7708
vt -30.7885 2.27282
v -46.2008 5.8643 -10.79
vt -31.4854 2.27282
v -46.2008 5.8543 -10.8009
vt -31.8791 1.87912
v -46.2008 5.8543 -10.866
vt -34.2413 1.87912
v -46.2008 5.8643 -10.8769
vt -34.635 2.27282
v -46.2008 5.8643 -10.8961
vt -35.3318 2.27282
v -46.2008 5.8543 -10.9069
vt -35.7255 1.87912
v -46.2008 5.8543 -10.9719
vt -38.0838 1.87912
v -46.2008 5.8963 -10.998
vt -39.0287 3.53266
v -46.2008 5.8963 -11.0306
vt -40.2098 3.53266
v -46.2008 5.8873 -11.0361
vt -40.4123 3.17833
v -46.2008 5.8873 -11.0305
vt -40.2082 3.17833
v -46.2008 5.8918 -11.0277
vt -40.107 3.3555
v -46.2008 5.8918 -11.0008
vt -39.1315 3.3555
v -46.2008 5.85768 -10.9797
vt -38.3638 2.01199
v -46.2008 5.8498 -10.9748
vt -38.1866 1.70195
v -46.2008 5.8498 -10.9719
vt -38.0838 1.70195
v -46.2008 5.8498 -10.9049
vt -35.6522 1.70195
v -46.2008 5.8598 -10.894
vt -35.2584 2.09565
vt -34.7084 2.09565
vt -34.3147 1.70195
v -46.2008 5.8498 -10.7988
vt -31.8057 1.70195
v -46.2008 5.8598 -10.788
vt -31.412 2.09565
v -46.2008 5.8598 -10.7728
vt -30.8619 2.09565
v -46.2008 5.8498 -10.762
vt -30.4682 1.70195
v -46.2008 5.8498 -10.692
vt -27.9298 1.70195
v -46.2008 5.8918 -10.6659
vt -26.9849 3.3555
v -46.2008 5.8918 -10.639
vt -26.0094 3.3555
v -46.2008 5.8498 -10.613
vt -25.0646 1.70195
v -46.2008 5.8498 -10.543
vt -22.5262 1.70195
v -46.2008 5.8598 -10.5322
vt -22.1325 2.09565
v -46.2008 5.8598 -10.517
vt -21.5824 2.09565
v -46.2008 5.8498 -10.5061
vt -21.1887 1.70195
v -46.2008 5.8498 -10.4371
vt -18.6836 1.70195
v -46.2008 5.8598 -10.4262
vt -18.2899 2.09565
v -46.2008 5.8598 -10.411
vt -17.7399 2.09565
v -46.2008 5.8498 -10.4002
vt -17.3462 1.70195
v -46.2008 5.8498 -10.3302
vt -14.8078 1.70195
v -46.2008 5.8918 -10.3042
vt -13.8629 3.3555
v -46.2008 5.8918 -10.2773
vt -12.8874 3.3555
v -46.2008 5.8498 -10.2512
vt -11.9425 1.70195
v -46.2008 5.8498 -10.1812
vt -9.40412 1.70195
v -46.2008 5.8598 -10.1704
vt -9.01042 2.09565
v -46.2008 5.8598 -10.1553
vt -8.4623 2.09565
v -46.2008 5.8498 -10.1444
vt -8.0686 1.70195
v -46.2008 5.8498 -10.0752
vt -5.55963 1.70195
v -46.2008 5.8598 -10.0644
vt -5.16593 2.09565
v -46.2008 5.8598 -10.0493
vt -4.61782 2.09565
v -46.2008 5.8498 -10.0384
vt -4.22412 1.70195
vt -1.48166 1.70195
vt -0.638018 3.17833
v -46.2008 5.8873 -9.91831
vt 0.131832 3.17833
v -46.2008 5.8783 -9.91273
vt 0.334306 2.824
v -46.2008 5.8783 -9.91264
vt 0.337458 2.824
v -46.2008 5.8783 -9.9071
vt 0.538357 2.824
v -46.2008 5.8918 -9.91547
vt 0.234645 3.3555
f 693/1698/156 694/1699/156 695/1700/156 696/1701/156 697/1702/156 698/1703/156 699/1704/156 700/1705/156 701/1706/156 702/1707/156 703/1708/156 704/1709/156 705/1710/156 706/1711/156 707/1712/156 708/1713/156 709/1714/156 710/1715/156 711/1716/156 712/1717/156 713/1718/156 714/1719/156 715/1720/156 716/1721/156 717/1722/156 718/1723/156 719/1724/156 720/1725/156 721/1726/156 722/1727/156 723/1728/156 724/1729/156 725/1730/156 726/1731/156 727/1732/156 728/1733/156 729/1734/156 730/1735/156 731/1736/156 732/1737/156 733/1738/156 734/1739/156 735/1740/156 736/1741/156 737/1742/156 738/1743/156 610/1744/156 609/1745/156 739/1746/156 740/1747/156 741/1748/156 742/1749/156 743/1750/156 744/1751/156 745/1752/156 746/1753/156 747/1754/156 748/1755/156 749/1756/156 750/1757/156 751/1758/156 752/1759/156 753/1760/156 754/1761/156 755/1762/156 756/1763/156 757/1764/156 758/1765/156 759/1766/156 760/1767/156 761/1768/156 762/1769/156 763/1770/156 764/1771/156 765/1772/156 766/1773/156 692/1774/156 691/1775/156 767/1776/156 768/1777/156 769/1778/156 770/1779/156 771/1780/156 

usemtl White1
vt -38.2794 2.54583
vt -38.2794 0.845412
vt 140.854 0.845412
vt 140.854 2.54583
f 693/1781/124 694/1782/124 685/1783/124 686/1784/124 

vt 1.58448 38.2794
vn -0.000561602 1 -2.25639e-11
vt 1.58448 -140.854
vt 4.15073 -140.854
vt 4.15073 38.2794
f 694/1785/157 685/1786/157 684/1787/127 695/1788/127 

vt 140.854 4.26375
vt 140.854 4.82052
vt -38.2794 4.82052
vt -38.2794 4.26375
f 684/1789/127 683/1790/127 696/1791/127 695/1792/127 

vt 4.54443 -140.854
vt 5.23931 -140.854
vt 5.23931 38.2794
vt 4.54443 38.2794
f 683/1793/127 682/1794/128 697/1795/128 696/1796/127 

vt -140.854 -2.09763
vt -140.854 -2.65441
vt 38.2794 -2.65441
vt 38.2794 -2.09763
f 682/1797/128 681/1798/128 698/1799/128 697/1800/128 

vt 5.63301 -140.854
vt 7.99522 -140.854
vt 7.99522 38.2794
vt 5.63301 38.2794
f 681/1801/128 680/1802/127 699/1803/127 698/1804/128 

vt 140.854 6.98221
vt 140.854 7.53899
vt -38.2794 7.53899
vt -38.2794 6.98221
f 680/1805/127 679/1806/127 700/1807/127 699/1808/127 

vt 8.38892 -140.854
vt 9.0838 -140.854
vt 9.0838 38.2794
vt 8.38892 38.2794
f 679/1809/127 678/1810/128 701/1811/128 700/1812/127 

vt -140.854 -4.81609
vt -140.854 -5.37287
vt 38.2794 -5.37287
vt 38.2794 -4.81609
f 678/1813/128 677/1814/128 702/1815/128 701/1816/128 

vt 9.4775 -140.854
vt 11.8397 -140.854
vt 11.8397 38.2794
vt 9.4775 38.2794
f 677/1817/128 676/1818/129 703/1819/129 702/1820/128 

vt 140.854 7.50567
vt 140.854 9.41014
vt -38.2794 9.41014
vt -38.2794 7.50567
f 676/1821/130 675/1822/130 704/1823/130 703/1824/130 

vt 12.7846 -140.854
vt 13.9657 -140.854
vt 13.9657 38.2794
vt 12.7846 38.2794
f 675/1825/133 674/1826/133 705/1827/133 704/1828/133 

vt -140.854 -3.86171
vt -140.854 -5.76618
vt 38.2794 -5.76618
vt 38.2794 -3.86171
f 674/1829/132 673/1830/132 706/1831/132 705/1832/132 

vt 14.9106 -140.854
vt 17.2728 -140.854
vt 17.2728 38.2794
vt 14.9106 38.2794
f 673/1833/129 672/1834/127 707/1835/127 706/1836/129 

vt 140.854 13.5424
vt 140.854 14.0992
vt -38.2794 14.0992
vt -38.2794 13.5424
f 672/1837/127 671/1838/127 708/1839/127 707/1840/127 

vt 17.6665 -140.854
vt 18.3633 -140.854
vt 18.3633 38.2794
vt 17.6665 38.2794
f 671/1841/127 670/1842/128 709/1843/128 708/1844/127 

vt -140.854 -11.3777
vt -140.854 -11.9345
vt 38.2794 -11.9345
vt 38.2794 -11.3777
f 670/1845/128 669/1846/128 710/1847/128 709/1848/128 

vt 18.757 -140.854
vt 21.1153 -140.854
vt 21.1153 38.2794
vt 18.757 38.2794
f 669/1849/128 668/1850/127 711/1851/127 710/1852/128 

vt 140.854 16.2595
vt 140.854 16.8163
vt -38.2794 16.8163
vt -38.2794 16.2595
f 668/1853/127 667/1854/127 712/1855/127 711/1856/127 

vt 21.509 -140.854
vt 22.2058 -140.854
vt 22.2058 38.2794
vt 21.509 38.2794
f 667/1857/127 666/1858/128 713/1859/128 712/1860/127 

vt -140.854 -14.0948
vt -140.854 -14.6516
vt 38.2794 -14.6516
vt 38.2794 -14.0948
f 666/1861/128 665/1862/128 714/1863/128 713/1864/128 

vt 22.5996 -140.854
vt 24.9618 -140.854
vt 24.9618 38.2794
vt 22.5996 38.2794
f 665/1865/128 664/1866/129 715/1867/129 714/1868/128 

vt 140.854 14.016
vt 140.854 15.9205
vt -38.2794 15.9205
vt -38.2794 14.016
f 664/1869/130 663/1870/130 716/1871/130 715/1872/130 

vt 25.9066 -140.854
vt 27.0877 -140.854
vt 27.0877 38.2794
vt 25.9066 38.2794
f 663/1873/131 662/1874/131 717/1875/131 716/1876/131 

vt -140.854 -10.3721
vt -140.854 -12.2765
vt 38.2794 -12.2765
vt 38.2794 -10.3721
f 662/1877/132 661/1878/132 718/1879/132 717/1880/132 

vt 28.0326 -140.854
vt 30.3948 -140.854
vt 30.3948 38.2794
vt 28.0326 38.2794
f 661/1881/129 660/1882/127 719/1883/127 718/1884/129 

vt 140.854 22.8211
vt 140.854 23.3779
vt -38.2794 23.3779
vt -38.2794 22.8211
f 660/1885/127 659/1886/127 720/1887/127 719/1888/127 

vt 30.7885 -140.854
vt 31.4854 -140.854
vt 31.4854 38.2794
vt 30.7885 38.2794
f 659/1889/127 658/1890/128 721/1891/128 720/1892/127 

vt -140.854 -20.6564
vt -140.854 -21.2132
vt 38.2794 -21.2132
vt 38.2794 -20.6564
f 658/1893/128 657/1894/128 722/1895/128 721/1896/128 

vt 31.8791 -140.854
vt 34.2413 -140.854
vt 34.2413 38.2794
vt 31.8791 38.2794
f 657/1897/128 656/1898/127 723/1899/127 722/1900/128 

vt 140.854 25.541
vt 140.854 26.0978
vt -38.2794 26.0978
vt -38.2794 25.541
f 656/1901/127 655/1902/127 724/1903/127 723/1904/127 

vt 34.635 -140.854
vt 35.3318 -140.854
vt 35.3318 38.2794
vt 34.635 38.2794
f 655/1905/127 654/1906/128 725/1907/128 724/1908/127 

vt -140.854 -23.3763
vt -140.854 -23.933
vt 38.2794 -23.933
vt 38.2794 -23.3763
f 654/1909/128 653/1910/128 726/1911/128 725/1912/128 

vt 35.7255 38.2794
vt 35.7255 -140.854
vt 38.0838 -140.854
vn -0.000561602 1 5.74389e-12
vt 38.0838 38.2794
f 726/1913/128 653/1914/128 652/1915/158 727/1916/158 

usemtl FrontColor
vt 140.854 20.5264
vt 140.854 22.4309
vt -38.2794 22.4309
vt -38.2794 20.5264
f 652/1917/130 651/1918/130 728/1919/130 727/1920/130 

vt 39.0287 -140.854
vn -0.000561602 1 2.67987e-14
vt 40.2098 -140.854
vt 40.2098 38.2794
vt 39.0287 38.2794
f 651/1921/159 650/1922/159 729/1923/159 728/1924/159 

vt -140.854 -16.8824
vt -140.854 -17.2905
vt 38.2794 -17.2905
vt 38.2794 -16.8824
f 650/1925/132 649/1926/132 730/1927/132 729/1928/132 

vt -40.4123 -140.854
vn 0.000561602 -1 -8.06013e-16
vt -40.2082 -140.854
vt -40.2082 38.2794
vt -40.4123 38.2794
f 649/1929/160 648/1930/160 731/1931/160 730/1932/160 

vt 140.854 -17.1893
vt 140.854 -16.9852
vt -38.2794 -16.9852
vt -38.2794 -17.1893
f 648/1933/124 647/1934/124 732/1935/124 731/1936/124 

vt -40.107 -140.854
vn 0.000561602 -1 1.51478e-14
vt -39.1315 -140.854
vt -39.1315 38.2794
vt -40.107 38.2794
f 647/1937/161 646/1938/161 733/1939/161 732/1940/161 

vt -140.854 22.328
vt -140.854 20.7807
vt 38.2794 20.7807
vt 38.2794 22.328
f 646/1941/138 645/1942/138 734/1943/138 733/1944/138 

usemtl Color_007
vt -140.854 2.01199
vn -1.41141e-13 5.40347e-16 -1
v -44.1533 5.8125 -10.9797
vt -140.854 0.107465
v -46.2008 5.8093 -10.9797
vt 38.2794 0.107465
vt 38.2794 2.01199
f 645/1945/162 772/1946/162 773/1947/162 734/1948/162 

vt 38.3638 0.107465
vn 0.999999 0.00156001 2.77086e-12
v -44.1533 5.8125 -10.9748
vt 38.1866 0.107465
f 772/1949/163 645/1648/163 644/1647/163 774/1950/163 

usemtl FrontColor
vt -140.854 20.4236
vt 38.2794 20.4236
f 645/1942/138 644/1951/138 735/1952/138 734/1943/138 

vt -38.1866 -140.854
vn 0.000561602 -1 -1.51757e-13
vt -38.0838 -140.854
vt -38.0838 38.2794
vt -38.1866 38.2794
f 644/1953/164 643/1954/164 736/1955/164 735/1956/164 

vt -35.6522 38.2794
vn 0.000561602 -1 -5.57041e-12
vt -35.6522 -140.854
f 737/1957/149 736/1955/165 643/1954/165 642/1958/149 

usemtl White1
vt 140.854 -24.0064
vt 140.854 -23.4496
vt -38.2794 -23.4496
vt -38.2794 -24.0064
f 642/1959/149 641/1960/149 738/1961/149 737/1962/149 

vt -35.2584 -140.854
vt -34.7084 -140.854
vt -34.7084 38.2794
vt -35.2584 38.2794
f 641/1963/149 607/1964/151 610/1965/151 738/1966/149 

usemtl FrontColor
vt 140.854 0.107465
vn -4.32886e-14 -6.96002e-12 1
vt 140.854 1.70195
vt -38.2794 1.70195
v -46.2008 5.8093 -10.9748
vt -38.2794 0.107465
f 774/1967/166 644/1968/166 735/1969/166 775/1970/166 

usemtl Color_007
vn -0.999999 -0.00156001 1.42564e-11
vt -38.3638 0.107465
vt -38.1866 0.107465
f 734/1739/167 773/1971/167 775/1972/167 735/1740/167 

vt -38.3638 -140.854
vn 0.000561602 -1 -9.57833e-10
vt -38.3638 38.2794
f 772/1973/168 774/1953/168 775/1956/168 773/1974/168 

usemtl White1
vt -0.740831 -140.854
vt 0.234645 -140.854
vt 0.234645 38.2794
vt -0.740831 38.2794
f 686/1975/144 687/1976/144 771/1977/144 693/1978/144 

usemtl M_0024_OrangeRed
vt -140.854 2.79697
vt -140.854 2.18482
vt 38.2794 2.18482
vt 38.2794 2.79697
f 687/1979/138 688/1980/138 770/1981/138 771/1982/138 

usemtl M_0050_LemonChiffon
vt 0.538357 38.2794
vn 0.000561602 -1 2.73187e-10
vt 0.337458 38.2794
vt 0.337458 -140.854
vt 0.538357 -140.854
f 770/1983/169 769/1984/169 689/1985/169 688/1986/169 

vn 0.000561602 -1 -3.17082e-08
vt 0.334306 38.2794
v -44.1533 5.8815 -9.91273
vt 0.334306 -140.854
f 769/1984/170 768/1987/170 776/1988/170 689/1985/170 

vt 38.2794 2.28606
vt 38.2794 2.69416
vt -140.854 2.69416
vt -140.854 2.28606
f 768/1989/138 767/1990/138 690/1991/138 776/1992/138 

vt 0.131832 38.2794
vn 0.000561602 -1 1.93879e-14
vt -0.638018 38.2794
vt -0.638018 -140.854
vt 0.131832 -140.854
f 767/1993/171 691/1994/171 611/1995/171 690/1996/171 

vn 0.999999 0.00156001 -1.14121e-10
vt -0.334306 2.824
f 690/1693/172 689/1692/172 776/1997/172

usemtl White1
vt -34.3147 -140.854
vt -31.8057 -140.854
vt -31.8057 38.2794
vt -34.3147 38.2794
f 608/1998/151 640/1999/149 739/2000/149 609/2001/151 

vt 140.854 -21.2866
vt 140.854 -20.7298
vt -38.2794 -20.7298
vt -38.2794 -21.2866
f 640/2002/149 639/2003/149 740/2004/149 739/2005/149 

vt -31.412 -140.854
vt -30.8619 -140.854
vt -30.8619 38.2794
vt -31.412 38.2794
f 639/2006/149 638/2007/151 741/2008/151 740/2009/149 

vt -140.854 23.3045
vt -140.854 22.7477
vt 38.2794 22.7477
vt 38.2794 23.3045
f 638/2010/151 637/2011/151 742/2012/151 741/2013/151 

vt -30.4682 -140.854
vt -27.9298 -140.854
vt -27.9298 38.2794
vt -30.4682 38.2794
f 637/2014/151 636/2015/144 743/2016/144 742/2017/151 

vt 140.854 -12.3794
vt 140.854 -10.4749
vt -38.2794 -10.4749
vt -38.2794 -12.3794
f 636/2018/124 635/2019/124 744/2020/124 743/2021/124 

vt -26.9849 -140.854
vt -26.0094 -140.854
vt -26.0094 38.2794
vt -26.9849 38.2794
f 635/2022/144 634/2023/144 745/2024/144 744/2025/144 

vt -140.854 15.8177
vt -140.854 13.9132
vt 38.2794 13.9132
vt 38.2794 15.8177
f 634/2026/138 633/2027/138 746/2028/138 745/2029/138 

vt -25.0646 -140.854
vt -22.5262 -140.854
vt -22.5262 38.2794
vt -25.0646 38.2794
f 633/2030/144 632/2031/149 747/2032/149 746/2033/144 

vt 140.854 -14.7249
vt 140.854 -14.1682
vt -38.2794 -14.1682
vt -38.2794 -14.7249
f 632/2034/149 631/2035/149 748/2036/149 747/2037/149 

vt -22.1325 -140.854
vt -21.5824 -140.854
vt -21.5824 38.2794
vt -22.1325 38.2794
f 631/2038/149 630/2039/151 749/2040/151 748/2041/149 

vt -140.854 16.7429
vt -140.854 16.1861
vt 38.2794 16.1861
vt 38.2794 16.7429
f 630/2042/151 629/2043/151 750/2044/151 749/2045/151 

vt -21.1887 -140.854
vt -18.6836 -140.854
vt -18.6836 38.2794
vt -21.1887 38.2794
f 629/2046/151 628/2047/149 751/2048/149 750/2049/151 

vt 140.854 -12.0079
vt 140.854 -11.4511
vt -38.2794 -11.4511
vt -38.2794 -12.0079
f 628/2050/149 627/2051/149 752/2052/149 751/2053/149 

vt -18.2899 -140.854
vt -17.7399 -140.854
vt -17.7399 38.2794
vt -18.2899 38.2794
f 627/2054/149 626/2055/151 753/2056/151 752/2057/149 

vt -140.854 14.0258
vt -140.854 13.4691
vt 38.2794 13.4691
vt 38.2794 14.0258
f 626/2058/151 625/2059/151 754/2060/151 753/2061/151 

vt -17.3462 -140.854
vt -14.8078 -140.854
vn 0.000561602 -1 -7.6534e-16
vt -14.8078 38.2794
vt -17.3462 38.2794
f 625/2062/151 624/2063/173 755/2064/173 754/2065/151 

vt 140.854 -5.869
vt 140.854 -3.96453
vt -38.2794 -3.96453
vt -38.2794 -5.869
f 624/2066/124 623/2067/124 756/2068/124 755/2069/124 

vt -13.8629 -140.854
vt -12.8874 -140.854
vt -12.8874 38.2794
vt -13.8629 38.2794
f 623/2070/144 622/2071/144 757/2072/144 756/2073/144 

vt -140.854 9.30733
vt -140.854 7.40286
vt 38.2794 7.40286
vt 38.2794 9.30733
f 622/2074/138 621/2075/138 758/2076/138 757/2077/138 

vt -11.9425 -140.854
vn 0.000561602 -1 -7.619e-16
vt -9.40412 -140.854
vt -9.40412 38.2794
vt -11.9425 38.2794
f 621/2078/174 620/2079/149 759/2080/149 758/2081/174 

vt 140.854 -5.44625
vt 140.854 -4.88948
vt -38.2794 -4.88948
vt -38.2794 -5.44625
f 620/2082/149 619/2083/149 760/2084/149 759/2085/149 

vt -9.01042 -140.854
vt -8.4623 -140.854
vt -8.4623 38.2794
vt -9.01042 38.2794
f 619/2086/149 618/2087/151 761/2088/151 760/2089/149 

vt -140.854 7.4656
vt -140.854 6.90883
vt 38.2794 6.90883
vt 38.2794 7.4656
f 618/2090/151 617/2091/151 762/2092/151 761/2093/151 

vt -8.0686 -140.854
vt -5.55963 -140.854
vt -5.55963 38.2794
vt -8.0686 38.2794
f 617/2094/151 616/2095/149 763/2096/149 762/2097/151 

vt 140.854 -2.72779
vt 140.854 -2.17101
vt -38.2794 -2.17101
vt -38.2794 -2.72779
f 616/2098/149 615/2099/149 764/2100/149 763/2101/149 

vt -5.16593 -140.854
vt -4.61782 -140.854
vt -4.61782 38.2794
vt -5.16593 38.2794
f 615/2102/149 614/2103/151 765/2104/151 764/2105/149 

vt -140.854 4.74714
vt -140.854 4.19036
vt 38.2794 4.19036
vt 38.2794 4.74714
f 614/2106/151 613/2107/151 766/2108/151 765/2109/151 

usemtl FrontColor
vt -1.48166 -140.854
vn 0.000561602 -1 4.79002e-15
vt -1.48166 38.2794
vt -4.22412 38.2794
vt -4.22412 -140.854
f 612/2110/175 692/2111/175 766/2112/151 613/2113/151 

g Mesh8 Group4 Model

v -46.2008 5.8053 -9.8726
vt 1.78976 -0.0500149
vn -0.999999 -0.00156001 -1.62898e-12
v -46.2008 5.8083 -9.8726
vt 1.78976 0.0680954
v -46.2008 5.80856 -9.87263
vt 1.78842 0.0782851
v -46.2008 5.8088 -9.87274
vt 1.78449 0.0877804
v -46.2008 5.80901 -9.87292
vt 1.77823 0.0959342
v -46.2008 5.80917 -9.87314
vt 1.77008 0.102191
v -46.2008 5.80927 -9.8734
vt 1.76058 0.106124
v -46.2008 5.8093 -9.87368
vt 1.75039 0.107465
v -46.2008 5.8093 -9.89431
vt 1.00236 0.107465
v -46.2008 5.8043 -9.89431
vt 1.00236 -0.0893849
v -46.2008 5.8043 -9.87368
vt 1.75039 -0.0893849
v -46.2008 5.80434 -9.8734
vt 1.76058 -0.0880434
v -46.2008 5.80444 -9.87314
vt 1.77008 -0.0841103
v -46.2008 5.80459 -9.87292
vt 1.77823 -0.0778537
v -46.2008 5.8048 -9.87274
vt 1.78449 -0.0696999
v -46.2008 5.80504 -9.87263
vt 1.78842 -0.0602046
f 777/2114/176 778/2115/176 779/2116/176 780/2117/176 781/2118/176 782/2119/176 783/2120/176 784/2121/176 785/2122/176 786/2123/176 787/2124/176 788/2125/176 789/2126/176 790/2127/176 791/2128/176 792/2129/176 

usemtl M_0050_LemonChiffon
v -44.1533 5.8085 -9.8726
vt 140.854 -0.0500149
v -44.1533 5.8115 -9.8726
vt 140.854 0.0680954
vt -38.2794 0.0680954
vt -38.2794 -0.0500149
f 793/2130/105 794/2131/106 778/2132/106 777/2133/105 

v -44.1533 5.8075 -9.87368
vt -1.75039 -0.0893849
vn 0.999999 0.00156001 -5.065e-13
v -44.1533 5.8075 -9.89431
vt -1.00236 -0.0893849
v -44.1533 5.8125 -9.89431
vt -1.00236 0.107465
v -44.1533 5.8125 -9.87368
vt -1.75039 0.107465
v -44.1533 5.81246 -9.8734
vt -1.76058 0.106124
v -44.1533 5.81236 -9.87314
vt -1.77008 0.102191
v -44.1533 5.8122 -9.87292
vt -1.77823 0.0959342
v -44.1533 5.812 -9.87274
vt -1.78449 0.0877804
v -44.1533 5.81175 -9.87263
vt -1.78842 0.0782851
vt -1.78976 0.0680954
vt -1.78976 -0.0500149
v -44.1533 5.80824 -9.87263
vt -1.78842 -0.0602046
v -44.1533 5.808 -9.87274
vt -1.78449 -0.0696999
v -44.1533 5.80779 -9.87292
vt -1.77823 -0.0778537
v -44.1533 5.80763 -9.87314
vt -1.77008 -0.0841103
v -44.1533 5.80753 -9.8734
vt -1.76058 -0.0880434
f 795/2134/177 796/2135/177 797/2136/177 798/2137/177 799/2138/177 800/2139/177 801/2140/177 802/2141/177 803/2142/177 794/2143/177 793/2144/177 804/2145/177 805/2146/177 806/2147/177 807/2148/177 808/2149/177 

vt 1.00236 -140.854
vn 0.000561602 -1 1.37853e-10
vt 1.75039 -140.854
vt 1.75039 38.2794
vt 1.00236 38.2794
f 796/2150/178 795/2151/109 787/2152/109 786/2153/178 

vt 140.854 1.72375
vt 140.854 1.73403
vt -38.2794 1.73403
vt -38.2794 1.72375
f 795/2154/109 808/2155/110 788/2156/110 787/2157/109 

vt 140.854 1.59287
vt 140.854 1.60315
vt -38.2794 1.60315
vt -38.2794 1.59287
f 808/2158/110 807/2159/111 789/2160/111 788/2161/110 

vt 140.854 1.35309
vt 140.854 1.36337
vt -38.2794 1.36337
vt -38.2794 1.35309
f 807/2162/111 806/2163/112 790/2164/112 789/2165/111 

vt 140.854 1.02075
vt 140.854 1.03103
vt -38.2794 1.03103
vt -38.2794 1.02075
f 806/2166/112 805/2167/113 791/2168/113 790/2169/112 

vt 140.854 0.6185
vt 140.854 0.628777
vt -38.2794 0.628777
vt -38.2794 0.6185
f 805/2170/113 804/2171/114 792/2172/114 791/2173/113 

vt 140.854 0.173746
vt 140.854 0.184024
vt -38.2794 0.184024
vt -38.2794 0.173746
f 804/2174/114 793/2175/105 777/2176/105 792/2177/114 

vt 38.2794 -0.0893849
vn -1.21289e-12 2.12978e-09 -1
vt -140.854 -0.0893849
f 786/2178/179 785/1947/179 797/1946/179 796/2179/179 

vt -1.75039 -140.854
vt -1.00236 -140.854
vn -0.000561602 1 1.0241e-15
vt -1.00236 38.2794
vt -1.75039 38.2794
f 798/2180/115 797/2181/180 785/2182/180 784/2183/115 

vt 140.854 -1.73167
vt 140.854 -1.72139
vt -38.2794 -1.72139
vt -38.2794 -1.73167
f 799/2184/117 798/2185/115 784/2186/115 783/2187/117 

vt 140.854 -1.59623
vt 140.854 -1.58595
vt -38.2794 -1.58595
vt -38.2794 -1.59623
f 800/2188/118 799/2189/117 783/2190/117 782/2191/118 

vt 140.854 -1.35236
vt 140.854 -1.34209
vt -38.2794 -1.34209
vt -38.2794 -1.35236
f 801/2192/119 800/2193/118 782/2194/118 781/2195/119 

vt 140.854 -1.01669
vt 140.854 -1.00641
vt -38.2794 -1.00641
vt -38.2794 -1.01669
f 802/2196/120 801/2197/119 781/2198/119 780/2199/120 

vt 140.854 -0.612073
vt 140.854 -0.601796
vt -38.2794 -0.601796
vt -38.2794 -0.612073
f 803/2200/121 802/2201/120 780/2202/120 779/2203/121 

vt 140.854 -0.166098
vt 140.854 -0.15582
vt -38.2794 -0.15582
vt -38.2794 -0.166098
f 794/2204/106 803/2205/121 779/2206/121 778/2207/106 

g Mesh9 Group5 Model

usemtl White1
v -44.1533 5.86426 -8.74931
vt -93.2018 26.85
v -44.1533 5.85426 -8.73931
vt -93.2018 26.2933
v -47.2477 5.85136 -8.73931
vt 85.932 26.2933
v -47.2477 5.86136 -8.74931
vt 85.932 26.85
f 809/2208/99 810/2209/99 811/2210/99 812/2211/99 

v -44.1533 5.89176 -7.88392
vn 1 0.000936004 7.81119e-17
v -44.1533 5.85426 -7.90535
v -44.1533 5.85426 -7.97501
v -44.1533 5.86426 -7.98501
v -44.1533 5.86426 -7.99893
v -44.1533 5.85426 -8.00893
v -44.1533 5.85426 -8.07266
v -44.1533 5.86426 -8.08266
v -44.1533 5.86426 -8.09658
v -44.1533 5.85426 -8.10658
v -44.1533 5.85426 -8.17106
v -44.1533 5.89626 -8.19506
v -44.1533 5.89626 -8.21983
v -44.1533 5.85426 -8.24383
v -44.1533 5.85426 -8.30831
v -44.1533 5.86426 -8.31831
v -44.1533 5.86426 -8.33228
v -44.1533 5.85426 -8.34228
v -44.1533 5.85426 -8.40591
v -44.1533 5.86426 -8.41591
v -44.1533 5.86426 -8.42988
v -44.1533 5.85426 -8.43988
v -44.1533 5.85426 -8.50436
v -44.1533 5.89626 -8.52836
v -44.1533 5.89626 -8.55313
v -44.1533 5.85426 -8.57713
v -44.1533 5.85426 -8.64161
v -44.1533 5.86426 -8.65161
v -44.1533 5.86426 -8.66558
v -44.1533 5.85426 -8.67558
v -44.1533 5.86426 -8.76328
v -44.1533 5.85426 -8.77328
v -44.1533 5.85426 -8.83505
v -44.1533 5.85426 -8.83766
v -44.1533 5.86214 -8.84216
v -44.1533 5.89626 -8.86166
v -44.1533 5.89626 -8.88643
v -44.1533 5.89176 -8.88901
v -44.1533 5.89176 -8.89419
v -44.1533 5.90076 -8.88905
v -44.1533 5.90076 -8.85905
v -44.1533 5.85876 -8.83505
v -44.1533 5.85876 -8.77515
v -44.1533 5.86876 -8.76515
v -44.1533 5.86876 -8.74745
v -44.1533 5.85876 -8.73745
v -44.1533 5.85876 -8.67745
v -44.1533 5.86876 -8.66745
v -44.1533 5.86876 -8.64975
v -44.1533 5.85876 -8.63975
v -44.1533 5.85876 -8.57975
v -44.1533 5.90076 -8.55575
v -44.1533 5.90076 -8.52575
v -44.1533 5.85876 -8.50175
v -44.1533 5.85876 -8.44175
v -44.1533 5.86876 -8.43175
v -44.1533 5.86876 -8.41405
v -44.1533 5.85876 -8.40405
v -44.1533 5.85876 -8.34415
v -44.1533 5.86876 -8.33415
v -44.1533 5.86876 -8.31645
v -44.1533 5.85876 -8.30645
v -44.1533 5.85876 -8.24645
v -44.1533 5.90076 -8.22245
v -44.1533 5.90076 -8.19245
v -44.1533 5.85876 -8.16845
v -44.1533 5.85876 -8.10845
v -44.1533 5.86876 -8.09845
v -44.1533 5.86876 -8.0808
v -44.1533 5.85876 -8.0708
v -44.1533 5.85876 -8.0108
v -44.1533 5.86876 -8.0008
v -44.1533 5.86876 -7.98315
v -44.1533 5.85876 -7.97315
v -44.1533 5.85876 -7.90796
v -44.1533 5.89626 -7.88653
v -44.1533 5.89626 -7.86176
v -44.1533 5.88276 -7.85404
v -44.1533 5.88276 -7.85915
v -44.1533 5.89176 -7.86437
f 813/701/181 814/702/181 815/703/181 816/704/181 817/705/181 818/706/181 819/707/181 820/708/181 821/709/181 822/710/181 823/711/181 824/712/181 825/713/181 826/714/181 827/715/181 828/716/181 829/717/181 830/718/181 831/719/181 832/720/181 833/721/181 834/722/181 835/723/181 836/724/181 837/725/181 838/726/181 839/727/181 840/728/181 841/729/181 842/730/181 810/731/181 809/732/181 843/733/181 844/734/181 845/735/181 846/736/181 847/737/181 848/738/181 849/739/181 850/740/181 851/741/181 852/742/181 853/743/181 854/744/181 855/745/181 856/746/181 857/747/181 858/748/181 859/749/181 860/750/181 861/751/181 862/752/181 863/753/181 864/754/181 865/755/181 866/756/181 867/757/181 868/758/181 869/759/181 870/760/181 871/761/181 872/762/181 873/763/181 874/764/181 875/765/181 876/766/181 877/767/181 878/768/181 879/769/181 880/770/181 881/771/181 882/772/181 883/773/181 884/774/181 885/775/181 886/776/181 887/777/181 888/778/181 889/779/181 890/780/181 891/781/181 892/782/181 

usemtl M_0050_LemonChiffon
v -47.2477 5.88886 -7.88392
vt -85.932 1.98565
v -47.2477 5.85136 -7.90535
vt -85.932 0.285225
vt 93.2018 0.285225
vt 93.2018 1.98565
f 893/2212/71 894/2213/71 814/2214/71 813/2215/71 

usemtl FrontColor
v -47.2477 5.89336 -7.88653
vn -1 -0.000936004 1.60065e-14
v -47.2477 5.85586 -7.90796
v -47.2477 5.85586 -7.97315
v -47.2477 5.86586 -7.98315
v -47.2477 5.86586 -8.0008
v -47.2477 5.85586 -8.0108
v -47.2477 5.85586 -8.0708
v -47.2477 5.86586 -8.0808
v -47.2477 5.86586 -8.09845
v -47.2477 5.85586 -8.10845
v -47.2477 5.85586 -8.16845
v -47.2477 5.89786 -8.19245
v -47.2477 5.89786 -8.22245
v -47.2477 5.85586 -8.24645
v -47.2477 5.85586 -8.30645
v -47.2477 5.86586 -8.31645
v -47.2477 5.86586 -8.33415
v -47.2477 5.85586 -8.34415
v -47.2477 5.85586 -8.40405
v -47.2477 5.86586 -8.41405
v -47.2477 5.86586 -8.43175
v -47.2477 5.85586 -8.44175
v -47.2477 5.85586 -8.50175
v -47.2477 5.89786 -8.52575
v -47.2477 5.89786 -8.55575
v -47.2477 5.85586 -8.57975
v -47.2477 5.85586 -8.63975
v -47.2477 5.86586 -8.64975
v -47.2477 5.86586 -8.66745
v -47.2477 5.85586 -8.67745
v -47.2477 5.85586 -8.73745
v -47.2477 5.86586 -8.74745
v -47.2477 5.86586 -8.76515
v -47.2477 5.85586 -8.77515
v -47.2477 5.85586 -8.83505
v -47.2477 5.89786 -8.85905
v -47.2477 5.89786 -8.88905
v -47.2477 5.88886 -8.89419
v -47.2477 5.88886 -8.88901
v -47.2477 5.89336 -8.88643
v -47.2477 5.89336 -8.86166
v -47.2477 5.85924 -8.84216
v -47.2477 5.85136 -8.83766
v -47.2477 5.85136 -8.83505
v -47.2477 5.85136 -8.77328
v -47.2477 5.86136 -8.76328
v -47.2477 5.85136 -8.67558
v -47.2477 5.86136 -8.66558
v -47.2477 5.86136 -8.65161
v -47.2477 5.85136 -8.64161
v -47.2477 5.85136 -8.57713
v -47.2477 5.89336 -8.55313
v -47.2477 5.89336 -8.52836
v -47.2477 5.85136 -8.50436
v -47.2477 5.85136 -8.43988
v -47.2477 5.86136 -8.42988
v -47.2477 5.86136 -8.41591
v -47.2477 5.85136 -8.40591
v -47.2477 5.85136 -8.34228
v -47.2477 5.86136 -8.33228
v -47.2477 5.86136 -8.31831
v -47.2477 5.85136 -8.30831
v -47.2477 5.85136 -8.24383
v -47.2477 5.89336 -8.21983
v -47.2477 5.89336 -8.19506
v -47.2477 5.85136 -8.17106
v -47.2477 5.85136 -8.10658
v -47.2477 5.86136 -8.09658
v -47.2477 5.86136 -8.08266
v -47.2477 5.85136 -8.07266
v -47.2477 5.85136 -8.00893
v -47.2477 5.86136 -7.99893
v -47.2477 5.86136 -7.98501
v -47.2477 5.85136 -7.97501
v -47.2477 5.88886 -7.86437
v -47.2477 5.87986 -7.85923
v -47.2477 5.87986 -7.85915
v -47.2477 5.87986 -7.85404
v -47.2477 5.89336 -7.86176
f 895/787/182 896/788/182 897/789/182 898/790/182 899/791/182 900/792/182 901/793/182 902/794/182 903/795/182 904/796/182 905/797/182 906/798/182 907/799/182 908/800/182 909/801/182 910/802/182 911/803/182 912/804/182 913/805/182 914/806/182 915/807/182 916/808/182 917/809/182 918/810/182 919/811/182 920/812/182 921/813/182 922/814/182 923/815/182 924/816/182 925/817/182 926/818/182 927/819/182 928/820/182 929/821/182 930/822/182 931/823/182 932/824/182 933/825/182 934/826/182 935/827/182 936/828/182 937/829/182 938/830/182 939/831/182 940/832/182 812/833/182 811/834/182 941/835/182 942/836/182 943/837/182 944/838/182 945/839/182 946/840/182 947/841/182 948/842/182 949/843/182 950/844/182 951/845/182 952/846/182 953/847/182 954/848/182 955/849/182 956/850/182 957/851/182 958/852/182 959/853/182 960/854/182 961/855/182 962/856/182 963/857/182 964/858/182 965/859/182 966/860/182 967/861/182 968/862/182 894/863/182 893/864/182 969/865/182 970/866/182 971/867/182 972/868/182 973/869/182 

usemtl White1
vt -85.932 2.08846
vt -85.932 0.388038
vt 93.2018 0.388038
vt 93.2018 2.08846
f 895/2216/71 896/2217/71 887/2218/71 888/2219/71 

vt 2.66277 85.932
vn -0.000936004 1 -2.07873e-11
vt 2.66277 -93.2018
vt 5.22902 -93.2018
vt 5.22902 85.932
f 896/2220/183 887/2221/183 886/2222/74 897/2223/74 

vt 93.2018 5.08942
vt 93.2018 5.6462
vt -85.932 5.6462
vt -85.932 5.08942
f 886/2224/74 885/2225/74 898/2226/74 897/2227/74 

vt 5.62272 -93.2018
vt 6.3176 -93.2018
vt 6.3176 85.932
vt 5.62272 85.932
f 885/2228/74 884/2229/75 899/2230/75 898/2231/74 

vt -93.2018 -2.79689
vt -93.2018 -3.35367
vt 85.932 -3.35367
vt 85.932 -2.79689
f 884/2232/75 883/2233/75 900/2234/75 899/2235/75 

vt 6.7113 -93.2018
vt 9.07351 -93.2018
vt 9.07351 85.932
vt 6.7113 85.932
f 883/2236/75 882/2237/74 901/2238/74 900/2239/75 

vt 93.2018 7.80788
vt 93.2018 8.36466
vt -85.932 8.36466
vt -85.932 7.80788
f 882/2240/74 881/2241/74 902/2242/74 901/2243/74 

vt 9.46721 -93.2018
vt 10.1621 -93.2018
vt 10.1621 85.932
vt 9.46721 85.932
f 881/2244/74 880/2245/75 903/2246/75 902/2247/74 

vt -93.2018 -5.51535
vt -93.2018 -6.07213
vt 85.932 -6.07213
vt 85.932 -5.51535
f 880/2248/75 879/2249/75 904/2250/75 903/2251/75 

vt 10.5558 -93.2018
vt 12.918 -93.2018
vt 12.918 85.932
vt 10.5558 85.932
f 879/2252/75 878/2253/8 905/2254/8 904/2255/75 

vt 93.2018 8.11826
vt 93.2018 10.0227
vt -85.932 10.0227
vt -85.932 8.11826
f 878/2256/77 877/2257/77 906/2258/77 905/2259/77 

vt 13.8629 -93.2018
vn -0.000936004 1 7.56602e-16
vt 15.044 -93.2018
vt 15.044 85.932
vt 13.8629 85.932
f 877/2260/184 876/2261/184 907/2262/184 906/2263/184 

vt -93.2018 -4.31909
vt -93.2018 -6.22356
vt 85.932 -6.22356
vt 85.932 -4.31909
f 876/2264/79 875/2265/79 908/2266/79 907/2267/79 

vt 15.9889 -93.2018
vt 18.3511 -93.2018
vt 18.3511 85.932
vt 15.9889 85.932
f 875/2268/8 874/2269/74 909/2270/74 908/2271/8 

vt 93.2018 14.3681
vt 93.2018 14.9249
vt -85.932 14.9249
vt -85.932 14.3681
f 874/2272/74 873/2273/74 910/2274/74 909/2275/74 

vt 18.7448 -93.2018
vt 19.4416 -93.2018
vt 19.4416 85.932
vt 18.7448 85.932
f 873/2276/74 872/2277/75 911/2278/75 910/2279/74 

vt -93.2018 -12.077
vt -93.2018 -12.6337
vt 85.932 -12.6337
vt 85.932 -12.077
f 872/2280/75 871/2281/75 912/2282/75 911/2283/75 

vt 19.8353 -93.2018
vt 22.1936 -93.2018
vt 22.1936 85.932
vt 19.8353 85.932
f 871/2284/75 870/2285/74 913/2286/74 912/2287/75 

vt 93.2018 17.0852
vt 93.2018 17.642
vt -85.932 17.642
vt -85.932 17.0852
f 870/2288/74 869/2289/74 914/2290/74 913/2291/74 

vt 22.5873 -93.2018
vt 23.2841 -93.2018
vt 23.2841 85.932
vt 22.5873 85.932
f 869/2292/74 868/2293/75 915/2294/75 914/2295/74 

vt -93.2018 -14.794
vt -93.2018 -15.3508
vt 85.932 -15.3508
vt 85.932 -14.794
f 868/2296/75 867/2297/75 916/2298/75 915/2299/75 

vt 23.6778 -93.2018
vt 26.04 -93.2018
vt 26.04 85.932
vt 23.6778 85.932
f 867/2300/75 866/2301/8 917/2302/8 916/2303/75 

vt 93.2018 14.6286
vt 93.2018 16.5331
vt -85.932 16.5331
vt -85.932 14.6286
f 866/2304/77 865/2305/77 918/2306/77 917/2307/77 

vt 26.9849 -93.2018
vt 28.166 -93.2018
vt 28.166 85.932
vt 26.9849 85.932
f 865/2308/8 864/2309/8 919/2310/8 918/2311/8 

vt -93.2018 -10.8294
vt -93.2018 -12.7339
vt 85.932 -12.7339
vt 85.932 -10.8294
f 864/2312/79 863/2313/79 920/2314/79 919/2315/79 

vt 29.1109 -93.2018
vt 31.4731 -93.2018
vt 31.4731 85.932
vt 29.1109 85.932
f 863/2316/8 862/2317/74 921/2318/74 920/2319/8 

vt 93.2018 23.6468
vt 93.2018 24.2036
vt -85.932 24.2036
vt -85.932 23.6468
f 862/2320/74 861/2321/74 922/2322/74 921/2323/74 

vt 31.8668 -93.2018
vt 32.5637 -93.2018
vt 32.5637 85.932
vt 31.8668 85.932
f 861/2324/74 860/2325/75 923/2326/75 922/2327/74 

vt -93.2018 -21.3557
vt -93.2018 -21.9124
vt 85.932 -21.9124
vt 85.932 -21.3557
f 860/2328/75 859/2329/75 924/2330/75 923/2331/75 

vt 32.9574 -93.2018
vt 35.3196 -93.2018
vt 35.3196 85.932
vt 32.9574 85.932
f 859/2332/75 858/2333/74 925/2334/74 924/2335/75 

vt 93.2018 26.3667
vt 93.2018 26.9234
vt -85.932 26.9234
vt -85.932 26.3667
f 858/2336/74 857/2337/74 926/2338/74 925/2339/74 

vt 35.7133 -93.2018
vt 36.4101 -93.2018
vt 36.4101 85.932
vt 35.7133 85.932
f 857/2340/74 856/2341/75 927/2342/75 926/2343/74 

vt -93.2018 -24.0755
vt -93.2018 -24.6323
vt 85.932 -24.6323
vt 85.932 -24.0755
f 856/2344/75 855/2345/75 928/2346/75 927/2347/75 

vt 36.8038 85.932
vt 36.8038 -93.2018
vt 39.1621 -93.2018
vn -0.000936004 1 5.29172e-12
vt 39.1621 85.932
f 928/2348/75 855/2349/75 854/2350/185 929/2351/185 

usemtl FrontColor
vt 93.2018 21.139
vt 93.2018 23.0434
vt -85.932 23.0434
vt -85.932 21.139
f 854/2352/77 853/2353/77 930/2354/77 929/2355/77 

vt 40.107 -93.2018
vn -0.000936004 1 2.47344e-14
vt 41.2881 -93.2018
vt 41.2881 85.932
vt 40.107 85.932
f 853/2356/186 852/2357/186 931/2358/186 930/2359/186 

vt -93.2018 -17.3398
vt -93.2018 -17.7479
vt 85.932 -17.7479
vt 85.932 -17.3398
f 852/2360/79 851/2361/79 932/2362/79 931/2363/79 

vt -41.4906 -93.2018
vn 0.000936004 -1 -7.66077e-16
vt -41.2865 -93.2018
vt -41.2865 85.932
vt -41.4906 85.932
f 851/2364/187 850/2365/187 933/2366/187 932/2367/187 

vt 93.2018 -17.6467
vt 93.2018 -17.4426
vt -85.932 -17.4426
vt -85.932 -17.6467
f 850/2368/71 849/2369/71 934/2370/71 933/2371/71 

vt -41.1853 -93.2018
vn 0.000936004 -1 1.39148e-14
vt -40.2098 -93.2018
vt -40.2098 85.932
vt -41.1853 85.932
f 849/2372/188 848/2373/188 935/2374/188 934/2375/188 

vt -93.2018 22.9406
vt -93.2018 21.3933
vt 85.932 21.3933
vt 85.932 22.9406
f 848/2376/86 847/2377/86 936/2378/86 935/2379/86 

usemtl Color_007
vt -93.2018 2.10138
vn -2.33252e-13 5.44324e-16 -1
v -44.1532 5.81376 -8.84216
vt -93.2018 0.19685
v -47.2477 5.81086 -8.84216
vt 85.932 0.19685
vt 85.932 2.10138
f 847/2380/189 974/2381/189 975/2382/189 936/2383/189 

vn 1 0.000936004 1.06755e-12
v -44.1532 5.81376 -8.83766
f 974/1036/190 847/737/190 846/736/190 976/1037/190 

usemtl FrontColor
vt -93.2018 21.0362
vt 85.932 21.0362
f 847/2377/86 846/2384/86 937/2385/86 936/2378/86 

vt -39.2649 -93.2018
vn 0.000936004 -1 -2.7773e-13
vt -39.1621 -93.2018
vt -39.1621 85.932
vt -39.2649 85.932
f 846/2386/191 845/2387/191 938/2388/191 937/2389/191 

vt -36.7304 85.932
vn 0.000936004 -1 -5.13189e-12
vt -36.7304 -93.2018
f 939/2390/97 938/2388/192 845/2387/192 844/2391/97 

usemtl White1
vt 93.2018 -24.7057
vt 93.2018 -24.1489
vt -85.932 -24.1489
vt -85.932 -24.7057
f 844/2392/97 843/2393/97 940/2394/97 939/2395/97 

vt -36.3367 -93.2018
vt -35.7867 -93.2018
vt -35.7867 85.932
vt -36.3367 85.932
f 843/2396/97 809/2397/99 812/2398/99 940/2399/97 

usemtl FrontColor
vt 93.2018 0.19685
vn -6.87129e-14 -7.55862e-12 1
vt 93.2018 1.79134
vt -85.932 1.79134
v -47.2477 5.81086 -8.83766
vt -85.932 0.19685
f 976/2400/193 846/2401/193 937/2402/193 977/2403/193 

usemtl Color_007
vn -1 -0.000936004 8.4529e-12
f 936/828/194 975/1046/194 977/1047/194 937/829/194 

vt -39.4421 -93.2018
vn 0.000936004 -1 -8.82421e-10
vt -39.4421 85.932
f 974/2404/195 976/2386/195 977/2389/195 975/2405/195 

usemtl White1
vt -1.81912 -93.2018
vt -0.843645 -93.2018
vt -0.843645 85.932
vt -1.81912 85.932
f 888/2406/24 889/2407/24 973/2408/24 895/2409/24 

usemtl M_0024_OrangeRed
vt -93.2018 3.40956
vt -93.2018 2.79741
vt 85.932 2.79741
vt 85.932 3.40956
f 889/2410/86 890/2411/86 972/2412/86 973/2413/86 

usemtl M_0050_LemonChiffon
vt -0.539933 85.932
vn 0.000936004 -1 2.51679e-10
vt -0.740831 85.932
vt -0.740831 -93.2018
vt -0.539933 -93.2018
f 972/2414/196 971/2415/196 891/2416/196 890/2417/196 

vt -0.740832 85.932
vn 0.000936004 -1 -2.92117e-08
vt -0.743983 85.932
v -44.1533 5.88276 -7.85923
vt -0.743983 -93.2018
vt -0.740832 -93.2018
f 971/2418/197 970/2419/197 978/2420/197 891/2421/197 

vt 85.932 2.89865
vt 85.932 3.30675
vt -93.2018 3.30675
vt -93.2018 2.89865
f 970/2422/86 969/2423/86 892/2424/86 978/2425/86 

vt -0.946458 85.932
vn 0.000936004 -1 1.77658e-14
vt -1.71631 85.932
vt -1.71631 -93.2018
vt -0.946458 -93.2018
f 969/2426/198 893/2427/198 813/2428/198 892/2429/198 

vn 1 0.000936004 -1.02715e-10
f 892/782/199 891/781/199 978/1073/199

usemtl White1
vt -35.393 -93.2018
vt -32.884 -93.2018
vt -32.884 85.932
vt -35.393 85.932
f 810/2430/99 842/2431/97 941/2432/97 811/2433/99 

vt 93.2018 -21.9858
vt 93.2018 -21.429
vt -85.932 -21.429
vt -85.932 -21.9858
f 842/2434/97 841/2435/97 942/2436/97 941/2437/97 

vt -32.4903 -93.2018
vt -31.9402 -93.2018
vt -31.9402 85.932
vt -32.4903 85.932
f 841/2438/97 840/2439/99 943/2440/99 942/2441/97 

vt -93.2018 24.1302
vt -93.2018 23.5734
vt 85.932 23.5734
vt 85.932 24.1302
f 840/2442/99 839/2443/99 944/2444/99 943/2445/99 

vt -31.5465 -93.2018
vt -29.0081 -93.2018
vt -29.0081 85.932
vt -31.5465 85.932
f 839/2446/99 838/2447/24 945/2448/24 944/2449/99 

vt 93.2018 -12.8367
vt 93.2018 -10.9323
vt -85.932 -10.9323
vt -85.932 -12.8367
f 838/2450/71 837/2451/71 946/2452/71 945/2453/71 

vt -28.0632 -93.2018
vn 0.000936004 -1 -1.53275e-14
vt -27.0877 -93.2018
vt -27.0877 85.932
vt -28.0632 85.932
f 837/2454/200 836/2455/200 947/2456/200 946/2457/200 

vt -93.2018 16.4303
vt -93.2018 14.5258
vt 85.932 14.5258
vt 85.932 16.4303
f 836/2458/86 835/2459/86 948/2460/86 947/2461/86 

vt -26.1429 -93.2018
vt -23.6045 -93.2018
vt -23.6045 85.932
vt -26.1429 85.932
f 835/2462/24 834/2463/97 949/2464/97 948/2465/24 

vt 93.2018 -15.4242
vt 93.2018 -14.8674
vt -85.932 -14.8674
vt -85.932 -15.4242
f 834/2466/97 833/2467/97 950/2468/97 949/2469/97 

vt -23.2108 -93.2018
vt -22.6607 -93.2018
vt -22.6607 85.932
vt -23.2108 85.932
f 833/2470/97 832/2471/99 951/2472/99 950/2473/97 

vt -93.2018 17.5686
vt -93.2018 17.0118
vt 85.932 17.0118
vt 85.932 17.5686
f 832/2474/99 831/2475/99 952/2476/99 951/2477/99 

vt -22.267 -93.2018
vt -19.7619 -93.2018
vt -19.7619 85.932
vt -22.267 85.932
f 831/2478/99 830/2479/97 953/2480/97 952/2481/99 

vt 93.2018 -12.7071
vt 93.2018 -12.1504
vt -85.932 -12.1504
vt -85.932 -12.7071
f 830/2482/97 829/2483/97 954/2484/97 953/2485/97 

vt -19.3682 -93.2018
vt -18.8182 -93.2018
vt -18.8182 85.932
vt -19.3682 85.932
f 829/2486/97 828/2487/99 955/2488/99 954/2489/97 

vt -93.2018 14.8515
vt -93.2018 14.2947
vt 85.932 14.2947
vt 85.932 14.8515
f 828/2490/99 827/2491/99 956/2492/99 955/2493/99 

vt -18.4245 -93.2018
vt -15.886 -93.2018
vt -15.886 85.932
vt -18.4245 85.932
f 827/2494/99 826/2495/24 957/2496/24 956/2497/99 

vt 93.2018 -6.32637
vt 93.2018 -4.4219
vt -85.932 -4.4219
vt -85.932 -6.32637
f 826/2498/71 825/2499/71 958/2500/71 957/2501/71 

vt -14.9412 -93.2018
vn 0.000936004 -1 -7.64865e-16
vt -13.9657 -93.2018
vt -13.9657 85.932
vt -14.9412 85.932
f 825/2502/201 824/2503/201 959/2504/201 958/2505/201 

vt -93.2018 9.91992
vt -93.2018 8.01545
vt 85.932 8.01545
vt 85.932 9.91992
f 824/2506/86 823/2507/86 960/2508/86 959/2509/86 

vt -13.0208 -93.2018
vt -10.4824 -93.2018
vt -10.4824 85.932
vt -13.0208 85.932
f 823/2510/24 822/2511/97 961/2512/97 960/2513/24 

vt 93.2018 -6.14551
vt 93.2018 -5.58874
vt -85.932 -5.58874
vt -85.932 -6.14551
f 822/2514/97 821/2515/97 962/2516/97 961/2517/97 

vt -10.0887 -93.2018
vt -9.54059 -93.2018
vt -9.54059 85.932
vt -10.0887 85.932
f 821/2518/97 820/2519/99 963/2520/99 962/2521/97 

vt -93.2018 8.29127
vt -93.2018 7.7345
vt 85.932 7.7345
vt 85.932 8.29127
f 820/2522/99 819/2523/99 964/2524/99 963/2525/99 

vt -9.14689 -93.2018
vt -6.63792 -93.2018
vt -6.63792 85.932
vt -9.14689 85.932
f 819/2526/99 818/2527/97 965/2528/97 964/2529/99 

vt 93.2018 -3.42705
vt 93.2018 -2.87027
vt -85.932 -2.87027
vt -85.932 -3.42705
f 818/2530/97 817/2531/97 966/2532/97 965/2533/97 

vt -6.24422 -93.2018
vt -5.69611 -93.2018
vt -5.69611 85.932
vt -6.24422 85.932
f 817/2534/97 816/2535/99 967/2536/99 966/2537/97 

vt -93.2018 5.57281
vt -93.2018 5.01603
vt 85.932 5.01603
vt 85.932 5.57281
f 816/2538/99 815/2539/99 968/2540/99 967/2541/99 

usemtl FrontColor
vt -2.55995 -93.2018
vn 0.000936004 -1 4.36106e-15
vt -2.55995 85.932
vt -5.3024 85.932
vt -5.3024 -93.2018
f 814/2542/202 894/2543/202 968/2544/99 815/2545/99 

g Mesh10 Group5 Model

v -47.2477 5.80686 -7.82226
vn -1 -0.000936004 -1.09415e-12
v -47.2477 5.80986 -7.82226
v -47.2477 5.81012 -7.82229
v -47.2477 5.81036 -7.82239
v -47.2477 5.81057 -7.82255
v -47.2477 5.81073 -7.82276
v -47.2477 5.81083 -7.823
v -47.2477 5.81086 -7.82326
v -47.2477 5.81086 -7.84226
v -47.2477 5.80586 -7.84226
vt -0.075928 -1.76347e-12
v -47.2477 5.80586 -7.82326
vt 0.672103 1.24287e-10
v -47.2477 5.8059 -7.823
v -47.2477 5.806 -7.82276
v -47.2477 5.80616 -7.82255
v -47.2477 5.80636 -7.82239
v -47.2477 5.80661 -7.82229
f 979/605/203 980/606/203 981/607/203 982/608/203 983/609/203 984/610/203 985/611/203 986/612/203 987/613/203 988/2546/203 989/2547/203 990/616/203 991/617/203 992/618/203 993/619/203 994/620/203 

usemtl M_0050_LemonChiffon
v -44.1532 5.80976 -7.82226
vt 93.2018 0.0393701
v -44.1532 5.81276 -7.82226
vt 93.2018 0.15748
vt -85.932 0.15748
vt -85.932 0.0393701
f 995/2548/52 996/2549/53 980/2550/53 979/2551/52 

v -44.1532 5.80876 -7.82326
vt -0.672103 -1.4277e-12
vn 1 0.000936004 -2.01947e-13
v -44.1532 5.80876 -7.84226
vt 0.075928 -6.53765e-11
v -44.1532 5.81376 -7.84226
v -44.1532 5.81376 -7.82326
v -44.1532 5.81373 -7.823
v -44.1532 5.81363 -7.82276
v -44.1532 5.81347 -7.82255
v -44.1532 5.81326 -7.82239
v -44.1532 5.81302 -7.82229
v -44.1532 5.8095 -7.82229
v -44.1532 5.80926 -7.82239
v -44.1532 5.80905 -7.82255
v -44.1532 5.8089 -7.82276
v -44.1532 5.8088 -7.823
f 997/2552/204 998/2553/204 999/627/204 1000/628/204 1001/629/204 1002/630/204 1003/631/204 1004/632/204 1005/633/204 996/634/204 995/635/204 1006/636/204 1007/637/204 1008/638/204 1009/639/204 1010/640/204 

vt -0.075928 -93.2018
vn 0.000936004 -1 1.26999e-10
vt 0.672103 -93.2018
vt 0.672103 85.932
vt -0.075928 85.932
f 998/2554/205 997/2555/56 989/2556/56 988/2557/205 

vt 93.2018 0.666354
vt 93.2018 0.676631
vt -85.932 0.676631
vt -85.932 0.666354
f 997/2558/56 1010/2559/57 990/2560/57 989/2561/56 

vt 93.2018 0.63087
vt 93.2018 0.641148
vt -85.932 0.641148
vt -85.932 0.63087
f 1010/2562/57 1009/2563/58 991/2564/58 990/2565/57 

vt 93.2018 0.552044
vt 93.2018 0.562321
vt -85.932 0.562321
vt -85.932 0.552044
f 1009/2566/58 1008/2567/59 992/2568/59 991/2569/58 

vt 93.2018 0.435246
vt 93.2018 0.445524
vt -85.932 0.445524
vt -85.932 0.435246
f 1008/2570/59 1007/2571/60 993/2572/60 992/2573/59 

vt 93.2018 0.288437
vt 93.2018 0.298715
vt -85.932 0.298715
vt -85.932 0.288437
f 1007/2574/60 1006/2575/61 994/2576/61 993/2577/60 

vt 93.2018 0.121622
vt 93.2018 0.131899
vt -85.932 0.131899
vt -85.932 0.121622
f 1006/2578/61 995/2579/52 979/2580/52 994/2581/61 

vt 85.932 -2.21337e-10
vn -2.19397e-12 2.31243e-09 -1
vt -93.2018 -2.39527e-10
f 988/2582/206 987/2382/206 999/2381/206 998/2583/206 

vt -0.672103 -93.2018
vt 0.075928 -93.2018
vn -0.000936004 1 8.21647e-16
vt 0.075928 85.932
vt -0.672103 85.932
f 1000/2584/62 999/2585/207 987/2586/207 986/2587/62 

vt 93.2018 -0.650937
vt 93.2018 -0.640659
vt -85.932 -0.640659
vt -85.932 -0.650937
f 1001/2588/64 1000/2589/62 986/2590/62 985/2591/64 

vt 93.2018 -0.565816
vt 93.2018 -0.555539
vt -85.932 -0.555539
vt -85.932 -0.565816
f 1002/2592/65 1001/2593/64 985/2594/64 984/2595/65 

vt 93.2018 -0.442486
vt 93.2018 -0.432209
vt -85.932 -0.432209
vt -85.932 -0.442486
f 1003/2596/66 1002/2597/65 984/2598/65 983/2599/66 

vt 93.2018 -0.289352
vt 93.2018 -0.279074
vt -85.932 -0.279074
vt -85.932 -0.289352
f 1004/2600/67 1003/2601/66 983/2602/66 982/2603/67 

vt 93.2018 -0.116849
vt 93.2018 -0.106571
vt -85.932 -0.106571
vt -85.932 -0.116849
f 1005/2604/68 1004/2605/67 982/2606/67 981/2607/68 

vt 93.2018 0.0632671
vt 93.2018 0.0735448
vt -85.932 0.0735448
vt -85.932 0.0632671
f 996/2608/53 1005/2609/68 981/2610/68 980/2611/53 

g Mesh11 Group6 Model

v -47.4137 5.80571 -6.84236
vt 91.5216 -2.21105e-10
vn -2.19145e-12 2.31012e-09 -1
v -47.4137 5.81071 -6.84236
vt 91.5216 0.19685
v -44.1832 5.81373 -6.84236
vt -87.6123 0.19685
v -44.1832 5.80873 -6.84236
vt -87.6123 -2.39323e-10
f 1011/2612/208 1012/2613/208 1013/2614/208 1014/2615/208 

usemtl FrontColor
v -47.4137 5.80671 -6.82236
vn -1 -0.000936004 -8.66691e-13
v -47.4137 5.80971 -6.82236
v -47.4137 5.80997 -6.82239
v -47.4137 5.81021 -6.82249
v -47.4137 5.81042 -6.82265
v -47.4137 5.81058 -6.82286
v -47.4137 5.81068 -6.8231
v -47.4137 5.81071 -6.82336
vt -0.075928 6.78639e-11
v -47.4137 5.80571 -6.82336
vt 0.672103 1.93857e-10
v -47.4137 5.80574 -6.8231
v -47.4137 5.80584 -6.82286
v -47.4137 5.806 -6.82265
v -47.4137 5.80621 -6.82249
v -47.4137 5.80645 -6.82239
f 1015/605/209 1016/606/209 1017/607/209 1018/608/209 1019/609/209 1020/610/209 1021/611/209 1022/612/209 1012/613/209 1011/2616/209 1023/2617/209 1024/616/209 1025/617/209 1026/618/209 1027/619/209 1028/620/209 

usemtl M_0050_LemonChiffon
v -44.1832 5.80973 -6.82236
vt 87.6123 0.0393701
v -44.1832 5.81273 -6.82236
vt 87.6123 0.15748
vt -91.5216 0.15748
vt -91.5216 0.0393701
f 1029/2618/52 1030/2619/53 1016/2620/53 1015/2621/52 

v -44.1832 5.80873 -6.82336
vt -0.672103 4.86377e-11
vn 1 0.000936004 8.78222e-15
vt 0.075928 -1.52827e-11
v -44.1832 5.81373 -6.82336
v -44.1832 5.8137 -6.8231
v -44.1832 5.8136 -6.82286
v -44.1832 5.81344 -6.82265
v -44.1832 5.81323 -6.82249
v -44.1832 5.81299 -6.82239
v -44.1832 5.80947 -6.82239
v -44.1832 5.80923 -6.82249
v -44.1832 5.80903 -6.82265
v -44.1832 5.80887 -6.82286
v -44.1832 5.80877 -6.8231
f 1031/2622/210 1014/2623/210 1013/627/210 1032/628/210 1033/629/210 1034/630/210 1035/631/210 1036/632/210 1037/633/210 1030/634/210 1029/635/210 1038/636/210 1039/637/210 1040/638/210 1041/639/210 1042/640/210 

vt -0.075928 -87.6123
vn 0.000936004 -1 1.26942e-10
vt 0.672103 -87.6123
vt 0.672103 91.5216
vt -0.075928 91.5216
f 1014/2624/211 1031/2625/56 1023/2626/56 1011/2627/211 

vt 87.6123 0.666354
vt 87.6123 0.676631
vt -91.5216 0.676631
vt -91.5216 0.666354
f 1031/2628/56 1042/2629/57 1024/2630/57 1023/2631/56 

vt 87.6123 0.63087
vt 87.6123 0.641148
vt -91.5216 0.641148
vt -91.5216 0.63087
f 1042/2632/57 1041/2633/58 1025/2634/58 1024/2635/57 

vt 87.6123 0.552044
vt 87.6123 0.562321
vt -91.5216 0.562321
vt -91.5216 0.552044
f 1041/2636/58 1040/2637/59 1026/2638/59 1025/2639/58 

vt 87.6123 0.435246
vt 87.6123 0.445524
vt -91.5216 0.445524
vt -91.5216 0.435246
f 1040/2640/59 1039/2641/60 1027/2642/60 1026/2643/59 

vt 87.6123 0.288437
vt 87.6123 0.298715
vt -91.5216 0.298715
vt -91.5216 0.288437
f 1039/2644/60 1038/2645/61 1028/2646/61 1027/2647/60 

vt 87.6123 0.121622
vt 87.6123 0.131899
vt -91.5216 0.131899
vt -91.5216 0.121622
f 1038/2648/61 1029/2649/52 1015/2650/52 1028/2651/61 

vt -0.672103 -87.6123
vt 0.075928 -87.6123
vn -0.000936004 1 7.73605e-16
vt 0.075928 91.5216
vt -0.672103 91.5216
f 1032/2652/62 1013/2653/212 1012/2654/212 1022/2655/62 

vt 87.6123 -0.650937
vt 87.6123 -0.640659
vt -91.5216 -0.640659
vt -91.5216 -0.650937
f 1033/2656/64 1032/2657/62 1022/2658/62 1021/2659/64 

vt 87.6123 -0.565816
vt 87.6123 -0.555539
vt -91.5216 -0.555539
vt -91.5216 -0.565816
f 1034/2660/65 1033/2661/64 1021/2662/64 1020/2663/65 

vt 87.6123 -0.442486
vt 87.6123 -0.432209
vt -91.5216 -0.432209
vt -91.5216 -0.442486
f 1035/2664/66 1034/2665/65 1020/2666/65 1019/2667/66 

vt 87.6123 -0.289352
vt 87.6123 -0.279074
vt -91.5216 -0.279074
vt -91.5216 -0.289352
f 1036/2668/67 1035/2669/66 1019/2670/66 1018/2671/67 

vt 87.6123 -0.116849
vt 87.6123 -0.106571
vt -91.5216 -0.106571
vt -91.5216 -0.116849
f 1037/2672/68 1036/2673/67 1018/2674/67 1017/2675/68 

vt 87.6123 0.0632671
vt 87.6123 0.0735448
vt -91.5216 0.0735448
vt -91.5216 0.0632671
f 1030/2676/53 1037/2677/68 1017/2678/68 1016/2679/53 

g Mesh12 Group6 Model

usemtl FrontColor
v -44.1833 5.85423 -7.83776
vt -39.2649 -87.6123
vn 0.000936004 -1 -1.26261e-15
v -44.1833 5.85423 -7.83515
vt -39.1621 -87.6123
v -47.4138 5.85121 -7.83515
vt -39.1621 91.5216
v -47.4138 5.85121 -7.83776
vt -39.2649 91.5216
f 1043/2680/213 1044/2681/213 1045/2682/213 1046/2683/213 

usemtl White1
v -44.1833 5.89173 -6.88402
vn 1 0.000936004 -3.59828e-16
v -44.1833 5.85423 -6.90545
v -44.1833 5.85423 -6.97511
v -44.1833 5.86423 -6.98511
v -44.1833 5.86423 -6.99903
v -44.1833 5.85423 -7.00903
v -44.1833 5.85423 -7.07276
v -44.1833 5.86423 -7.08276
v -44.1833 5.86423 -7.09668
v -44.1833 5.85423 -7.10668
v -44.1833 5.85423 -7.17116
v -44.1833 5.89623 -7.19516
v -44.1833 5.89623 -7.21993
v -44.1833 5.85423 -7.24393
v -44.1833 5.85423 -7.30841
v -44.1833 5.86423 -7.31841
v -44.1833 5.86423 -7.33238
v -44.1833 5.85423 -7.34238
v -44.1833 5.85423 -7.40601
v -44.1833 5.86423 -7.41601
v -44.1833 5.86423 -7.42998
v -44.1833 5.85423 -7.43998
v -44.1833 5.85423 -7.50446
v -44.1833 5.89623 -7.52846
v -44.1833 5.89623 -7.55323
v -44.1833 5.85423 -7.57723
v -44.1833 5.85423 -7.64171
v -44.1833 5.86423 -7.65171
v -44.1833 5.86423 -7.66568
v -44.1833 5.85423 -7.67568
v -44.1833 5.85423 -7.73941
v -44.1833 5.86423 -7.74941
v -44.1833 5.86423 -7.76338
v -44.1833 5.85423 -7.77338
v -44.1833 5.86211 -7.84226
v -44.1833 5.89623 -7.86176
v -44.1833 5.89623 -7.88653
v -44.1833 5.89173 -7.88911
v -44.1833 5.89173 -7.89429
v -44.1833 5.90073 -7.88915
v -44.1833 5.90073 -7.85915
v -44.1833 5.85873 -7.83515
v -44.1833 5.85873 -7.77525
v -44.1833 5.86873 -7.76525
v -44.1833 5.86873 -7.74755
v -44.1833 5.85873 -7.73755
v -44.1833 5.85873 -7.67755
v -44.1833 5.86873 -7.66755
v -44.1833 5.86873 -7.64985
v -44.1833 5.85873 -7.63985
v -44.1833 5.85873 -7.57985
v -44.1833 5.90073 -7.55585
v -44.1833 5.90073 -7.52585
v -44.1833 5.85873 -7.50185
v -44.1833 5.85873 -7.44185
v -44.1833 5.86873 -7.43185
v -44.1833 5.86873 -7.41415
v -44.1833 5.85873 -7.40415
v -44.1833 5.85873 -7.34425
v -44.1833 5.86873 -7.33425
v -44.1833 5.86873 -7.31655
v -44.1833 5.85873 -7.30655
v -44.1833 5.85873 -7.24655
v -44.1833 5.90073 -7.22255
v -44.1833 5.90073 -7.19255
v -44.1833 5.85873 -7.16855
v -44.1833 5.85873 -7.10855
v -44.1833 5.86873 -7.09855
v -44.1833 5.86873 -7.0809
v -44.1833 5.85873 -7.0709
v -44.1833 5.85873 -7.0109
v -44.1833 5.86873 -7.0009
v -44.1833 5.86873 -6.98325
v -44.1833 5.85873 -6.97325
v -44.1833 5.85873 -6.90806
v -44.1833 5.89623 -6.88663
v -44.1833 5.89623 -6.86186
v -44.1833 5.88273 -6.85414
v -44.1833 5.88273 -6.85925
v -44.1833 5.89173 -6.86447
f 1047/701/214 1048/702/214 1049/703/214 1050/704/214 1051/705/214 1052/706/214 1053/707/214 1054/708/214 1055/709/214 1056/710/214 1057/711/214 1058/712/214 1059/713/214 1060/714/214 1061/715/214 1062/716/214 1063/717/214 1064/718/214 1065/719/214 1066/720/214 1067/721/214 1068/722/214 1069/723/214 1070/724/214 1071/725/214 1072/726/214 1073/727/214 1074/728/214 1075/729/214 1076/730/214 1077/731/214 1078/732/214 1079/733/214 1080/734/214 1044/735/214 1043/736/214 1081/737/214 1082/738/214 1083/739/214 1084/740/214 1085/741/214 1086/742/214 1087/743/214 1088/744/214 1089/745/214 1090/746/214 1091/747/214 1092/748/214 1093/749/214 1094/750/214 1095/751/214 1096/752/214 1097/753/214 1098/754/214 1099/755/214 1100/756/214 1101/757/214 1102/758/214 1103/759/214 1104/760/214 1105/761/214 1106/762/214 1107/763/214 1108/764/214 1109/765/214 1110/766/214 1111/767/214 1112/768/214 1113/769/214 1114/770/214 1115/771/214 1116/772/214 1117/773/214 1118/774/214 1119/775/214 1120/776/214 1121/777/214 1122/778/214 1123/779/214 1124/780/214 1125/781/214 1126/782/214 

usemtl M_0050_LemonChiffon
v -47.4138 5.88871 -6.88402
vt -91.5216 1.98565
v -47.4138 5.85121 -6.90545
vt -91.5216 0.285225
vt 87.6123 0.285225
vt 87.6123 1.98565
f 1127/2684/71 1128/2685/71 1048/2686/71 1047/2687/71 

usemtl FrontColor
v -47.4138 5.89321 -6.88663
vn -1 -0.000936004 1.3927e-14
v -47.4138 5.85571 -6.90806
v -47.4138 5.85571 -6.97325
v -47.4138 5.86571 -6.98325
v -47.4138 5.86571 -7.0009
v -47.4138 5.85571 -7.0109
v -47.4138 5.85571 -7.0709
v -47.4138 5.86571 -7.0809
v -47.4138 5.86571 -7.09855
v -47.4138 5.85571 -7.10855
v -47.4138 5.85571 -7.16855
v -47.4138 5.89771 -7.19255
v -47.4138 5.89771 -7.22255
v -47.4138 5.85571 -7.24655
v -47.4138 5.85571 -7.30655
v -47.4138 5.86571 -7.31655
v -47.4138 5.86571 -7.33425
v -47.4138 5.85571 -7.34425
v -47.4138 5.85571 -7.40415
v -47.4138 5.86571 -7.41415
v -47.4138 5.86571 -7.43185
v -47.4138 5.85571 -7.44185
v -47.4138 5.85571 -7.50185
v -47.4138 5.89771 -7.52585
v -47.4138 5.89771 -7.55585
v -47.4138 5.85571 -7.57985
v -47.4138 5.85571 -7.63985
v -47.4138 5.86571 -7.64985
v -47.4138 5.86571 -7.66755
v -47.4138 5.85571 -7.67755
v -47.4138 5.85571 -7.73755
v -47.4138 5.86571 -7.74755
v -47.4138 5.86571 -7.76525
v -47.4138 5.85571 -7.77525
v -47.4138 5.85571 -7.83515
v -47.4138 5.89771 -7.85915
v -47.4138 5.89771 -7.88915
v -47.4138 5.88871 -7.89429
v -47.4138 5.88871 -7.88911
v -47.4138 5.89321 -7.88653
v -47.4138 5.89321 -7.86176
v -47.4138 5.85908 -7.84226
v -47.4138 5.85121 -7.77338
v -47.4138 5.86121 -7.76338
v -47.4138 5.86121 -7.74941
v -47.4138 5.85121 -7.73941
v -47.4138 5.85121 -7.67568
v -47.4138 5.86121 -7.66568
v -47.4138 5.86121 -7.65171
v -47.4138 5.85121 -7.64171
v -47.4138 5.85121 -7.57723
v -47.4138 5.89321 -7.55323
v -47.4138 5.89321 -7.52846
v -47.4138 5.85121 -7.50446
v -47.4138 5.85121 -7.43998
v -47.4138 5.86121 -7.42998
v -47.4138 5.86121 -7.41601
v -47.4138 5.85121 -7.40601
v -47.4138 5.85121 -7.34238
v -47.4138 5.86121 -7.33238
v -47.4138 5.86121 -7.31841
v -47.4138 5.85121 -7.30841
v -47.4138 5.85121 -7.24393
v -47.4138 5.89321 -7.21993
v -47.4138 5.89321 -7.19516
v -47.4138 5.85121 -7.17116
v -47.4138 5.85121 -7.10668
v -47.4138 5.86121 -7.09668
v -47.4138 5.86121 -7.08276
v -47.4138 5.85121 -7.07276
v -47.4138 5.85121 -7.00903
v -47.4138 5.86121 -6.99903
v -47.4138 5.86121 -6.98511
v -47.4138 5.85121 -6.97511
v -47.4138 5.88871 -6.86447
v -47.4138 5.87971 -6.85933
v -47.4138 5.87971 -6.85925
v -47.4138 5.87971 -6.85414
v -47.4138 5.89321 -6.86186
f 1129/787/215 1130/788/215 1131/789/215 1132/790/215 1133/791/215 1134/792/215 1135/793/215 1136/794/215 1137/795/215 1138/796/215 1139/797/215 1140/798/215 1141/799/215 1142/800/215 1143/801/215 1144/802/215 1145/803/215 1146/804/215 1147/805/215 1148/806/215 1149/807/215 1150/808/215 1151/809/215 1152/810/215 1153/811/215 1154/812/215 1155/813/215 1156/814/215 1157/815/215 1158/816/215 1159/817/215 1160/818/215 1161/819/215 1162/820/215 1163/821/215 1164/822/215 1165/823/215 1166/824/215 1167/825/215 1168/826/215 1169/827/215 1170/828/215 1046/829/215 1045/830/215 1171/831/215 1172/832/215 1173/833/215 1174/834/215 1175/835/215 1176/836/215 1177/837/215 1178/838/215 1179/839/215 1180/840/215 1181/841/215 1182/842/215 1183/843/215 1184/844/215 1185/845/215 1186/846/215 1187/847/215 1188/848/215 1189/849/215 1190/850/215 1191/851/215 1192/852/215 1193/853/215 1194/854/215 1195/855/215 1196/856/215 1197/857/215 1198/858/215 1199/859/215 1200/860/215 1201/861/215 1202/862/215 1128/863/215 1127/864/215 1203/865/215 1204/866/215 1205/867/215 1206/868/215 1207/869/215 

usemtl White1
vt -91.5216 2.08846
vt -91.5216 0.388038
vt 87.6123 0.388038
vt 87.6123 2.08846
f 1129/2688/71 1130/2689/71 1121/2690/71 1122/2691/71 

vt 2.66277 91.5216
vt 2.66277 -87.6123
vt 5.22902 -87.6123
vt 5.22902 91.5216
f 1130/2692/73 1121/2693/73 1120/2694/74 1131/2695/74 

vt 87.6123 5.08942
vt 87.6123 5.6462
vt -91.5216 5.6462
vt -91.5216 5.08942
f 1120/2696/74 1119/2697/74 1132/2698/74 1131/2699/74 

vt 5.62272 -87.6123
vt 6.3176 -87.6123
vt 6.3176 91.5216
vt 5.62272 91.5216
f 1119/2700/74 1118/2701/75 1133/2702/75 1132/2703/74 

vt -87.6123 -2.79689
vt -87.6123 -3.35367
vt 91.5216 -3.35367
vt 91.5216 -2.79689
f 1118/2704/75 1117/2705/75 1134/2706/75 1133/2707/75 

vt 6.7113 -87.6123
vt 9.07351 -87.6123
vt 9.07351 91.5216
vt 6.7113 91.5216
f 1117/2708/75 1116/2709/74 1135/2710/74 1134/2711/75 

vt 87.6123 7.80788
vt 87.6123 8.36466
vt -91.5216 8.36466
vt -91.5216 7.80788
f 1116/2712/74 1115/2713/74 1136/2714/74 1135/2715/74 

vt 9.46721 -87.6123
vt 10.1621 -87.6123
vt 10.1621 91.5216
vt 9.46721 91.5216
f 1115/2716/74 1114/2717/75 1137/2718/75 1136/2719/74 

vt -87.6123 -5.51535
vt -87.6123 -6.07213
vt 91.5216 -6.07213
vt 91.5216 -5.51535
f 1114/2720/75 1113/2721/75 1138/2722/75 1137/2723/75 

vt 10.5558 -87.6123
vt 12.918 -87.6123
vn -0.000936004 1 7.61207e-16
vt 12.918 91.5216
vt 10.5558 91.5216
f 1113/2724/75 1112/2725/216 1139/2726/216 1138/2727/75 

vt 87.6123 8.11826
vt 87.6123 10.0227
vt -91.5216 10.0227
vt -91.5216 8.11826
f 1112/2728/77 1111/2729/77 1140/2730/77 1139/2731/77 

vt 13.8629 -87.6123
vt 15.044 -87.6123
vt 15.044 91.5216
vt 13.8629 91.5216
f 1111/2732/216 1110/2733/216 1141/2734/216 1140/2735/216 

vt -87.6123 -4.31909
vt -87.6123 -6.22356
vt 91.5216 -6.22356
vt 91.5216 -4.31909
f 1110/2736/79 1109/2737/79 1142/2738/79 1141/2739/79 

vt 15.9889 -87.6123
vn -0.000936004 1 7.58823e-16
vt 18.3511 -87.6123
vt 18.3511 91.5216
vt 15.9889 91.5216
f 1109/2740/217 1108/2741/74 1143/2742/74 1142/2743/217 

vt 87.6123 14.3681
vt 87.6123 14.9249
vt -91.5216 14.9249
vt -91.5216 14.3681
f 1108/2744/74 1107/2745/74 1144/2746/74 1143/2747/74 

vt 18.7448 -87.6123
vt 19.4416 -87.6123
vt 19.4416 91.5216
vt 18.7448 91.5216
f 1107/2748/74 1106/2749/75 1145/2750/75 1144/2751/74 

vt -87.6123 -12.077
vt -87.6123 -12.6337
vt 91.5216 -12.6337
vt 91.5216 -12.077
f 1106/2752/75 1105/2753/75 1146/2754/75 1145/2755/75 

vt 19.8353 -87.6123
vt 22.1936 -87.6123
vt 22.1936 91.5216
vt 19.8353 91.5216
f 1105/2756/75 1104/2757/74 1147/2758/74 1146/2759/75 

vt 87.6123 17.0852
vt 87.6123 17.642
vt -91.5216 17.642
vt -91.5216 17.0852
f 1104/2760/74 1103/2761/74 1148/2762/74 1147/2763/74 

vt 22.5873 -87.6123
vt 23.2841 -87.6123
vt 23.2841 91.5216
vt 22.5873 91.5216
f 1103/2764/74 1102/2765/75 1149/2766/75 1148/2767/74 

vt -87.6123 -14.794
vt -87.6123 -15.3508
vt 91.5216 -15.3508
vt 91.5216 -14.794
f 1102/2768/75 1101/2769/75 1150/2770/75 1149/2771/75 

vt 23.6778 -87.6123
vt 26.04 -87.6123
vt 26.04 91.5216
vt 23.6778 91.5216
f 1101/2772/75 1100/2773/217 1151/2774/217 1150/2775/75 

vt 87.6123 14.6286
vt 87.6123 16.5331
vt -91.5216 16.5331
vt -91.5216 14.6286
f 1100/2776/77 1099/2777/77 1152/2778/77 1151/2779/77 

vt 26.9849 -87.6123
vt 28.166 -87.6123
vt 28.166 91.5216
vt 26.9849 91.5216
f 1099/2780/216 1098/2781/216 1153/2782/216 1152/2783/216 

vt -87.6123 -10.8294
vt -87.6123 -12.7339
vt 91.5216 -12.7339
vt 91.5216 -10.8294
f 1098/2784/79 1097/2785/79 1154/2786/79 1153/2787/79 

vt 29.1109 -87.6123
vn -0.000936004 1 7.63591e-16
vt 31.4731 -87.6123
vt 31.4731 91.5216
vt 29.1109 91.5216
f 1097/2788/218 1096/2789/74 1155/2790/74 1154/2791/218 

vt 87.6123 23.6468
vt 87.6123 24.2036
vt -91.5216 24.2036
vt -91.5216 23.6468
f 1096/2792/74 1095/2793/74 1156/2794/74 1155/2795/74 

vt 31.8668 -87.6123
vt 32.5637 -87.6123
vt 32.5637 91.5216
vt 31.8668 91.5216
f 1095/2796/74 1094/2797/75 1157/2798/75 1156/2799/74 

vt -87.6123 -21.3557
vt -87.6123 -21.9124
vt 91.5216 -21.9124
vt 91.5216 -21.3557
f 1094/2800/75 1093/2801/75 1158/2802/75 1157/2803/75 

vt 32.9574 -87.6123
vt 35.3196 -87.6123
vt 35.3196 91.5216
vt 32.9574 91.5216
f 1093/2804/75 1092/2805/74 1159/2806/74 1158/2807/75 

vt 87.6123 26.3667
vt 87.6123 26.9234
vt -91.5216 26.9234
vt -91.5216 26.3667
f 1092/2808/74 1091/2809/74 1160/2810/74 1159/2811/74 

vt 35.7133 -87.6123
vt 36.4101 -87.6123
vt 36.4101 91.5216
vt 35.7133 91.5216
f 1091/2812/74 1090/2813/75 1161/2814/75 1160/2815/74 

vt -87.6123 -24.0755
vt -87.6123 -24.6323
vt 91.5216 -24.6323
vt 91.5216 -24.0755
f 1090/2816/75 1089/2817/75 1162/2818/75 1161/2819/75 

vt 36.8038 91.5216
vt 36.8038 -87.6123
vt 39.1621 -87.6123
vn -0.000936004 1 5.31582e-12
vt 39.1621 91.5216
f 1162/2820/75 1089/2821/75 1088/2822/219 1163/2823/219 

usemtl FrontColor
vt 87.6123 21.139
vt 87.6123 23.0434
vt -91.5216 23.0434
vt -91.5216 21.139
f 1088/2824/77 1087/2825/77 1164/2826/77 1163/2827/77 

vt 40.107 -87.6123
vn -0.000936004 1 4.87573e-14
vt 41.2881 -87.6123
vt 41.2881 91.5216
vt 40.107 91.5216
f 1087/2828/220 1086/2829/220 1165/2830/220 1164/2831/220 

vt -87.6123 -17.3398
vt -87.6123 -17.7479
vt 91.5216 -17.7479
vt 91.5216 -17.3398
f 1086/2832/79 1085/2833/79 1166/2834/79 1165/2835/79 

vt -41.4906 -87.6123
vn 0.000936004 -1 -7.68271e-16
vt -41.2865 -87.6123
vt -41.2865 91.5216
vt -41.4906 91.5216
f 1085/2836/221 1084/2837/221 1167/2838/221 1166/2839/221 

vt 87.6123 -17.6467
vt 87.6123 -17.4426
vt -91.5216 -17.4426
vt -91.5216 -17.6467
f 1084/2840/71 1083/2841/71 1168/2842/71 1167/2843/71 

vt -41.1853 -87.6123
vn 0.000936004 -1 -5.8981e-14
vt -40.2098 -87.6123
vt -40.2098 91.5216
vt -41.1853 91.5216
f 1083/2844/222 1082/2845/222 1169/2846/222 1168/2847/222 

vt -87.6123 22.9406
vt -87.6123 21.3933
vt 91.5216 21.3933
vt 91.5216 22.9406
f 1082/2848/86 1081/2849/86 1170/2850/86 1169/2851/86 

vt -87.6123 21.0362
vt 91.5216 21.0362
f 1081/2849/86 1043/2852/86 1046/2853/86 1170/2850/86 

usemtl Color_007
v -44.1832 5.81373 -7.84226
vn 1 0.000936004 3.85526e-13
v -44.1832 5.81373 -7.83776
f 1208/1036/223 1081/737/223 1043/736/223 1209/1037/223 

vt -87.6123 2.10138
vn -2.43653e-13 5.34588e-16 -1
v -47.4137 5.81071 -7.84226
vt 91.5216 2.10138
f 1081/2854/224 1208/2614/224 1210/2613/224 1170/2855/224 

vt -39.4421 -87.6123
vn 0.000936004 -1 -8.8202e-10
v -47.4137 5.81071 -7.83776
vt -39.4421 91.5216
f 1208/2856/225 1209/2680/225 1211/2683/225 1210/2857/225 

usemtl FrontColor
vt 87.6123 0.19685
vn -7.19017e-14 -7.55862e-12 1
vt 87.6123 1.79134
vt -91.5216 1.79134
vt -91.5216 0.19685
f 1209/2858/226 1043/2859/226 1046/2860/226 1211/2861/226 

usemtl Color_007
vn -1 -0.000936004 8.78483e-12
f 1170/828/227 1210/1046/227 1211/1047/227 1046/829/227 

usemtl White1
vt -1.81912 -87.6123
vn 0.000936004 -1 -7.61207e-16
vt -0.843645 -87.6123
vt -0.843645 91.5216
vt -1.81912 91.5216
f 1122/2862/228 1123/2863/228 1207/2864/228 1129/2865/228 

usemtl M_0024_OrangeRed
vt -87.6123 3.40956
vt -87.6123 2.79741
vt 91.5216 2.79741
vt 91.5216 3.40956
f 1123/2866/86 1124/2867/86 1206/2868/86 1207/2869/86 

usemtl M_0050_LemonChiffon
vt -0.539933 91.5216
vn 0.000936004 -1 2.51537e-10
vt -0.740831 91.5216
vt -0.740831 -87.6123
vt -0.539933 -87.6123
f 1206/2870/229 1205/2871/229 1125/2872/229 1124/2873/229 

vt -0.740832 91.5216
vn 0.000936004 -1 -2.91847e-08
vt -0.743983 91.5216
v -44.1833 5.88273 -6.85933
vt -0.743983 -87.6123
vt -0.740832 -87.6123
f 1205/2874/230 1204/2875/230 1212/2876/230 1125/2877/230 

vt 91.5216 2.89865
vt 91.5216 3.30675
vt -87.6123 3.30675
vt -87.6123 2.89865
f 1204/2878/86 1203/2879/86 1126/2880/86 1212/2881/86 

vt -0.946458 91.5216
vn 0.000936004 -1 -1.92288e-14
vt -1.71631 91.5216
vt -1.71631 -87.6123
vt -0.946458 -87.6123
f 1203/2882/231 1127/2883/231 1047/2884/231 1126/2885/231 

vn 1 0.000936004 -2.27308e-11
f 1126/782/232 1125/781/232 1212/1073/232

usemtl FrontColor
vt -36.7304 91.5216
vn 0.000936004 -1 -5.1202e-12
vt -36.7304 -87.6123
f 1171/2886/97 1045/2682/233 1044/2681/233 1080/2887/97 

usemtl White1
vt 87.6123 -24.7057
vt 87.6123 -24.1489
vt -91.5216 -24.1489
vt -91.5216 -24.7057
f 1080/2888/97 1079/2889/97 1172/2890/97 1171/2891/97 

vt -36.3367 -87.6123
vt -35.7867 -87.6123
vt -35.7867 91.5216
vt -36.3367 91.5216
f 1079/2892/97 1078/2893/99 1173/2894/99 1172/2895/97 

vt -87.6123 26.85
vt -87.6123 26.2933
vt 91.5216 26.2933
vt 91.5216 26.85
f 1078/2896/99 1077/2897/99 1174/2898/99 1173/2899/99 

vt -35.393 -87.6123
vt -32.884 -87.6123
vt -32.884 91.5216
vt -35.393 91.5216
f 1077/2900/99 1076/2901/97 1175/2902/97 1174/2903/99 

vt 87.6123 -21.9858
vt 87.6123 -21.429
vt -91.5216 -21.429
vt -91.5216 -21.9858
f 1076/2904/97 1075/2905/97 1176/2906/97 1175/2907/97 

vt -32.4903 -87.6123
vt -31.9402 -87.6123
vt -31.9402 91.5216
vt -32.4903 91.5216
f 1075/2908/97 1074/2909/99 1177/2910/99 1176/2911/97 

vt -87.6123 24.1302
vt -87.6123 23.5734
vt 91.5216 23.5734
vt 91.5216 24.1302
f 1074/2912/99 1073/2913/99 1178/2914/99 1177/2915/99 

vt -31.5465 -87.6123
vt -29.0081 -87.6123
vt -29.0081 91.5216
vt -31.5465 91.5216
f 1073/2916/99 1072/2917/228 1179/2918/228 1178/2919/99 

vt 87.6123 -12.8367
vt 87.6123 -10.9323
vt -91.5216 -10.9323
vt -91.5216 -12.8367
f 1072/2920/71 1071/2921/71 1180/2922/71 1179/2923/71 

vt -28.0632 -87.6123
vn 0.000936004 -1 -1.5331e-14
vt -27.0877 -87.6123
vt -27.0877 91.5216
vt -28.0632 91.5216
f 1071/2924/234 1070/2925/234 1181/2926/234 1180/2927/234 

vt -87.6123 16.4303
vt -87.6123 14.5258
vt 91.5216 14.5258
vt 91.5216 16.4303
f 1070/2928/86 1069/2929/86 1182/2930/86 1181/2931/86 

vt -26.1429 -87.6123
vt -23.6045 -87.6123
vt -23.6045 91.5216
vt -26.1429 91.5216
f 1069/2932/228 1068/2933/97 1183/2934/97 1182/2935/228 

vt 87.6123 -15.4242
vt 87.6123 -14.8674
vt -91.5216 -14.8674
vt -91.5216 -15.4242
f 1068/2936/97 1067/2937/97 1184/2938/97 1183/2939/97 

vt -23.2108 -87.6123
vt -22.6607 -87.6123
vt -22.6607 91.5216
vt -23.2108 91.5216
f 1067/2940/97 1066/2941/99 1185/2942/99 1184/2943/97 

vt -87.6123 17.5686
vt -87.6123 17.0118
vt 91.5216 17.0118
vt 91.5216 17.5686
f 1066/2944/99 1065/2945/99 1186/2946/99 1185/2947/99 

vt -22.267 -87.6123
vt -19.7619 -87.6123
vt -19.7619 91.5216
vt -22.267 91.5216
f 1065/2948/99 1064/2949/97 1187/2950/97 1186/2951/99 

vt 87.6123 -12.7071
vt 87.6123 -12.1504
vt -91.5216 -12.1504
vt -91.5216 -12.7071
f 1064/2952/97 1063/2953/97 1188/2954/97 1187/2955/97 

vt -19.3682 -87.6123
vt -18.8182 -87.6123
vt -18.8182 91.5216
vt -19.3682 91.5216
f 1063/2956/97 1062/2957/99 1189/2958/99 1188/2959/97 

vt -87.6123 14.8515
vt -87.6123 14.2947
vt 91.5216 14.2947
vt 91.5216 14.8515
f 1062/2960/99 1061/2961/99 1190/2962/99 1189/2963/99 

vt -18.4245 -87.6123
vt -15.886 -87.6123
vt -15.886 91.5216
vt -18.4245 91.5216
f 1061/2964/99 1060/2965/228 1191/2966/228 1190/2967/99 

vt 87.6123 -6.32637
vt 87.6123 -4.4219
vt -91.5216 -4.4219
vt -91.5216 -6.32637
f 1060/2968/71 1059/2969/71 1192/2970/71 1191/2971/71 

vt -14.9412 -87.6123
vt -13.9657 -87.6123
vt -13.9657 91.5216
vt -14.9412 91.5216
f 1059/2972/228 1058/2973/228 1193/2974/228 1192/2975/228 

vt -87.6123 9.91992
vt -87.6123 8.01545
vt 91.5216 8.01545
vt 91.5216 9.91992
f 1058/2976/86 1057/2977/86 1194/2978/86 1193/2979/86 

vt -13.0208 -87.6123
vt -10.4824 -87.6123
vt -10.4824 91.5216
vt -13.0208 91.5216
f 1057/2980/228 1056/2981/97 1195/2982/97 1194/2983/228 

vt 87.6123 -6.14551
vt 87.6123 -5.58874
vt -91.5216 -5.58874
vt -91.5216 -6.14551
f 1056/2984/97 1055/2985/97 1196/2986/97 1195/2987/97 

vt -10.0887 -87.6123
vt -9.54059 -87.6123
vt -9.54059 91.5216
vt -10.0887 91.5216
f 1055/2988/97 1054/2989/99 1197/2990/99 1196/2991/97 

vt -87.6123 8.29127
vt -87.6123 7.7345
vt 91.5216 7.7345
vt 91.5216 8.29127
f 1054/2992/99 1053/2993/99 1198/2994/99 1197/2995/99 

vt -9.14689 -87.6123
vt -6.63792 -87.6123
vt -6.63792 91.5216
vt -9.14689 91.5216
f 1053/2996/99 1052/2997/97 1199/2998/97 1198/2999/99 

vt 87.6123 -3.42705
vt 87.6123 -2.87027
vt -91.5216 -2.87027
vt -91.5216 -3.42705
f 1052/3000/97 1051/3001/97 1200/3002/97 1199/3003/97 

vt -6.24422 -87.6123
vt -5.69611 -87.6123
vt -5.69611 91.5216
vt -6.24422 91.5216
f 1051/3004/97 1050/3005/99 1201/3006/99 1200/3007/97 

vt -87.6123 5.57281
vt -87.6123 5.01603
vt 91.5216 5.01603
vt 91.5216 5.57281
f 1050/3008/99 1049/3009/99 1202/3010/99 1201/3011/99 

usemtl FrontColor
vt -2.55995 -87.6123
vn 0.000936004 -1 9.58243e-15
vt -2.55995 91.5216
vt -5.3024 91.5216
vt -5.3024 -87.6123
f 1048/3012/235 1128/3013/235 1202/3014/99 1049/3015/99 

g Mesh13 Group7 Model

v -33.5099 7.38036 -6.37942
vt 0 -59.3322
vn -0.48648 0.873692 -4.58398e-16
v -33.5099 7.38036 -11.5294
vt -196.85 -59.3322
v -36.0849 5.94657 -11.5294
vt -196.85 -171.987
v -36.0849 5.94657 -6.37942
vt 0 -171.987
f 1213/3016/236 1214/3017/236 1215/3018/236 1216/3019/236 

v -30.9349 5.94657 -6.37942
vt 0 0
vn 0.48648 0.873692 1.79639e-15
v -30.9349 5.94657 -11.5294
vt 196.85 5.73644e-29
vt 196.85 112.654
vt -3.28287e-29 112.654
f 1217/3020/237 1218/3021/237 1214/3022/237 1213/3023/237 

g Mesh14 Group8 Model

v -39.6401 7.9095 -5.46443
vt -388.698 142.784
vn -2.07321e-15 0.877049 0.480401
v -39.6401 6.16722 -2.28363
vt -388.698 1.21881e-13
v -34.0001 6.16722 -2.28363
vt -166.651 5.22554e-14
v -34.1315 6.55154 -2.98527
vt -171.825 31.4961
v -29.7672 6.55154 -2.98527
vt 9.87599e-15 31.4961
v -29.7672 7.9095 -5.46443
vt 4.47717e-14 142.784
f 1219/3024/238 1220/3025/238 1221/3026/238 1222/3027/238 1223/3028/238 1224/3029/238 

v -29.7672 6.55154 -7.94359
vt -4.69742e-15 -188.167
vn 8.91695e-16 0.877049 -0.480401
v -35.6101 6.55154 -7.94359
vt 230.036 -188.167
v -35.6101 6.31134 -8.38212
vt 230.036 -207.852
v -39.6401 6.31134 -8.38212
vt 388.698 -207.852
vt 388.698 -76.879
vt -2.63987e-15 -76.879
f 1225/3030/239 1226/3031/239 1227/3032/239 1228/3033/239 1219/3034/239 1224/3035/239 

g Mesh15 Model

usemtl M_0050_LemonChiffon
v -44.1532 5.803 -0.845129
vt 1738.32 228.464
vn -2.20468e-12 2.31012e-09 -1
v -44.1532 5.808 -0.845129
vt 1738.32 228.661
v -39.6032 5.81225 -0.845129
vt 1559.18 228.829
v -39.6032 5.80725 -0.845129
vt 1559.18 228.632
f 1229/3036/240 1230/3037/240 1231/3038/240 1232/3039/240 

usemtl FrontColor
v -44.1532 5.804 -0.825129
vt -32.4854 230.131
vn -1 -0.000936004 -5.43704e-13
v -44.1532 5.807 -0.825129
vt -32.4854 230.249
v -44.1532 5.80725 -0.825163
vt -32.4867 230.259
v -44.1532 5.8075 -0.825263
vt -32.4907 230.269
v -44.1532 5.8077 -0.825422
vt -32.4969 230.277
v -44.1532 5.80786 -0.825629
vt -32.5051 230.283
v -44.1532 5.80796 -0.82587
vt -32.5146 230.287
v -44.1532 5.808 -0.826129
vt -32.5248 230.288
vt -33.2728 230.288
vt -33.2728 230.091
v -44.1532 5.803 -0.826129
vt -32.5248 230.091
v -44.1532 5.80303 -0.82587
vt -32.5146 230.093
v -44.1532 5.80313 -0.825629
vt -32.5051 230.097
v -44.1532 5.80329 -0.825422
vt -32.4969 230.103
v -44.1532 5.8035 -0.825263
vt -32.4907 230.111
v -44.1532 5.80374 -0.825163
vt -32.4867 230.121
f 1233/3040/241 1234/3041/241 1235/3042/241 1236/3043/241 1237/3044/241 1238/3045/241 1239/3046/241 1240/3047/241 1230/3048/241 1229/3049/241 1241/3050/241 1242/3051/241 1243/3052/241 1244/3053/241 1245/3054/241 1246/3055/241 

usemtl M_0050_LemonChiffon
v -39.6032 5.80825 -0.825129
vt -1559.18 228.671
v -39.6032 5.81125 -0.825129
vt -1559.18 228.79
vt -1738.32 228.622
vt -1738.32 228.504
f 1247/3056/52 1248/3057/53 1234/3058/53 1233/3059/52 

v -39.6032 5.80725 -0.826129
vt 32.5248 230.091
vn 1 0.000936004 -1.92429e-13
vt 33.2728 230.091
vt 33.2728 230.288
v -39.6032 5.81225 -0.826129
vt 32.5248 230.288
v -39.6032 5.81222 -0.82587
vt 32.5146 230.287
v -39.6032 5.81212 -0.825629
vt 32.5051 230.283
v -39.6032 5.81196 -0.825422
vt 32.4969 230.277
v -39.6032 5.81175 -0.825263
vt 32.4907 230.269
v -39.6032 5.81151 -0.825163
vt 32.4867 230.259
vt 32.4854 230.249
vt 32.4854 230.131
v -39.6032 5.808 -0.825163
vt 32.4867 230.121
v -39.6032 5.80775 -0.825263
vt 32.4907 230.111
v -39.6032 5.80755 -0.825422
vt 32.4969 230.103
v -39.6032 5.80739 -0.825629
vt 32.5051 230.097
v -39.6032 5.80729 -0.82587
vt 32.5146 230.093
f 1249/3060/242 1232/3061/242 1231/3062/242 1250/3063/242 1251/3064/242 1252/3065/242 1253/3066/242 1254/3067/242 1255/3068/242 1248/3069/242 1247/3070/242 1256/3071/242 1257/3072/242 1258/3073/242 1259/3074/242 1260/3075/242 

vt 1558.97 33.2728
vt 1558.97 32.5248
vt 1738.1 32.5248
vt 1738.1 33.2728
f 1232/3076/211 1249/3077/56 1241/3078/56 1229/3079/211 

vt -1558.91 -13.3926
vt -1558.91 -13.3823
vt -1738.04 -14.6668
vt -1738.04 -14.6771
f 1249/3080/56 1260/3081/57 1242/3082/57 1241/3083/56 

vt -1559.11 54.1999
vt -1559.11 54.2102
vt -1738.24 53.772
vt -1738.24 53.7617
f 1260/3084/57 1259/3085/58 1243/3086/58 1242/3087/57 

vt -1559.14 111.889
vt -1559.14 111.899
vt -1738.28 111.624
vt -1738.28 111.613
f 1259/3088/58 1258/3089/59 1244/3090/59 1243/3091/58 

vt -1559.16 160.931
vt -1559.16 160.941
vt -1738.29 160.73
vt -1738.29 160.719
f 1258/3092/59 1257/3093/60 1245/3094/60 1244/3095/59 

vt -1559.17 198.582
vt -1559.17 198.592
vt -1738.3 198.411
vt -1738.3 198.4
f 1257/3096/60 1256/3097/61 1246/3098/61 1245/3099/60 

vt -1559.18 222.44
vt -1559.18 222.45
vt -1738.31 222.281
vt -1738.31 222.27
f 1256/3100/61 1247/3101/52 1233/3102/52 1246/3103/61 

vt -1558.97 32.5248
vt -1558.97 33.2728
vn -0.000936004 1 9.83957e-16
vt -1738.1 33.2728
vt -1738.1 32.5248
f 1250/3104/62 1231/3105/243 1230/3106/243 1240/3107/62 

vt -1559.37 51.1142
vt -1559.37 51.1245
vt -1738.5 49.8399
vt -1738.5 49.8297
f 1251/3108/64 1250/3109/62 1240/3110/62 1239/3111/64 

vt -1559.25 114.343
vt -1559.25 114.353
vt -1738.39 113.915
vt -1738.39 113.905
f 1252/3112/65 1251/3113/64 1239/3114/64 1238/3115/65 

vt -1559.22 163.568
vt -1559.22 163.578
vt -1738.35 163.303
vt -1738.35 163.292
f 1253/3116/66 1252/3117/65 1238/3118/65 1237/3119/66 

vt -1559.21 200.624
vt -1559.21 200.634
vt -1738.34 200.423
vt -1738.34 200.413
f 1254/3120/67 1253/3121/66 1237/3122/66 1236/3123/67 

vt -1559.2 223.584
vt -1559.2 223.594
vt -1738.33 223.413
vt -1738.33 223.403
f 1255/3124/68 1254/3125/67 1236/3126/67 1235/3127/68 

vt -1559.19 231.047
vt -1559.19 231.058
vt -1738.32 230.888
vt -1738.32 230.878
f 1248/3128/53 1255/3129/68 1235/3130/68 1234/3131/53 

g Mesh16 Model

usemtl FrontColor
v -39.6033 5.85275 -1.84053
vt 1558.97 72.4618
vn 0.000936004 -1 -2.77617e-13
v -39.6033 5.85275 -1.83792
vt 1558.97 72.359
v -44.1533 5.8485 -1.83792
vt 1738.1 72.359
v -44.1533 5.8485 -1.84053
vt 1738.1 72.4618
f 1261/3132/244 1262/3133/244 1263/3134/244 1264/3135/244 

usemtl White1
v -39.6033 5.89025 -0.886795
vt 34.9132 233.359
vn 1 0.000936004 -3.33042e-16
v -39.6033 5.85275 -0.908223
vt 35.7568 231.883
v -39.6033 5.85275 -0.977882
vt 38.4993 231.883
v -39.6033 5.86275 -0.987882
vt 38.893 232.276
v -39.6033 5.86275 -1.0018
vt 39.4411 232.276
v -39.6033 5.85275 -1.0118
vt 39.8348 231.883
v -39.6033 5.85275 -1.07553
vt 42.3438 231.883
v -39.6033 5.86275 -1.08553
vt 42.7375 232.276
v -39.6033 5.86275 -1.09945
vt 43.2856 232.276
v -39.6033 5.85275 -1.10945
vt 43.6793 231.883
v -39.6033 5.85275 -1.17393
vt 46.2177 231.883
v -39.6033 5.89475 -1.19793
vt 47.1626 233.536
v -39.6033 5.89475 -1.22271
vt 48.138 233.536
v -39.6033 5.85275 -1.24671
vt 49.0829 231.883
v -39.6033 5.85275 -1.31118
vt 51.6213 231.883
v -39.6033 5.86275 -1.32118
vt 52.015 232.276
v -39.6033 5.86275 -1.33515
vt 52.5651 232.276
v -39.6033 5.85275 -1.34515
vt 52.9588 231.883
v -39.6033 5.85275 -1.40878
vt 55.4638 231.883
v -39.6033 5.86275 -1.41878
vt 55.8575 232.276
v -39.6033 5.86275 -1.43275
vt 56.4076 232.276
v -39.6033 5.85275 -1.44275
vt 56.8013 231.883
v -39.6033 5.85275 -1.50723
vt 59.3397 231.883
v -39.6033 5.89475 -1.53123
vt 60.2846 233.536
v -39.6033 5.89475 -1.55601
vt 61.2601 233.536
v -39.6033 5.85275 -1.58001
vt 62.205 231.883
v -39.6033 5.85275 -1.64448
vt 64.7434 231.883
v -39.6033 5.86275 -1.65448
vt 65.1371 232.276
v -39.6033 5.86275 -1.66845
vt 65.6872 232.276
v -39.6033 5.85275 -1.67845
vt 66.0809 231.883
v -39.6033 5.85275 -1.74218
vt 68.5898 231.883
v -39.6033 5.86275 -1.75218
vt 68.9835 232.276
v -39.6033 5.86275 -1.76615
vt 69.5336 232.276
v -39.6033 5.85275 -1.77615
vt 69.9273 231.883
vt 72.359 231.883
vt 72.4618 231.883
v -39.6033 5.86063 -1.84503
vt 72.6389 232.193
v -39.6033 5.88125 -1.85681
vt 73.1029 233.005
v -39.6033 5.89475 -1.86453
vt 73.4067 233.536
v -39.6033 5.89475 -1.88931
vt 74.3821 233.536
v -39.6033 5.89025 -1.89188
vt 74.4834 233.359
v -39.6033 5.89025 -1.89706
vt 74.6874 233.359
v -39.6033 5.89925 -1.89192
vt 74.4849 233.713
v -39.6033 5.89925 -1.86192
vt 73.3038 233.713
v -39.6033 5.85725 -1.83792
vt 72.359 232.06
v -39.6033 5.85725 -1.77802
vt 70.0007 232.06
v -39.6033 5.86725 -1.76802
vt 69.607 232.454
v -39.6033 5.86725 -1.75032
vt 68.9101 232.454
v -39.6033 5.85725 -1.74032
vt 68.5164 232.06
v -39.6033 5.85725 -1.68032
vt 66.1542 232.06
v -39.6033 5.86725 -1.67032
vt 65.7605 232.454
v -39.6033 5.86725 -1.65262
vt 65.0637 232.454
v -39.6033 5.85725 -1.64262
vt 64.67 232.06
v -39.6033 5.85725 -1.58262
vt 62.3078 232.06
v -39.6033 5.89925 -1.55862
vt 61.3629 233.713
v -39.6033 5.89925 -1.52862
vt 60.1818 233.713
v -39.6033 5.85725 -1.50462
vt 59.2369 232.06
v -39.6033 5.85725 -1.44462
vt 56.8747 232.06
v -39.6033 5.86725 -1.43462
vt 56.481 232.454
v -39.6033 5.86725 -1.41692
vt 55.7842 232.454
v -39.6033 5.85725 -1.40692
vt 55.3905 232.06
v -39.6033 5.85725 -1.34702
vt 53.0322 232.06
v -39.6033 5.86725 -1.33702
vt 52.6385 232.454
v -39.6033 5.86725 -1.31932
vt 51.9416 232.454
v -39.6033 5.85725 -1.30932
vt 51.5479 232.06
v -39.6033 5.85725 -1.24932
vt 49.1857 232.06
v -39.6033 5.89925 -1.22532
vt 48.2408 233.713
v -39.6033 5.89925 -1.19532
vt 47.0597 233.713
v -39.6033 5.85725 -1.17132
vt 46.1149 232.06
v -39.6033 5.85725 -1.11132
vt 43.7527 232.06
v -39.6033 5.86725 -1.10132
vt 43.359 232.454
v -39.6033 5.86725 -1.08367
vt 42.6641 232.454
v -39.6033 5.85725 -1.07367
vt 42.2704 232.06
v -39.6033 5.85725 -1.01367
vt 39.9082 232.06
v -39.6033 5.86725 -1.00367
vt 39.5145 232.454
v -39.6033 5.86725 -0.986018
vt 38.8196 232.454
v -39.6033 5.85725 -0.976018
vt 38.4259 232.06
v -39.6033 5.85725 -0.910835
vt 35.8596 232.06
v -39.6033 5.89475 -0.889406
vt 35.016 233.536
v -39.6033 5.89475 -0.864629
vt 34.0405 233.536
v -39.6033 5.88125 -0.856915
vt 33.7368 233.005
v -39.6033 5.88125 -0.862018
vt 33.9377 233.005
v -39.6033 5.89025 -0.86724
vt 34.1433 233.359
f 1265/3136/245 1266/3137/245 1267/3138/245 1268/3139/245 1269/3140/245 1270/3141/245 1271/3142/245 1272/3143/245 1273/3144/245 1274/3145/245 1275/3146/245 1276/3147/245 1277/3148/245 1278/3149/245 1279/3150/245 1280/3151/245 1281/3152/245 1282/3153/245 1283/3154/245 1284/3155/245 1285/3156/245 1286/3157/245 1287/3158/245 1288/3159/245 1289/3160/245 1290/3161/245 1291/3162/245 1292/3163/245 1293/3164/245 1294/3165/245 1295/3166/245 1296/3167/245 1297/3168/245 1298/3169/245 1262/3170/245 1261/3171/245 1299/3172/245 1300/3173/245 1301/3174/245 1302/3175/245 1303/3176/245 1304/3177/245 1305/3178/245 1306/3179/245 1307/3180/245 1308/3181/245 1309/3182/245 1310/3183/245 1311/3184/245 1312/3185/245 1313/3186/245 1314/3187/245 1315/3188/245 1316/3189/245 1317/3190/245 1318/3191/245 1319/3192/245 1320/3193/245 1321/3194/245 1322/3195/245 1323/3196/245 1324/3197/245 1325/3198/245 1326/3199/245 1327/3200/245 1328/3201/245 1329/3202/245 1330/3203/245 1331/3204/245 1332/3205/245 1333/3206/245 1334/3207/245 1335/3208/245 1336/3209/245 1337/3210/245 1338/3211/245 1339/3212/245 1340/3213/245 1341/3214/245 1342/3215/245 1343/3216/245 1344/3217/245 1345/3218/245 

usemtl M_0050_LemonChiffon
v -44.1533 5.886 -0.886795
vt -1738.3 183.417
v -44.1533 5.8485 -0.908223
vt -1738.3 181.716
vt -1559.16 181.909
vt -1559.17 183.61
f 1346/3219/71 1347/3220/71 1266/3221/71 1265/3222/71 

usemtl FrontColor
v -44.1533 5.8905 -0.889406
vt -35.0159 233.536
vn -1 -0.000935613 -2.25301e-08
v -44.1533 5.853 -0.910835
vt -35.8596 232.059
v -44.1533 5.853 -0.976018
vt -38.4258 232.059
v -44.1533 5.863 -0.986018
vt -38.8196 232.453
v -44.1533 5.863 -1.00367
vt -39.5144 232.453
v -44.1533 5.853 -1.01367
vt -39.9081 232.059
v -44.1533 5.853 -1.07367
vt -42.2703 232.059
v -44.1533 5.863 -1.08367
vt -42.664 232.453
v -44.1533 5.863 -1.10132
vt -43.3589 232.453
v -44.1533 5.853 -1.11132
vt -43.7526 232.059
v -44.1533 5.853 -1.17132
vt -46.1148 232.059
v -44.1533 5.895 -1.19532
vt -47.0597 233.713
v -44.1533 5.895 -1.22532
vt -48.2408 233.713
v -44.1533 5.853 -1.24932
vt -49.1857 232.059
v -44.1533 5.853 -1.30932
vt -51.5479 232.059
v -44.1533 5.863 -1.31932
vt -51.9416 232.453
v -44.1533 5.863 -1.33702
vt -52.6384 232.453
v -44.1533 5.853 -1.34702
vt -53.0321 232.059
v -44.1533 5.853 -1.40692
vt -55.3904 232.059
v -44.1533 5.863 -1.41692
vt -55.7841 232.453
v -44.1533 5.863 -1.43462
vt -56.481 232.453
v -44.1533 5.853 -1.44462
vt -56.8747 232.059
v -44.1533 5.853 -1.50462
vt -59.2369 232.059
v -44.1533 5.895 -1.52862
vt -60.1818 233.713
v -44.1533 5.895 -1.55862
vt -61.3629 233.713
v -44.1533 5.853 -1.58262
vt -62.3077 232.059
v -44.1533 5.853 -1.64262
vt -64.6699 232.059
v -44.1533 5.863 -1.65262
vt -65.0636 232.453
v -44.1533 5.863 -1.67032
vt -65.7605 232.453
v -44.1533 5.853 -1.68032
vt -66.1542 232.059
v -44.1533 5.853 -1.74032
vt -68.5164 232.059
v -44.1533 5.863 -1.75032
vt -68.9101 232.453
v -44.1533 5.863 -1.76802
vt -69.607 232.453
v -44.1533 5.853 -1.77802
vt -70.0007 232.059
v -44.1533 5.853 -1.83792
vt -72.3589 232.059
v -44.1533 5.895 -1.86192
vt -73.3038 233.713
v -44.1533 5.895 -1.89192
vt -74.4849 233.713
v -44.1533 5.886 -1.89706
vt -74.6874 233.358
v -44.1533 5.886 -1.89431
vt -74.5791 233.358
v -44.1533 5.886 -1.89188
vt -74.4833 233.358
v -44.1533 5.8905 -1.88931
vt -74.3821 233.536
v -44.1533 5.8905 -1.86453
vt -73.4066 233.536
v -44.1533 5.88125 -1.85925
vt -73.1987 233.172
v -44.1533 5.877 -1.85681
vt -73.1029 233.004
v -44.1533 5.85637 -1.84503
vt -72.6389 232.192
vt -72.4617 231.882
vt -72.3589 231.882
v -44.1533 5.8485 -1.77615
vt -69.9273 231.882
v -44.1533 5.8585 -1.76615
vt -69.5336 232.276
v -44.1533 5.8585 -1.75218
vt -68.9835 232.276
v -44.1533 5.8485 -1.74218
vt -68.5898 231.882
v -44.1533 5.8485 -1.67845
vt -66.0808 231.882
v -44.1533 5.8585 -1.66845
vt -65.6871 232.276
v -44.1533 5.8585 -1.65448
vt -65.137 232.276
v -44.1533 5.8485 -1.64448
vt -64.7433 231.882
v -44.1533 5.8485 -1.58001
vt -62.2049 231.882
v -44.1533 5.8905 -1.55601
vt -61.26 233.536
v -44.1533 5.8905 -1.53123
vt -60.2846 233.536
v -44.1533 5.8485 -1.50723
vt -59.3397 231.882
v -44.1533 5.8485 -1.44275
vt -56.8013 231.882
v -44.1533 5.8585 -1.43275
vt -56.4076 232.276
v -44.1533 5.8585 -1.41878
vt -55.8575 232.276
v -44.1533 5.8485 -1.40878
vt -55.4638 231.882
v -44.1533 5.8485 -1.34515
vt -52.9588 231.882
v -44.1533 5.8585 -1.33515
vt -52.5651 232.276
v -44.1533 5.8585 -1.32118
vt -52.015 232.276
v -44.1533 5.8485 -1.31118
vt -51.6213 231.882
v -44.1533 5.8485 -1.24671
vt -49.0829 231.882
v -44.1533 5.8905 -1.22271
vt -48.138 233.536
v -44.1533 5.8905 -1.19793
vt -47.1625 233.536
v -44.1533 5.8485 -1.17393
vt -46.2176 231.882
v -44.1533 5.8485 -1.10945
vt -43.6792 231.882
v -44.1533 5.8585 -1.09945
vt -43.2855 232.276
v -44.1533 5.8585 -1.08553
vt -42.7374 232.276
v -44.1533 5.8485 -1.07553
vt -42.3437 231.882
v -44.1533 5.8485 -1.0118
vt -39.8347 231.882
v -44.1533 5.8585 -1.0018
vt -39.441 232.276
v -44.1533 5.8585 -0.987882
vt -38.8929 232.276
v -44.1533 5.8485 -0.977882
vt -38.4992 231.882
vt -35.7568 231.882
vt -34.9131 233.358
v -44.1533 5.886 -0.86724
vt -34.1433 233.358
v -44.1533 5.877 -0.862098
vt -33.9408 233.004
v -44.1533 5.877 -0.862018
vt -33.9377 233.004
v -44.1533 5.877 -0.856915
vt -33.7368 233.004
v -44.1533 5.8905 -0.864629
vt -34.0405 233.536
f 1348/3223/246 1349/3224/246 1350/3225/246 1351/3226/246 1352/3227/246 1353/3228/246 1354/3229/246 1355/3230/246 1356/3231/246 1357/3232/246 1358/3233/246 1359/3234/246 1360/3235/246 1361/3236/246 1362/3237/246 1363/3238/246 1364/3239/246 1365/3240/246 1366/3241/246 1367/3242/246 1368/3243/246 1369/3244/246 1370/3245/246 1371/3246/246 1372/3247/246 1373/3248/246 1374/3249/246 1375/3250/246 1376/3251/246 1377/3252/246 1378/3253/246 1379/3254/246 1380/3255/246 1381/3256/246 1382/3257/246 1383/3258/246 1384/3259/246 1385/3260/246 1386/3261/246 1387/3262/246 1388/3263/246 1389/3264/246 1390/3265/246 1391/3266/246 1392/3267/246 1264/3268/246 1263/3269/246 1393/3270/246 1394/3271/246 1395/3272/246 1396/3273/246 1397/3274/246 1398/3275/246 1399/3276/246 1400/3277/246 1401/3278/246 1402/3279/246 1403/3280/246 1404/3281/246 1405/3282/246 1406/3283/246 1407/3284/246 1408/3285/246 1409/3286/246 1410/3287/246 1411/3288/246 1412/3289/246 1413/3290/246 1414/3291/246 1415/3292/246 1416/3293/246 1417/3294/246 1418/3295/246 1419/3296/246 1420/3297/246 1421/3298/246 1422/3299/246 1423/3300/246 1424/3301/246 1347/3302/246 1346/3303/246 1425/3304/246 1426/3305/246 1427/3306/246 1428/3307/246 1429/3308/246 

usemtl White1
vt -1738.3 183.52
vt -1738.3 181.819
vt -1559.16 182.012
vt -1559.17 183.713
f 1348/3309/71 1349/3310/71 1340/3311/71 1341/3312/71 

vt -1738.1 35.8596
vt -1558.97 35.8596
vt -1558.97 38.4259
vt -1738.1 38.4259
f 1349/3313/73 1340/3314/73 1339/3315/74 1350/3316/74 

vt -1559.22 189.199
vt -1559.22 189.755
vt -1738.35 189.518
vt -1738.35 188.961
f 1339/3317/74 1338/3318/74 1351/3319/74 1350/3320/74 

vt -1558.97 38.8196
vt -1558.97 39.5145
vt -1738.1 39.5145
vt -1738.1 38.8196
f 1338/3321/74 1337/3322/75 1352/3323/75 1351/3324/74 

vt 1559.15 134.365
vt 1559.15 133.808
vt 1738.28 133.571
vt 1738.28 134.128
f 1337/3325/75 1336/3326/75 1353/3327/75 1352/3328/75 

vt -1558.97 39.9082
vt -1558.97 42.2704
vt -1738.1 42.2704
vt -1738.1 39.9082
f 1336/3329/75 1335/3330/74 1354/3331/74 1353/3332/75 

vt -1559.22 191.917
vt -1559.22 192.474
vt -1738.36 192.237
vt -1738.36 191.68
f 1335/3333/74 1334/3334/74 1355/3335/74 1354/3336/74 

vt -1558.97 42.6641
vt -1558.97 43.359
vt -1738.1 43.359
vt -1738.1 42.6641
f 1334/3337/74 1333/3338/75 1356/3339/75 1355/3340/74 

vt 1559.14 131.646
vt 1559.14 131.09
vt 1738.28 130.852
vt 1738.28 131.409
f 1333/3341/75 1332/3342/75 1357/3343/75 1356/3344/75 

vt -1558.97 43.7527
vt -1558.97 46.1149
vn -0.000936004 1 7.61478e-16
vt -1738.1 46.1149
vt -1738.1 43.7527
f 1332/3345/75 1331/3346/247 1358/3347/247 1357/3348/75 

vt -1559.21 222.683
vt -1559.21 224.587
vt -1738.34 224.394
vt -1738.34 222.49
f 1331/3349/77 1330/3350/77 1359/3351/77 1358/3352/77 

vt -1558.97 47.0597
vn -0.000936004 1 7.61695e-16
vt -1558.97 48.2408
vt -1738.1 48.2408
vt -1738.1 47.0597
f 1330/3353/248 1329/3354/248 1360/3355/248 1359/3356/248 

vt 1559.16 177.305
vt 1559.16 175.401
vt 1738.29 175.208
vt 1738.29 177.112
f 1329/3357/79 1328/3358/79 1361/3359/79 1360/3360/79 

vt -1558.97 49.1857
vt -1558.97 51.5479
vt -1738.1 51.5479
vt -1738.1 49.1857
f 1328/3361/247 1327/3362/74 1362/3363/74 1361/3364/247 

vt -1559.23 198.477
vt -1559.23 199.034
vt -1738.37 198.797
vt -1738.37 198.24
f 1327/3365/74 1326/3366/74 1363/3367/74 1362/3368/74 

vt -1558.97 51.9416
vt -1558.97 52.6385
vt -1738.1 52.6385
vt -1738.1 51.9416
f 1326/3369/74 1325/3370/75 1364/3371/75 1363/3372/74 

vt 1559.13 125.085
vt 1559.13 124.528
vt 1738.27 124.291
vt 1738.27 124.848
f 1325/3373/75 1324/3374/75 1365/3375/75 1364/3376/75 

vt -1558.97 53.0322
vt -1558.97 55.3905
vt -1738.1 55.3905
vt -1738.1 53.0322
f 1324/3377/75 1323/3378/74 1366/3379/74 1365/3380/75 

vt -1559.24 201.194
vt -1559.24 201.751
vt -1738.37 201.514
vt -1738.37 200.957
f 1323/3381/74 1322/3382/74 1367/3383/74 1366/3384/74 

vt -1558.97 55.7842
vt -1558.97 56.481
vt -1738.1 56.481
vt -1738.1 55.7842
f 1322/3385/74 1321/3386/75 1368/3387/75 1367/3388/74 

vt 1559.13 122.368
vt 1559.13 121.811
vt 1738.26 121.574
vt 1738.26 122.131
f 1321/3389/75 1320/3390/75 1369/3391/75 1368/3392/75 

vt -1558.97 56.8747
vt -1558.97 59.2369
vt -1738.1 59.2369
vt -1738.1 56.8747
f 1320/3393/75 1319/3394/247 1370/3395/247 1369/3396/75 

vt -1559.22 229.193
vt -1559.22 231.098
vt -1738.35 230.905
vt -1738.35 229
f 1319/3397/77 1318/3398/77 1371/3399/77 1370/3400/77 

vt -1558.97 60.1818
vt -1558.97 61.3629
vt -1738.1 61.3629
vt -1738.1 60.1818
f 1318/3401/248 1317/3402/248 1372/3403/248 1371/3404/248 

vt 1559.15 170.795
vt 1559.15 168.89
vt 1738.28 168.697
vt 1738.29 170.602
f 1317/3405/79 1316/3406/79 1373/3407/79 1372/3408/79 

vt -1558.97 62.3078
vt -1558.97 64.67
vt -1738.1 64.67
vt -1738.1 62.3078
f 1316/3409/247 1315/3410/74 1374/3411/74 1373/3412/247 

vt -1559.24 207.756
vt -1559.24 208.313
vt -1738.38 208.076
vt -1738.38 207.519
f 1315/3413/74 1314/3414/74 1375/3415/74 1374/3416/74 

vt -1558.97 65.0637
vt -1558.97 65.7605
vt -1738.1 65.7605
vt -1738.1 65.0637
f 1314/3417/74 1313/3418/75 1376/3419/75 1375/3420/74 

vt 1559.12 115.806
vt 1559.12 115.249
vt 1738.26 115.012
vt 1738.26 115.569
f 1313/3421/75 1312/3422/75 1377/3423/75 1376/3424/75 

vt -1558.97 66.1542
vt -1558.97 68.5164
vt -1738.1 68.5164
vt -1738.1 66.1542
f 1312/3425/75 1311/3426/74 1378/3427/74 1377/3428/75 

vt -1559.25 210.476
vt -1559.25 211.033
vt -1738.38 210.795
vt -1738.38 210.239
f 1311/3429/74 1310/3430/74 1379/3431/74 1378/3432/74 

vt -1558.97 68.9101
vt -1558.97 69.607
vt -1738.1 69.607
vt -1738.1 68.9101
f 1310/3433/74 1309/3434/75 1380/3435/75 1379/3436/74 

vt 1559.12 113.086
vt 1559.12 112.529
vt 1738.25 112.292
vt 1738.25 112.849
f 1309/3437/75 1308/3438/75 1381/3439/75 1380/3440/75 

vt -1738.1 70.0007
vt -1558.97 70.0007
vt -1558.97 72.359
vn -0.000936004 1 5.32792e-12
vt -1738.1 72.359
f 1381/3441/75 1308/3442/75 1307/3443/249 1382/3444/249 

usemtl FrontColor
vt -1559.22 235.704
vt -1559.22 237.608
vt -1738.36 237.415
vt -1738.36 235.511
f 1307/3445/77 1306/3446/77 1383/3447/77 1382/3448/77 

vt -1558.97 73.3038
vn -0.000936004 1 4.88226e-14
vt -1558.97 74.4849
vt -1738.1 74.4849
vt -1738.1 73.3038
f 1306/3449/250 1305/3450/250 1384/3451/250 1383/3452/250 

vt 1559.15 164.284
vt 1559.15 163.876
vt 1738.28 163.683
vt 1738.28 164.091
f 1305/3453/79 1304/3454/79 1385/3455/79 1384/3456/79 

vt 1558.97 74.6874
vn 0.000936004 -1 2.42933e-15
vt 1558.97 74.4834
vt 1738.1 74.4834
vt 1738.1 74.5792
vt 1738.1 74.6874
f 1304/3457/251 1303/3458/251 1387/3459/251 1386/3460/251 1385/3461/251 

vt -1559.15 163.978
vt -1559.15 164.182
vt -1738.28 163.989
vt -1738.28 163.784
f 1303/3462/71 1302/3463/71 1388/3464/71 1387/3465/71 

usemtl White1
v -39.6033 5.89475 -2.86463
vt 112.781 233.536
vn 1 0.000936004 -1.8596e-15
v -39.6033 5.89475 -2.88921
vt 113.748 233.536
v -39.6033 5.89475 -2.88941
vt 113.756 233.536
v -39.6033 5.89025 -2.89198
vt 113.857 233.359
v -39.6033 5.89025 -2.89696
vt 114.054 233.359
v -39.6033 5.89925 -2.89182
vt 113.851 233.713
v -39.6033 5.89925 -2.86182
vt 112.67 233.713
v -39.6033 5.85725 -2.83782
vt 111.725 232.06
v -39.6033 5.85725 -2.77792
vt 109.367 232.06
v -39.6033 5.86725 -2.76792
vt 108.973 232.454
v -39.6033 5.86725 -2.75022
vt 108.276 232.454
v -39.6033 5.85725 -2.74022
vt 107.883 232.06
v -39.6033 5.85725 -2.68022
vt 105.52 232.06
v -39.6033 5.86725 -2.67022
vt 105.127 232.454
v -39.6033 5.86725 -2.65252
vt 104.43 232.454
v -39.6033 5.85725 -2.64252
vt 104.036 232.06
v -39.6033 5.85725 -2.58252
vt 101.674 232.06
v -39.6033 5.89925 -2.55852
vt 100.729 233.713
v -39.6033 5.89925 -2.52852
vt 99.5479 233.713
v -39.6033 5.85725 -2.50452
vt 98.6031 232.06
v -39.6033 5.85725 -2.44452
vt 96.2408 232.06
v -39.6033 5.86725 -2.43452
vt 95.8471 232.454
v -39.6033 5.86725 -2.41682
vt 95.1503 232.454
v -39.6033 5.85725 -2.40682
vt 94.7566 232.06
v -39.6033 5.85725 -2.34692
vt 92.3983 232.06
v -39.6033 5.86725 -2.33692
vt 92.0046 232.454
v -39.6033 5.86725 -2.31922
vt 91.3078 232.454
v -39.6033 5.85725 -2.30922
vt 90.9141 232.06
v -39.6033 5.85725 -2.24922
vt 88.5519 232.06
v -39.6033 5.89925 -2.22522
vt 87.607 233.713
v -39.6033 5.89925 -2.19522
vt 86.4259 233.713
v -39.6033 5.85725 -2.17122
vt 85.481 232.06
v -39.6033 5.85725 -2.11122
vt 83.1188 232.06
v -39.6033 5.86725 -2.10122
vt 82.7251 232.454
v -39.6033 5.86725 -2.08357
vt 82.0302 232.454
v -39.6033 5.85725 -2.07357
vt 81.6365 232.06
v -39.6033 5.85725 -2.01357
vt 79.2743 232.06
v -39.6033 5.86725 -2.00357
vt 78.8806 232.454
v -39.6033 5.86725 -1.98592
vt 78.1857 232.454
v -39.6033 5.85725 -1.97592
vt 77.792 232.06
v -39.6033 5.85725 -1.91073
vt 75.2258 232.06
v -39.6033 5.88125 -1.86192
vt 73.3038 233.005
v -39.6033 5.89025 -1.86714
vt 73.5095 233.359
v -39.6033 5.89025 -1.88669
vt 74.2793 233.359
v -39.6033 5.85275 -1.90812
vt 75.123 231.883
v -39.6033 5.85275 -1.97778
vt 77.8654 231.883
v -39.6033 5.86275 -1.98778
vt 78.2591 232.276
v -39.6033 5.86275 -2.0017
vt 78.8072 232.276
v -39.6033 5.85275 -2.0117
vt 79.2009 231.883
v -39.6033 5.85275 -2.07543
vt 81.7099 231.883
v -39.6033 5.86275 -2.08543
vt 82.1036 232.276
v -39.6033 5.86275 -2.09935
vt 82.6517 232.276
v -39.6033 5.85275 -2.10935
vt 83.0454 231.883
v -39.6033 5.85275 -2.17383
vt 85.5838 231.883
v -39.6033 5.89475 -2.19783
vt 86.5287 233.536
v -39.6033 5.89475 -2.22261
vt 87.5042 233.536
v -39.6033 5.85275 -2.24661
vt 88.4491 231.883
v -39.6033 5.85275 -2.31108
vt 90.9875 231.883
v -39.6033 5.86275 -2.32108
vt 91.3812 232.276
v -39.6033 5.86275 -2.33505
vt 91.9312 232.276
v -39.6033 5.85275 -2.34505
vt 92.3249 231.883
v -39.6033 5.85275 -2.40868
vt 94.83 231.883
v -39.6033 5.86275 -2.41868
vt 95.2237 232.276
v -39.6033 5.86275 -2.43265
vt 95.7738 232.276
v -39.6033 5.85275 -2.44265
vt 96.1675 231.883
v -39.6033 5.85275 -2.50713
vt 98.7059 231.883
v -39.6033 5.89475 -2.53113
vt 99.6507 233.536
v -39.6033 5.89475 -2.55591
vt 100.626 233.536
v -39.6033 5.85275 -2.57991
vt 101.571 231.883
v -39.6033 5.85275 -2.64438
vt 104.11 231.883
v -39.6033 5.86275 -2.65438
vt 104.503 232.276
v -39.6033 5.86275 -2.66835
vt 105.053 232.276
v -39.6033 5.85275 -2.67835
vt 105.447 231.883
v -39.6033 5.85275 -2.74208
vt 107.956 231.883
v -39.6033 5.86275 -2.75208
vt 108.35 232.276
v -39.6033 5.86275 -2.76605
vt 108.9 232.276
v -39.6033 5.85275 -2.77605
vt 109.293 231.883
v -39.6033 5.85275 -2.83782
vt 111.725 231.883
v -39.6033 5.85275 -2.84043
vt 111.828 231.883
v -39.6033 5.86063 -2.84493
vt 112.005 232.193
v -39.6033 5.89475 -2.86443
vt 112.773 233.536
f 1430/3466/252 1431/3467/252 1432/3468/252 1433/3469/252 1434/3470/252 1435/3471/252 1436/3472/252 1437/3473/252 1438/3474/252 1439/3475/252 1440/3476/252 1441/3477/252 1442/3478/252 1443/3479/252 1444/3480/252 1445/3481/252 1446/3482/252 1447/3483/252 1448/3484/252 1449/3485/252 1450/3486/252 1451/3487/252 1452/3488/252 1453/3489/252 1454/3490/252 1455/3491/252 1456/3492/252 1457/3493/252 1458/3494/252 1459/3495/252 1460/3496/252 1461/3497/252 1462/3498/252 1463/3499/252 1464/3500/252 1465/3501/252 1466/3502/252 1467/3503/252 1468/3504/252 1469/3505/252 1470/3506/252 1303/3176/252 1302/3175/252 1301/3174/252 1300/3173/252 1471/3507/252 1472/3508/252 1473/3509/252 1474/3510/252 1475/3511/252 1476/3512/252 1477/3513/252 1478/3514/252 1479/3515/252 1480/3516/252 1481/3517/252 1482/3518/252 1483/3519/252 1484/3520/252 1485/3521/252 1486/3522/252 1487/3523/252 1488/3524/252 1489/3525/252 1490/3526/252 1491/3527/252 1492/3528/252 1493/3529/252 1494/3530/252 1495/3531/252 1496/3532/252 1497/3533/252 1498/3534/252 1499/3535/252 1500/3536/252 1501/3537/252 1502/3538/252 1503/3539/252 1504/3540/252 1505/3541/252 1506/3542/252 1507/3543/252 1508/3544/252 1509/3545/252 1510/3546/252 

usemtl FrontColor
vt 1558.97 113.748
vn 0.000936004 -1 -1.28379e-11
vt 1558.97 112.781
v -44.1533 5.8905 -2.86463
vt 1738.1 112.781
v -44.1533 5.8905 -2.88921
vt 1738.1 113.748
f 1431/3547/253 1430/3548/253 1511/3549/253 1512/3550/253 

usemtl White1
v -39.6033 5.85725 -2.91083
vt 114.6 232.06
vn 1 0.000936004 4.66296e-15
v -39.6033 5.89025 -2.89178
vt 113.85 233.359
v -39.6033 5.88125 -2.85691
vt 112.477 233.005
v -39.6033 5.88125 -2.86202
vt 112.678 233.005
v -39.6033 5.89025 -2.86724
vt 112.883 233.359
v -39.6033 5.89025 -2.88679
vt 113.653 233.359
v -39.6033 5.85275 -2.90822
vt 114.497 231.883
v -39.6033 5.85275 -2.97788
vt 117.239 231.883
v -39.6033 5.86275 -2.98788
vt 117.633 232.276
v -39.6033 5.86275 -3.0018
vt 118.181 232.276
v -39.6033 5.85275 -3.0118
vt 118.575 231.883
v -39.6033 5.85275 -3.07553
vt 121.084 231.883
v -39.6033 5.86275 -3.08553
vt 121.478 232.276
v -39.6033 5.86275 -3.09945
vt 122.026 232.276
v -39.6033 5.85275 -3.10945
vt 122.419 231.883
v -39.6033 5.85275 -3.17393
vt 124.958 231.883
v -39.6033 5.89475 -3.19793
vt 125.903 233.536
v -39.6033 5.89475 -3.22271
vt 126.878 233.536
v -39.6033 5.85275 -3.24671
vt 127.823 231.883
v -39.6033 5.85275 -3.31118
vt 130.361 231.883
v -39.6033 5.86275 -3.32118
vt 130.755 232.276
v -39.6033 5.86275 -3.33515
vt 131.305 232.276
v -39.6033 5.85275 -3.34515
vt 131.699 231.883
v -39.6033 5.85275 -3.40878
vt 134.204 231.883
v -39.6033 5.86275 -3.41878
vt 134.598 232.276
v -39.6033 5.86275 -3.43275
vt 135.148 232.276
v -39.6033 5.85275 -3.44275
vt 135.541 231.883
v -39.6033 5.85275 -3.50723
vt 138.08 231.883
v -39.6033 5.89475 -3.53123
vt 139.025 233.536
v -39.6033 5.89475 -3.55601
vt 140 233.536
v -39.6033 5.85275 -3.58001
vt 140.945 231.883
v -39.6033 5.85275 -3.64448
vt 143.484 231.883
v -39.6033 5.86275 -3.65448
vt 143.877 232.276
v -39.6033 5.86275 -3.66845
vt 144.427 232.276
v -39.6033 5.85275 -3.67845
vt 144.821 231.883
v -39.6033 5.85275 -3.74218
vt 147.33 231.883
v -39.6033 5.86275 -3.75218
vt 147.724 232.276
v -39.6033 5.86275 -3.76615
vt 148.274 232.276
v -39.6033 5.85275 -3.77615
vt 148.667 231.883
v -39.6033 5.85275 -3.83792
vt 151.099 231.883
v -39.6033 5.85275 -3.84053
vt 151.202 231.883
v -39.6033 5.86063 -3.84503
vt 151.379 232.193
v -39.6033 5.88125 -3.85681
vt 151.843 233.005
v -39.6033 5.89475 -3.86453
vt 152.147 233.536
v -39.6033 5.89475 -3.88931
vt 153.122 233.536
v -39.6033 5.89025 -3.89188
vt 153.224 233.359
v -39.6033 5.89025 -3.89706
vt 153.428 233.359
v -39.6033 5.89925 -3.89192
vt 153.225 233.713
v -39.6033 5.89925 -3.86192
vt 152.044 233.713
v -39.6033 5.85725 -3.83792
vt 151.099 232.06
v -39.6033 5.85725 -3.77802
vt 148.741 232.06
v -39.6033 5.86725 -3.76802
vt 148.347 232.454
v -39.6033 5.86725 -3.75032
vt 147.65 232.454
v -39.6033 5.85725 -3.74032
vt 147.257 232.06
v -39.6033 5.85725 -3.68032
vt 144.894 232.06
v -39.6033 5.86725 -3.67032
vt 144.501 232.454
v -39.6033 5.86725 -3.65262
vt 143.804 232.454
v -39.6033 5.85725 -3.64262
vt 143.41 232.06
v -39.6033 5.85725 -3.58262
vt 141.048 232.06
v -39.6033 5.89925 -3.55862
vt 140.103 233.713
v -39.6033 5.89925 -3.52862
vt 138.922 233.713
v -39.6033 5.85725 -3.50462
vt 137.977 232.06
v -39.6033 5.85725 -3.44462
vt 135.615 232.06
v -39.6033 5.86725 -3.43462
vt 135.221 232.454
v -39.6033 5.86725 -3.41692
vt 134.524 232.454
v -39.6033 5.85725 -3.40692
vt 134.131 232.06
v -39.6033 5.85725 -3.34702
vt 131.772 232.06
v -39.6033 5.86725 -3.33702
vt 131.379 232.454
v -39.6033 5.86725 -3.31932
vt 130.682 232.454
v -39.6033 5.85725 -3.30932
vt 130.288 232.06
v -39.6033 5.85725 -3.24932
vt 127.926 232.06
v -39.6033 5.89925 -3.22532
vt 126.981 233.713
v -39.6033 5.89925 -3.19532
vt 125.8 233.713
v -39.6033 5.85725 -3.17132
vt 124.855 232.06
v -39.6033 5.85725 -3.11132
vt 122.493 232.06
v -39.6033 5.86725 -3.10132
vt 122.099 232.454
v -39.6033 5.86725 -3.08367
vt 121.404 232.454
v -39.6033 5.85725 -3.07367
vt 121.011 232.06
v -39.6033 5.85725 -3.01367
vt 118.648 232.06
v -39.6033 5.86725 -3.00367
vt 118.255 232.454
v -39.6033 5.86725 -2.98602
vt 117.56 232.454
v -39.6033 5.85725 -2.97602
vt 117.166 232.06
f 1513/3551/254 1433/3469/254 1514/3552/254 1431/3467/254 1430/3466/254 1515/3553/254 1516/3554/254 1517/3555/254 1518/3556/254 1519/3557/254 1520/3558/254 1521/3559/254 1522/3560/254 1523/3561/254 1524/3562/254 1525/3563/254 1526/3564/254 1527/3565/254 1528/3566/254 1529/3567/254 1530/3568/254 1531/3569/254 1532/3570/254 1533/3571/254 1534/3572/254 1535/3573/254 1536/3574/254 1537/3575/254 1538/3576/254 1539/3577/254 1540/3578/254 1541/3579/254 1542/3580/254 1543/3581/254 1544/3582/254 1545/3583/254 1546/3584/254 1547/3585/254 1548/3586/254 1549/3587/254 1550/3588/254 1551/3589/254 1552/3590/254 1553/3591/254 1554/3592/254 1555/3593/254 1556/3594/254 1557/3595/254 1558/3596/254 1559/3597/254 1560/3598/254 1561/3599/254 1562/3600/254 1563/3601/254 1564/3602/254 1565/3603/254 1566/3604/254 1567/3605/254 1568/3606/254 1569/3607/254 1570/3608/254 1571/3609/254 1572/3610/254 1573/3611/254 1574/3612/254 1575/3613/254 1576/3614/254 1577/3615/254 1578/3616/254 1579/3617/254 1580/3618/254 1581/3619/254 1582/3620/254 1583/3621/254 1584/3622/254 1585/3623/254 1586/3624/254 1587/3625/254 1588/3626/254 1589/3627/254 1590/3628/254 1591/3629/254 1592/3630/254 1593/3631/254 1594/3632/254 

v -44.1533 5.8905 -2.88941
vt -1738.26 144.454
v -44.1533 5.886 -2.89198
vt -1738.26 144.249
v -44.1533 5.853 -2.91083
vt -1738.26 142.753
vt -1559.12 142.946
vt -1559.12 144.443
vt -1559.12 144.647
f 1595/3633/71 1596/3634/71 1597/3635/71 1513/3636/71 1433/3637/71 1432/3638/71 

usemtl FrontColor
vt -113.756 233.535
vn -1 -0.000935376 -2.71698e-08
v -44.1533 5.895 -2.89182
vt -113.851 233.712
vt -113.857 233.358
f 1595/3639/255 1598/3640/255 1596/3641/255

vt -113.748 233.535
f 1512/3642/255 1598/3640/255 1595/3639/255

vt -112.781 233.535
f 1511/3643/255 1598/3640/255 1512/3642/255

v -44.1533 5.8905 -2.86443
vt -112.773 233.535
f 1599/3644/255 1598/3640/255 1511/3643/255

v -44.1533 5.895 -2.86182
vt -112.67 233.712
f 1599/3644/255 1600/3645/255 1598/3640/255

v -44.1533 5.88125 -2.85915
vt -112.565 233.171
f 1601/3646/255 1600/3645/255 1599/3644/255

v -44.1533 5.85672 -2.84513
vt -112.013 232.205
f 1602/3647/255 1600/3645/255 1601/3646/255

v -44.1533 5.85637 -2.84493
vt -112.005 232.192
f 1603/3648/255 1600/3645/255 1602/3647/255

v -44.1533 5.8485 -2.84043
vt -111.828 231.882
f 1604/3649/255 1600/3645/255 1603/3648/255

v -44.1533 5.853 -2.83782
vt -111.725 232.059
f 1604/3649/255 1605/3650/255 1600/3645/255

v -44.1533 5.8485 -2.83782
vt -111.725 231.882
f 1606/3651/255 1605/3650/255 1604/3649/255

v -44.1533 5.853 -2.77792
vt -109.367 232.059
f 1606/3651/255 1607/3652/255 1605/3650/255

v -44.1533 5.8485 -2.77605
vt -109.293 231.882
f 1608/3653/255 1607/3652/255 1606/3651/255

v -44.1533 5.863 -2.76792
vt -108.973 232.452
f 1608/3653/255 1609/3654/255 1607/3652/255

v -44.1533 5.8585 -2.76605
vt -108.9 232.275
f 1610/3655/255 1609/3654/255 1608/3653/255

v -44.1533 5.8585 -2.75208
vt -108.35 232.275
f 1611/3656/255 1609/3654/255 1610/3655/255

v -44.1533 5.863 -2.75022
vt -108.276 232.452
f 1611/3656/255 1612/3657/255 1609/3654/255

v -44.1533 5.8485 -2.74208
vt -107.956 231.882
f 1613/3658/255 1612/3657/255 1611/3656/255

v -44.1533 5.853 -2.74022
vt -107.883 232.059
f 1613/3658/255 1614/3659/255 1612/3657/255

v -44.1533 5.853 -2.68022
vt -105.52 232.059
f 1613/3658/255 1615/3660/255 1614/3659/255

v -44.1533 5.8485 -2.67835
vt -105.447 231.882
f 1616/3661/255 1615/3660/255 1613/3658/255

v -44.1533 5.863 -2.67022
vt -105.127 232.452
f 1616/3661/255 1617/3662/255 1615/3660/255

v -44.1533 5.8585 -2.66835
vt -105.053 232.275
f 1618/3663/255 1617/3662/255 1616/3661/255

v -44.1533 5.8585 -2.65438
vt -104.503 232.275
f 1619/3664/255 1617/3662/255 1618/3663/255

v -44.1533 5.863 -2.65252
vt -104.43 232.452
f 1619/3664/255 1620/3665/255 1617/3662/255

v -44.1533 5.8485 -2.64438
vt -104.109 231.882
f 1621/3666/255 1620/3665/255 1619/3664/255

v -44.1533 5.853 -2.64252
vt -104.036 232.059
f 1621/3666/255 1622/3667/255 1620/3665/255

v -44.1533 5.853 -2.58252
vt -101.674 232.059
f 1621/3666/255 1623/3668/255 1622/3667/255

v -44.1533 5.8485 -2.57991
vt -101.571 231.882
f 1624/3669/255 1623/3668/255 1621/3666/255

v -44.1533 5.895 -2.55852
vt -100.729 233.712
f 1624/3669/255 1625/3670/255 1623/3668/255

v -44.1533 5.8905 -2.55591
vt -100.626 233.535
f 1626/3671/255 1625/3670/255 1624/3669/255

v -44.1533 5.8905 -2.53113
vt -99.6507 233.535
f 1627/3672/255 1625/3670/255 1626/3671/255

v -44.1533 5.895 -2.52852
vt -99.5479 233.712
f 1627/3672/255 1628/3673/255 1625/3670/255

v -44.1533 5.8485 -2.50713
vt -98.7058 231.882
f 1629/3674/255 1628/3673/255 1627/3672/255

v -44.1533 5.853 -2.50452
vt -98.603 232.059
f 1629/3674/255 1630/3675/255 1628/3673/255

v -44.1533 5.853 -2.44452
vt -96.2408 232.059
f 1629/3674/255 1631/3676/255 1630/3675/255

v -44.1533 5.8485 -2.44265
vt -96.1674 231.882
f 1632/3677/255 1631/3676/255 1629/3674/255

v -44.1533 5.863 -2.43452
vt -95.8471 232.452
f 1632/3677/255 1633/3678/255 1631/3676/255

v -44.1533 5.8585 -2.43265
vt -95.7737 232.275
f 1634/3679/255 1633/3678/255 1632/3677/255

v -44.1533 5.8585 -2.41868
vt -95.2236 232.275
f 1635/3680/255 1633/3678/255 1634/3679/255

v -44.1533 5.863 -2.41682
vt -95.1503 232.452
f 1635/3680/255 1636/3681/255 1633/3678/255

v -44.1533 5.8485 -2.40868
vt -94.8299 231.882
f 1637/3682/255 1636/3681/255 1635/3680/255

v -44.1533 5.853 -2.40682
vt -94.7566 232.059
f 1637/3682/255 1638/3683/255 1636/3681/255

v -44.1533 5.853 -2.34692
vt -92.3983 232.059
f 1637/3682/255 1639/3684/255 1638/3683/255

v -44.1533 5.8485 -2.34505
vt -92.3249 231.882
f 1640/3685/255 1639/3684/255 1637/3682/255

v -44.1533 5.863 -2.33692
vt -92.0046 232.452
f 1640/3685/255 1641/3686/255 1639/3684/255

v -44.1533 5.8585 -2.33505
vt -91.9312 232.275
f 1642/3687/255 1641/3686/255 1640/3685/255

v -44.1533 5.8585 -2.32108
vt -91.3811 232.275
f 1643/3688/255 1641/3686/255 1642/3687/255

v -44.1533 5.863 -2.31922
vt -91.3077 232.452
f 1643/3688/255 1644/3689/255 1641/3686/255

v -44.1533 5.8485 -2.31108
vt -90.9874 231.882
f 1645/3690/255 1644/3689/255 1643/3688/255

v -44.1533 5.853 -2.30922
vt -90.914 232.059
f 1645/3690/255 1646/3691/255 1644/3689/255

v -44.1533 5.853 -2.24922
vt -88.5518 232.059
f 1645/3690/255 1647/3692/255 1646/3691/255

v -44.1533 5.8485 -2.24661
vt -88.449 231.882
f 1648/3693/255 1647/3692/255 1645/3690/255

v -44.1533 5.895 -2.22522
vt -87.6069 233.712
f 1648/3693/255 1649/3694/255 1647/3692/255

v -44.1533 5.8905 -2.22261
vt -87.5041 233.535
f 1650/3695/255 1649/3694/255 1648/3693/255

v -44.1533 5.8905 -2.19783
vt -86.5287 233.535
f 1651/3696/255 1649/3694/255 1650/3695/255

v -44.1533 5.895 -2.19522
vt -86.4258 233.712
f 1651/3696/255 1652/3697/255 1649/3694/255

v -44.1533 5.8485 -2.17383
vt -85.5838 231.882
f 1653/3698/255 1652/3697/255 1651/3696/255

v -44.1533 5.853 -2.17122
vt -85.481 232.059
f 1653/3698/255 1654/3699/255 1652/3697/255

v -44.1533 5.853 -2.11122
vt -83.1188 232.059
f 1653/3698/255 1655/3700/255 1654/3699/255

v -44.1533 5.8485 -2.10935
vt -83.0454 231.882
f 1656/3701/255 1655/3700/255 1653/3698/255

v -44.1533 5.863 -2.10122
vt -82.7251 232.452
f 1656/3701/255 1657/3702/255 1655/3700/255

v -44.1533 5.8585 -2.09935
vt -82.6517 232.275
f 1658/3703/255 1657/3702/255 1656/3701/255

v -44.1533 5.8585 -2.08543
vt -82.1036 232.275
f 1659/3704/255 1657/3702/255 1658/3703/255

v -44.1533 5.863 -2.08357
vt -82.0302 232.452
f 1659/3704/255 1660/3705/255 1657/3702/255

v -44.1533 5.8485 -2.07543
vt -81.7099 231.882
f 1661/3706/255 1660/3705/255 1659/3704/255

v -44.1533 5.853 -2.07357
vt -81.6365 232.059
f 1661/3706/255 1662/3707/255 1660/3705/255

v -44.1533 5.853 -2.01357
vt -79.2743 232.059
f 1661/3706/255 1663/3708/255 1662/3707/255

v -44.1533 5.8485 -2.0117
vt -79.2009 231.882
f 1664/3709/255 1663/3708/255 1661/3706/255

v -44.1533 5.863 -2.00357
vt -78.8806 232.452
f 1664/3709/255 1665/3710/255 1663/3708/255

v -44.1533 5.8585 -2.0017
vt -78.8072 232.275
f 1666/3711/255 1665/3710/255 1664/3709/255

v -44.1533 5.8585 -1.98778
vt -78.2591 232.275
f 1667/3712/255 1665/3710/255 1666/3711/255

v -44.1533 5.863 -1.98592
vt -78.1857 232.452
f 1667/3712/255 1668/3713/255 1665/3710/255

v -44.1533 5.8485 -1.97778
vt -77.8654 231.882
f 1669/3714/255 1668/3713/255 1667/3712/255

v -44.1533 5.853 -1.97592
vt -77.792 232.059
f 1669/3714/255 1670/3715/255 1668/3713/255

v -44.1533 5.853 -1.91073
vt -75.2257 232.059
f 1669/3714/255 1671/3716/255 1670/3715/255

v -44.1533 5.8485 -1.90812
vt -75.1229 231.882
f 1672/3717/255 1671/3716/255 1669/3714/255

f 1672/3717/255 1387/3262/255 1671/3716/255

vt -74.3821 233.535
f 1672/3717/255 1388/3718/255 1387/3262/255

v -44.1533 5.886 -1.88669
vt -74.2793 233.358
f 1673/3719/255 1388/3718/255 1672/3717/255

v -44.1533 5.89025 -1.86714
vt -73.5094 233.526
f 1674/3720/255 1388/3718/255 1673/3719/255

vt -73.4066 233.535
f 1674/3720/255 1389/3721/255 1388/3718/255

v -44.1533 5.88125 -1.86192
vt -73.3038 233.171
f 1675/3722/255 1389/3721/255 1674/3720/255

vt -73.1987 233.171
f 1389/3721/255 1675/3722/255 1390/3723/255

v -44.1533 5.877 -1.86192
vt -73.3038 233.004
f 1676/3724/255 1390/3723/255 1675/3722/255

f 1390/3723/255 1676/3724/255 1391/3266/255

usemtl M_0050_LemonChiffon
vt 1738.1 73.1029
vn 0.000936004 -1 2.51678e-10
vt 1738.1 73.3038
vt 1558.97 73.3038
vt 1558.97 73.1029
f 1391/3725/256 1676/3726/256 1471/3727/256 1300/3728/256 

vn 0.000936004 -1 -2.92027e-08
v -44.1533 5.877 -1.862
vt 1738.1 73.307
v -39.6033 5.88125 -1.862
vt 1558.97 73.307
f 1676/3726/257 1677/3729/257 1678/3730/257 1471/3727/257 

usemtl FrontColor
v -44.1533 5.88125 -1.862
vt -73.3069 233.171
vt -73.3069 233.004
f 1676/3724/255 1679/3731/255 1677/3732/255

f 1676/3724/255 1675/3722/255 1679/3731/255

usemtl M_0050_LemonChiffon
v -47.9298 5.87772 -1.86192
vt 1886.78 73.3038
v -47.9298 5.87772 -1.862
vt 1886.78 73.307
f 1680/3733/257 1681/3734/257 1679/3729/257 1675/3726/257 

usemtl FrontColor
v -47.9298 5.89122 -1.88931
vt -74.3821 233.704
vn -1 -0.000936004 7.07765e-15
v -47.9298 5.85372 -1.91073
vt -75.2258 232.228
v -47.9298 5.85372 -1.97592
vt -77.792 232.228
v -47.9298 5.86372 -1.98592
vt -78.1857 232.621
v -47.9298 5.86372 -2.00357
vt -78.8806 232.621
v -47.9298 5.85372 -2.01357
vt -79.2743 232.228
v -47.9298 5.85372 -2.07357
vt -81.6365 232.228
v -47.9298 5.86372 -2.08357
vt -82.0302 232.621
v -47.9298 5.86372 -2.10122
vt -82.7251 232.621
v -47.9298 5.85372 -2.11122
vt -83.1188 232.228
v -47.9298 5.85372 -2.17122
vt -85.481 232.228
v -47.9298 5.89572 -2.19522
vt -86.4259 233.881
v -47.9298 5.89572 -2.22522
vt -87.607 233.881
v -47.9298 5.85372 -2.24922
vt -88.5519 232.228
v -47.9298 5.85372 -2.30922
vt -90.9141 232.228
v -47.9298 5.86372 -2.31922
vt -91.3078 232.621
v -47.9298 5.86372 -2.33692
vt -92.0046 232.621
v -47.9298 5.85372 -2.34692
vt -92.3983 232.228
v -47.9298 5.85372 -2.40682
vt -94.7566 232.228
v -47.9298 5.86372 -2.41682
vt -95.1503 232.621
v -47.9298 5.86372 -2.43452
vt -95.8471 232.621
v -47.9298 5.85372 -2.44452
vt -96.2408 232.228
v -47.9298 5.85372 -2.50452
vt -98.6031 232.228
v -47.9298 5.89572 -2.52852
vt -99.5479 233.881
v -47.9298 5.89572 -2.55852
vt -100.729 233.881
v -47.9298 5.85372 -2.58252
vt -101.674 232.228
v -47.9298 5.85372 -2.64252
vt -104.036 232.228
v -47.9298 5.86372 -2.65252
vt -104.43 232.621
v -47.9298 5.86372 -2.67022
vt -105.127 232.621
v -47.9298 5.85372 -2.68022
vt -105.52 232.228
v -47.9298 5.85372 -2.74022
vt -107.883 232.228
v -47.9298 5.86372 -2.75022
vt -108.276 232.621
v -47.9298 5.86372 -2.76792
vt -108.973 232.621
v -47.9298 5.85372 -2.77792
vt -109.367 232.228
v -47.9298 5.85372 -2.83782
vt -111.725 232.228
v -47.9298 5.89572 -2.86182
vt -112.67 233.881
v -47.9298 5.89572 -2.89182
vt -113.851 233.881
v -47.9298 5.88672 -2.89696
vt -114.054 233.527
v -47.9298 5.88672 -2.89178
vt -113.85 233.527
v -47.9298 5.89122 -2.88921
vt -113.748 233.704
v -47.9298 5.89122 -2.86443
vt -112.773 233.704
v -47.9298 5.85709 -2.84493
vt -112.005 232.36
v -47.9298 5.84922 -2.84043
vt -111.828 232.05
v -47.9298 5.84922 -2.83782
vt -111.725 232.05
v -47.9298 5.84922 -2.77605
vt -109.293 232.05
v -47.9298 5.85922 -2.76605
vt -108.9 232.444
v -47.9298 5.85922 -2.75208
vt -108.35 232.444
v -47.9298 5.84922 -2.74208
vt -107.956 232.05
v -47.9298 5.84922 -2.67835
vt -105.447 232.05
v -47.9298 5.85922 -2.66835
vt -105.053 232.444
v -47.9298 5.85922 -2.65438
vt -104.503 232.444
v -47.9298 5.84922 -2.64438
vt -104.11 232.05
v -47.9298 5.84922 -2.57991
vt -101.571 232.05
v -47.9298 5.89122 -2.55591
vt -100.626 233.704
v -47.9298 5.89122 -2.53113
vt -99.6507 233.704
v -47.9298 5.84922 -2.50713
vt -98.7059 232.05
v -47.9298 5.84922 -2.44265
vt -96.1675 232.05
v -47.9298 5.85922 -2.43265
vt -95.7738 232.444
v -47.9298 5.85922 -2.41868
vt -95.2237 232.444
v -47.9298 5.84922 -2.40868
vt -94.83 232.05
v -47.9298 5.84922 -2.34505
vt -92.3249 232.05
v -47.9298 5.85922 -2.33505
vt -91.9312 232.444
v -47.9298 5.85922 -2.32108
vt -91.3812 232.444
v -47.9298 5.84922 -2.31108
vt -90.9875 232.05
v -47.9298 5.84922 -2.24661
vt -88.4491 232.05
v -47.9298 5.89122 -2.22261
vt -87.5042 233.704
v -47.9298 5.89122 -2.19783
vt -86.5287 233.704
v -47.9298 5.84922 -2.17383
vt -85.5838 232.05
v -47.9298 5.84922 -2.10935
vt -83.0454 232.05
v -47.9298 5.85922 -2.09935
vt -82.6517 232.444
v -47.9298 5.85922 -2.08543
vt -82.1036 232.444
v -47.9298 5.84922 -2.07543
vt -81.7099 232.05
v -47.9298 5.84922 -2.0117
vt -79.2009 232.05
v -47.9298 5.85922 -2.0017
vt -78.8072 232.444
v -47.9298 5.85922 -1.98778
vt -78.2591 232.444
v -47.9298 5.84922 -1.97778
vt -77.8654 232.05
v -47.9298 5.84922 -1.90812
vt -75.123 232.05
v -47.9298 5.88672 -1.88669
vt -74.2793 233.527
v -47.9298 5.88672 -1.86714
vt -73.5095 233.527
vt -73.307 233.172
vt -73.3038 233.172
v -47.9298 5.87772 -1.85681
vt -73.1029 233.172
v -47.9298 5.89122 -1.86453
vt -73.4067 233.704
f 1682/3735/258 1683/3736/258 1684/3737/258 1685/3738/258 1686/3739/258 1687/3740/258 1688/3741/258 1689/3742/258 1690/3743/258 1691/3744/258 1692/3745/258 1693/3746/258 1694/3747/258 1695/3748/258 1696/3749/258 1697/3750/258 1698/3751/258 1699/3752/258 1700/3753/258 1701/3754/258 1702/3755/258 1703/3756/258 1704/3757/258 1705/3758/258 1706/3759/258 1707/3760/258 1708/3761/258 1709/3762/258 1710/3763/258 1711/3764/258 1712/3765/258 1713/3766/258 1714/3767/258 1715/3768/258 1716/3769/258 1717/3770/258 1718/3771/258 1719/3772/258 1720/3773/258 1721/3774/258 1722/3775/258 1723/3776/258 1724/3777/258 1725/3778/258 1726/3779/258 1727/3780/258 1728/3781/258 1729/3782/258 1730/3783/258 1731/3784/258 1732/3785/258 1733/3786/258 1734/3787/258 1735/3788/258 1736/3789/258 1737/3790/258 1738/3791/258 1739/3792/258 1740/3793/258 1741/3794/258 1742/3795/258 1743/3796/258 1744/3797/258 1745/3798/258 1746/3799/258 1747/3800/258 1748/3801/258 1749/3802/258 1750/3803/258 1751/3804/258 1752/3805/258 1753/3806/258 1754/3807/258 1755/3808/258 1756/3809/258 1757/3810/258 1758/3811/258 1759/3812/258 1760/3813/258 1681/3814/258 1680/3815/258 1761/3816/258 1762/3817/258 

usemtl White1
vt -1886.96 163.974
vt -1886.96 162.273
v -44.1533 5.85725 -1.91073
vt -1738.28 162.434
vt -1738.28 163.737
v -44.1533 5.89475 -1.88931
vt -1738.28 164.134
f 1682/3818/71 1683/3819/71 1763/3820/71 1386/3821/71 1764/3822/71 

vt -1886.78 75.2258
vt -1738.1 75.2258
v -44.1533 5.85725 -1.97592
vt -1738.1 77.792
vt -1886.78 77.792
f 1683/3823/183 1763/3824/183 1765/3825/74 1684/3826/74 

v -44.1533 5.89475 -2.86463
vt 112.781 233.705
vn 1 0.000936548 1.39918e-08
v -44.1533 5.89475 -2.88921
vt 113.748 233.705
v -44.1533 5.89475 -2.88941
vt 113.756 233.705
v -44.1533 5.89025 -2.89198
vt 113.857 233.528
v -44.1533 5.89025 -2.89453
vt 113.958 233.528
v -44.1533 5.89025 -2.89696
vt 114.054 233.528
v -44.1533 5.89925 -2.89182
vt 113.851 233.882
v -44.1533 5.89925 -2.86182
vt 112.67 233.882
v -44.1533 5.85725 -2.83782
vt 111.725 232.228
v -44.1533 5.85725 -2.77792
vt 109.367 232.228
v -44.1533 5.86725 -2.76792
vt 108.973 232.622
v -44.1533 5.86725 -2.75022
vt 108.276 232.622
v -44.1533 5.85725 -2.74022
vt 107.883 232.228
v -44.1533 5.85725 -2.68022
vt 105.52 232.228
v -44.1533 5.86725 -2.67022
vt 105.127 232.622
v -44.1533 5.86725 -2.65252
vt 104.43 232.622
v -44.1533 5.85725 -2.64252
vt 104.036 232.228
v -44.1533 5.85725 -2.58252
vt 101.674 232.228
v -44.1533 5.89925 -2.55852
vt 100.729 233.882
v -44.1533 5.89925 -2.52852
vt 99.5479 233.882
v -44.1533 5.85725 -2.50452
vt 98.603 232.228
v -44.1533 5.85725 -2.44452
vt 96.2408 232.228
v -44.1533 5.86725 -2.43452
vt 95.8471 232.622
v -44.1533 5.86725 -2.41682
vt 95.1503 232.622
v -44.1533 5.85725 -2.40682
vt 94.7566 232.228
v -44.1533 5.85725 -2.34692
vt 92.3983 232.228
v -44.1533 5.86725 -2.33692
vt 92.0046 232.622
v -44.1533 5.86725 -2.31922
vt 91.3078 232.622
v -44.1533 5.85725 -2.30922
vt 90.9141 232.228
v -44.1533 5.85725 -2.24922
vt 88.5518 232.228
v -44.1533 5.89925 -2.22522
vt 87.607 233.882
v -44.1533 5.89925 -2.19522
vt 86.4259 233.882
v -44.1533 5.85725 -2.17122
vt 85.481 232.228
v -44.1533 5.85725 -2.11122
vt 83.1188 232.228
v -44.1533 5.86725 -2.10122
vt 82.7251 232.622
v -44.1533 5.86725 -2.08357
vt 82.0302 232.622
v -44.1533 5.85725 -2.07357
vt 81.6365 232.228
v -44.1533 5.85725 -2.01357
vt 79.2743 232.228
v -44.1533 5.86725 -2.00357
vt 78.8806 232.622
v -44.1533 5.86725 -1.98592
vt 78.1857 232.622
vt 77.792 232.228
vt 75.2258 232.228
vt 74.5792 233.36
vt 74.3821 233.705
v -44.1533 5.89475 -1.86453
vt 73.4066 233.705
v -44.1533 5.88125 -1.85681
vt 73.1029 233.173
vt 73.1987 233.173
vt 73.3038 233.173
vt 73.5094 233.528
v -44.1533 5.89025 -1.88669
vt 74.2793 233.528
v -44.1533 5.85275 -1.90812
vt 75.1229 232.051
v -44.1533 5.85275 -1.97778
vt 77.8654 232.051
v -44.1533 5.86275 -1.98778
vt 78.2591 232.445
v -44.1533 5.86275 -2.0017
vt 78.8072 232.445
v -44.1533 5.85275 -2.0117
vt 79.2009 232.051
v -44.1533 5.85275 -2.07543
vt 81.7099 232.051
v -44.1533 5.86275 -2.08543
vt 82.1036 232.445
v -44.1533 5.86275 -2.09935
vt 82.6517 232.445
v -44.1533 5.85275 -2.10935
vt 83.0454 232.051
v -44.1533 5.85275 -2.17383
vt 85.5838 232.051
v -44.1533 5.89475 -2.19783
vt 86.5287 233.705
v -44.1533 5.89475 -2.22261
vt 87.5042 233.705
v -44.1533 5.85275 -2.24661
vt 88.449 232.051
v -44.1533 5.85275 -2.31108
vt 90.9874 232.051
v -44.1533 5.86275 -2.32108
vt 91.3811 232.445
v -44.1533 5.86275 -2.33505
vt 91.9312 232.445
v -44.1533 5.85275 -2.34505
vt 92.3249 232.051
v -44.1533 5.85275 -2.40868
vt 94.83 232.051
v -44.1533 5.86275 -2.41868
vt 95.2237 232.445
v -44.1533 5.86275 -2.43265
vt 95.7737 232.445
v -44.1533 5.85275 -2.44265
vt 96.1674 232.051
v -44.1533 5.85275 -2.50713
vt 98.7058 232.051
v -44.1533 5.89475 -2.53113
vt 99.6507 233.705
v -44.1533 5.89475 -2.55591
vt 100.626 233.705
v -44.1533 5.85275 -2.57991
vt 101.571 232.051
v -44.1533 5.85275 -2.64438
vt 104.109 232.051
v -44.1533 5.86275 -2.65438
vt 104.503 232.445
v -44.1533 5.86275 -2.66835
vt 105.053 232.445
v -44.1533 5.85275 -2.67835
vt 105.447 232.051
v -44.1533 5.85275 -2.74208
vt 107.956 232.051
v -44.1533 5.86275 -2.75208
vt 108.35 232.445
v -44.1533 5.86275 -2.76605
vt 108.9 232.445
v -44.1533 5.85275 -2.77605
vt 109.293 232.051
v -44.1533 5.85275 -2.83782
vt 111.725 232.051
v -44.1533 5.85275 -2.84043
vt 111.828 232.051
v -44.1533 5.86063 -2.84493
vt 112.005 232.361
v -44.1533 5.89475 -2.86443
vt 112.773 233.705
f 1766/3827/259 1767/3828/259 1768/3829/259 1769/3830/259 1770/3831/259 1771/3832/259 1772/3833/259 1773/3834/259 1774/3835/259 1775/3836/259 1776/3837/259 1777/3838/259 1778/3839/259 1779/3840/259 1780/3841/259 1781/3842/259 1782/3843/259 1783/3844/259 1784/3845/259 1785/3846/259 1786/3847/259 1787/3848/259 1788/3849/259 1789/3850/259 1790/3851/259 1791/3852/259 1792/3853/259 1793/3854/259 1794/3855/259 1795/3856/259 1796/3857/259 1797/3858/259 1798/3859/259 1799/3860/259 1800/3861/259 1801/3862/259 1802/3863/259 1803/3864/259 1804/3865/259 1805/3866/259 1765/3867/259 1763/3868/259 1386/3869/259 1764/3870/259 1806/3871/259 1807/3872/259 1390/3873/259 1675/3874/259 1674/3875/259 1808/3876/259 1809/3877/259 1810/3878/259 1811/3879/259 1812/3880/259 1813/3881/259 1814/3882/259 1815/3883/259 1816/3884/259 1817/3885/259 1818/3886/259 1819/3887/259 1820/3888/259 1821/3889/259 1822/3890/259 1823/3891/259 1824/3892/259 1825/3893/259 1826/3894/259 1827/3895/259 1828/3896/259 1829/3897/259 1830/3898/259 1831/3899/259 1832/3900/259 1833/3901/259 1834/3902/259 1835/3903/259 1836/3904/259 1837/3905/259 1838/3906/259 1839/3907/259 1840/3908/259 1841/3909/259 1842/3910/259 1843/3911/259 1844/3912/259 1845/3913/259 

vt 112.781 233.706
vn 1 0.000937338 5.89214e-08
vt 112.781 233.539
vt 113.748 233.706
f 1766/3914/260 1511/3915/260 1767/3916/260

vt 112.773 233.539
f 1766/3914/260 1599/3917/260 1511/3915/260

vt 112.565 233.175
f 1766/3914/260 1601/3918/260 1599/3917/260

v -44.1533 5.88125 -2.85691
vt 112.477 233.175
f 1601/3918/260 1766/3914/260 1846/3919/260

usemtl M_0024_OrangeRed
vt 1738.38 256.993
vt 1738.38 256.381
v -47.8388 5.8778 -2.85691
vt 1883.48 256.224
v -47.8388 5.8913 -2.86463
vt 1883.48 256.836
f 1766/3920/86 1846/3921/86 1847/3922/86 1848/3923/86 

usemtl M_0050_LemonChiffon
vt 1883.2 112.477
vn 0.000936004 -1 2.51034e-10
v -47.8388 5.8778 -2.86202
vt 1883.2 112.678
v -44.1533 5.88125 -2.86202
vt 1738.1 112.678
v -44.1533 5.88125 -2.85935
vt 1738.1 112.573
vt 1738.1 112.565
vt 1738.1 112.477
f 1847/3924/261 1849/3925/261 1850/3926/261 1851/3927/261 1601/3928/261 1846/3929/261 

usemtl FrontColor
v -47.8388 5.8913 -2.88941
vt -113.756 233.704
vn -1 -0.000936004 6.80009e-15
v -47.8388 5.8538 -2.91083
vt -114.6 232.228
v -47.8388 5.8538 -2.97602
vt -117.166 232.228
v -47.8388 5.8638 -2.98602
vt -117.56 232.621
v -47.8388 5.8638 -3.00367
vt -118.255 232.621
v -47.8388 5.8538 -3.01367
vt -118.648 232.228
v -47.8388 5.8538 -3.07367
vt -121.011 232.228
v -47.8388 5.8638 -3.08367
vt -121.404 232.621
v -47.8388 5.8638 -3.10132
vt -122.099 232.621
v -47.8388 5.8538 -3.11132
vt -122.493 232.228
v -47.8388 5.8538 -3.17132
vt -124.855 232.228
v -47.8388 5.8958 -3.19532
vt -125.8 233.881
v -47.8388 5.8958 -3.22532
vt -126.981 233.881
v -47.8388 5.8538 -3.24932
vt -127.926 232.228
v -47.8388 5.8538 -3.30932
vt -130.288 232.228
v -47.8388 5.8638 -3.31932
vt -130.682 232.621
v -47.8388 5.8638 -3.33702
vt -131.379 232.621
v -47.8388 5.8538 -3.34702
vt -131.772 232.228
v -47.8388 5.8538 -3.40692
vt -134.131 232.228
v -47.8388 5.8638 -3.41692
vt -134.524 232.621
v -47.8388 5.8638 -3.43462
vt -135.221 232.621
v -47.8388 5.8538 -3.44462
vt -135.615 232.228
v -47.8388 5.8538 -3.50462
vt -137.977 232.228
v -47.8388 5.8958 -3.52862
vt -138.922 233.881
v -47.8388 5.8958 -3.55862
vt -140.103 233.881
v -47.8388 5.8538 -3.58262
vt -141.048 232.228
v -47.8388 5.8538 -3.64262
vt -143.41 232.228
v -47.8388 5.8638 -3.65262
vt -143.804 232.621
v -47.8388 5.8638 -3.67032
vt -144.501 232.621
v -47.8388 5.8538 -3.68032
vt -144.894 232.228
v -47.8388 5.8538 -3.74032
vt -147.257 232.228
v -47.8388 5.8638 -3.75032
vt -147.65 232.621
v -47.8388 5.8638 -3.76802
vt -148.347 232.621
v -47.8388 5.8538 -3.77802
vt -148.741 232.228
v -47.8388 5.8538 -3.83792
vt -151.099 232.228
v -47.8388 5.8958 -3.86192
vt -152.044 233.881
v -47.8388 5.8958 -3.89192
vt -153.225 233.881
v -47.8388 5.8868 -3.89706
vt -153.428 233.527
v -47.8388 5.8868 -3.89188
vt -153.224 233.527
v -47.8388 5.8913 -3.88931
vt -153.122 233.704
v -47.8388 5.8913 -3.86453
vt -152.147 233.704
v -47.8388 5.85718 -3.84503
vt -151.379 232.36
v -47.8388 5.8493 -3.84053
vt -151.202 232.05
v -47.8388 5.8493 -3.83792
vt -151.099 232.05
v -47.8388 5.8493 -3.77615
vt -148.667 232.05
v -47.8388 5.8593 -3.76615
vt -148.274 232.444
v -47.8388 5.8593 -3.75218
vt -147.724 232.444
v -47.8388 5.8493 -3.74218
vt -147.33 232.05
v -47.8388 5.8493 -3.67845
vt -144.821 232.05
v -47.8388 5.8593 -3.66845
vt -144.427 232.444
v -47.8388 5.8593 -3.65448
vt -143.877 232.444
v -47.8388 5.8493 -3.64448
vt -143.484 232.05
v -47.8388 5.8493 -3.58001
vt -140.945 232.05
v -47.8388 5.8913 -3.55601
vt -140 233.704
v -47.8388 5.8913 -3.53123
vt -139.025 233.704
v -47.8388 5.8493 -3.50723
vt -138.08 232.05
v -47.8388 5.8493 -3.44275
vt -135.541 232.05
v -47.8388 5.8593 -3.43275
vt -135.148 232.444
v -47.8388 5.8593 -3.41878
vt -134.598 232.444
v -47.8388 5.8493 -3.40878
vt -134.204 232.05
v -47.8388 5.8493 -3.34515
vt -131.699 232.05
v -47.8388 5.8593 -3.33515
vt -131.305 232.444
v -47.8388 5.8593 -3.32118
vt -130.755 232.444
v -47.8388 5.8493 -3.31118
vt -130.361 232.05
v -47.8388 5.8493 -3.24671
vt -127.823 232.05
v -47.8388 5.8913 -3.22271
vt -126.878 233.704
v -47.8388 5.8913 -3.19793
vt -125.903 233.704
v -47.8388 5.8493 -3.17393
vt -124.958 232.05
v -47.8388 5.8493 -3.10945
vt -122.419 232.05
v -47.8388 5.8593 -3.09945
vt -122.026 232.444
v -47.8388 5.8593 -3.08553
vt -121.478 232.444
v -47.8388 5.8493 -3.07553
vt -121.084 232.05
v -47.8388 5.8493 -3.0118
vt -118.575 232.05
v -47.8388 5.8593 -3.0018
vt -118.181 232.444
v -47.8388 5.8593 -2.98788
vt -117.633 232.444
v -47.8388 5.8493 -2.97788
vt -117.239 232.05
v -47.8388 5.8493 -2.90822
vt -114.497 232.05
v -47.8388 5.8868 -2.88679
vt -113.653 233.527
v -47.8388 5.8868 -2.86724
vt -112.883 233.527
v -47.8388 5.8778 -2.8621
vt -112.681 233.172
vt -112.678 233.172
vt -112.477 233.172
vt -112.781 233.704
v -47.8388 5.8913 -2.88921
f 1852/3930/262 1853/3931/262 1854/3932/262 1855/3933/262 1856/3934/262 1857/3935/262 1858/3936/262 1859/3937/262 1860/3938/262 1861/3939/262 1862/3940/262 1863/3941/262 1864/3942/262 1865/3943/262 1866/3944/262 1867/3945/262 1868/3946/262 1869/3947/262 1870/3948/262 1871/3949/262 1872/3950/262 1873/3951/262 1874/3952/262 1875/3953/262 1876/3954/262 1877/3955/262 1878/3956/262 1879/3957/262 1880/3958/262 1881/3959/262 1882/3960/262 1883/3961/262 1884/3962/262 1885/3963/262 1886/3964/262 1887/3965/262 1888/3966/262 1889/3967/262 1890/3968/262 1891/3969/262 1892/3970/262 1893/3971/262 1894/3972/262 1895/3973/262 1896/3974/262 1897/3975/262 1898/3976/262 1899/3977/262 1900/3978/262 1901/3979/262 1902/3980/262 1903/3981/262 1904/3982/262 1905/3983/262 1906/3984/262 1907/3985/262 1908/3986/262 1909/3987/262 1910/3988/262 1911/3989/262 1912/3990/262 1913/3991/262 1914/3992/262 1915/3993/262 1916/3994/262 1917/3995/262 1918/3996/262 1919/3997/262 1920/3998/262 1921/3999/262 1922/4000/262 1923/4001/262 1924/4002/262 1925/4003/262 1926/4004/262 1927/4005/262 1928/4006/262 1929/4007/262 1930/4008/262 1931/4009/262 1849/4010/262 1847/4011/262 1848/4012/262 1932/3774/262 

usemtl White1
vt -1883.36 144.443
vt -1883.36 142.742
v -44.1533 5.85725 -2.91083
vt -1738.26 142.899
v -44.1533 5.886 -2.89441
vt -1738.26 144.202
vt -1738.26 144.395
vt -1738.26 144.599
f 1852/4013/71 1853/4014/71 1933/4015/71 1934/4016/71 1769/4017/71 1768/4018/71 

vt -1883.2 114.6
vt -1738.1 114.6
v -44.1533 5.85725 -2.97602
vt -1738.1 117.166
vt -1883.2 117.166
f 1853/4019/73 1933/4020/73 1935/4021/74 1854/4022/74 

vt 114.6 232.23
v -44.1533 5.85275 -2.97788
vt 117.239 232.053
vt 117.166 232.23
f 1933/4023/260 1936/4024/260 1935/4025/260

v -44.1533 5.85275 -2.90822
vt 114.497 232.053
f 1933/4023/260 1937/4026/260 1936/4024/260

vt 113.953 233.361
f 1934/4027/260 1937/4026/260 1933/4023/260

vt 113.857 233.361
f 1596/4028/260 1937/4026/260 1934/4027/260

v -44.1533 5.886 -2.89178
vt 113.849 233.361
f 1938/4029/260 1937/4026/260 1596/4028/260

vt 113.748 233.539
f 1512/4030/260 1937/4026/260 1938/4029/260

v -44.1533 5.89025 -2.88679
vt 113.653 233.529
f 1512/4030/260 1939/4031/260 1937/4026/260

f 1767/3916/260 1939/4031/260 1512/4030/260

v -44.1533 5.89025 -2.86724
vt 112.883 233.529
f 1767/3916/260 1940/4032/260 1939/4031/260

f 1767/3916/260 1511/3915/260 1940/4032/260

usemtl FrontColor
vt -112.678 233.171
vn -1 -0.000935237 -2.0691e-08
vt -112.883 233.525
f 1850/4033/263 1511/3643/263 1940/4034/263

vt -112.573 233.171
f 1850/4033/263 1851/4035/263 1511/3643/263

v -44.1533 5.877 -2.86202
vt -112.678 233.003
f 1941/4036/263 1851/4035/263 1850/4033/263

v -44.1533 5.877 -2.85691
vt -112.477 233.003
f 1851/4035/263 1941/4036/263 1942/4037/263

usemtl M_0050_LemonChiffon
vt 1558.97 112.678
vt 1558.97 112.477
f 1942/3929/229 1941/3926/229 1516/4038/229 1515/4039/229 

vn 0.000936004 -1 -2.91937e-08
v -44.1533 5.877 -2.8621
vt 1738.1 112.681
v -39.6033 5.88125 -2.8621
vt 1558.97 112.681
f 1941/3926/264 1943/4040/264 1944/4041/264 1516/4038/264 

usemtl FrontColor
vt -112.681 233.003
f 1850/4033/263 1943/4042/263 1941/4036/263

v -44.1533 5.88125 -2.8621
vt -112.681 233.171
f 1943/4042/263 1850/4033/263 1945/4043/263

usemtl M_0050_LemonChiffon
vt 1883.2 112.681
f 1849/3925/257 1931/4044/257 1945/4040/257 1850/3926/257 

vt 1883.48 256.325
vt 1883.48 256.734
vt 1738.38 256.89
vt 1738.38 256.482
f 1931/4045/86 1930/4046/86 1940/4047/86 1945/4048/86 

vt 1883.2 112.883
vn 0.000936004 -1 -3.76804e-14
vt 1883.2 113.653
vt 1738.1 113.653
vt 1738.1 112.883
f 1930/4049/265 1929/4050/265 1939/4051/265 1940/4052/265 

vt -1883.36 144.34
vt -1883.35 142.639
vt -1738.26 142.796
vt -1738.26 144.496
f 1929/4053/71 1928/4054/71 1937/4055/71 1939/4056/71 

usemtl FrontColor
vt 1738.1 114.497
vn 0.000936004 -1 1.99277e-14
vt 1883.2 114.497
vt 1883.2 117.239
vt 1738.1 117.239
f 1937/4057/266 1928/4058/266 1927/4059/99 1936/4060/99 

usemtl White1
v -44.1533 5.86275 -2.98788
vt 1738.43 245.241
vt 1738.43 244.684
vt 1883.53 244.492
vt 1883.53 245.049
f 1946/4061/99 1936/4062/99 1927/4063/99 1926/4064/99 

v -44.1533 5.86725 -2.98602
vt 117.56 232.624
vt 117.633 232.446
f 1947/4065/260 1936/4024/260 1946/4066/260

f 1935/4025/260 1936/4024/260 1947/4065/260

vt -1738.43 244.758
vt -1738.43 245.314
vt -1883.53 245.122
vt -1883.53 244.566
f 1935/4067/74 1947/4068/74 1855/4069/74 1854/4070/74 

vt -1738.1 117.56
v -44.1533 5.86725 -3.00367
vt -1738.1 118.255
vt -1883.2 118.255
vt -1883.2 117.56
f 1947/4071/74 1948/4072/75 1856/4073/75 1855/4074/74 

vt 118.255 232.624
f 1947/4065/260 1946/4066/260 1948/4075/260

v -44.1533 5.86275 -3.0018
vt 118.181 232.446
f 1948/4075/260 1946/4066/260 1949/4076/260

vt 1738.1 118.181
vt 1738.1 117.633
vt 1883.2 117.633
vt 1883.2 118.181
f 1949/4077/97 1946/4078/99 1926/4079/99 1925/4080/97 

v -44.1533 5.85275 -3.0118
vt -1738.21 77.9384
vt -1738.21 78.4952
vt -1883.31 78.3031
vt -1883.3 77.7464
f 1950/4081/97 1949/4082/97 1925/4083/97 1924/4084/97 

vt 118.575 232.053
f 1948/4075/260 1949/4076/260 1950/4085/260

v -44.1533 5.85725 -3.01367
vt 118.648 232.23
f 1948/4075/260 1950/4085/260 1951/4086/260

v -44.1533 5.85275 -3.07553
vt 121.084 232.053
f 1951/4086/260 1950/4085/260 1952/4087/260

vt 1738.1 121.084
vt 1738.1 118.575
vt 1883.2 118.575
vt 1883.2 121.084
f 1952/4088/99 1950/4089/97 1924/4090/97 1923/4091/99 

v -44.1533 5.86275 -3.08553
vt 1738.43 247.959
vt 1738.43 247.403
vt 1883.53 247.211
vt 1883.53 247.767
f 1953/4092/99 1952/4093/99 1923/4094/99 1922/4095/99 

v -44.1533 5.86725 -3.08367
vt 121.404 232.624
vt 121.478 232.446
f 1954/4096/260 1952/4087/260 1953/4097/260

v -44.1533 5.85725 -3.07367
vt 121.01 232.23
f 1955/4098/260 1952/4087/260 1954/4096/260

f 1951/4086/260 1952/4087/260 1955/4098/260

vt -1738.1 118.648
vt -1738.1 121.011
vt -1883.2 121.011
vt -1883.2 118.648
f 1951/4099/75 1955/4100/74 1858/4101/74 1857/4102/75 

vt -1738.43 247.476
vt -1738.43 248.033
vt -1883.53 247.841
vt -1883.53 247.284
f 1955/4103/74 1954/4104/74 1859/4105/74 1858/4106/74 

vt -1738.1 121.404
v -44.1533 5.86725 -3.10132
vt -1738.1 122.099
vt -1883.2 122.099
vt -1883.2 121.404
f 1954/4107/74 1956/4108/75 1860/4109/75 1859/4110/74 

vt 122.099 232.624
f 1954/4096/260 1953/4097/260 1956/4111/260

v -44.1533 5.86275 -3.09945
vt 122.026 232.446
f 1956/4111/260 1953/4097/260 1957/4112/260

vt 1738.1 122.026
vt 1738.1 121.478
vt 1883.2 121.478
vt 1883.2 122.026
f 1957/4113/97 1953/4114/99 1922/4115/99 1921/4116/97 

v -44.1533 5.85275 -3.10945
vt -1738.2 75.22
vt -1738.2 75.7767
vt -1883.3 75.5847
vt -1883.3 75.0279
f 1958/4117/97 1957/4118/97 1921/4119/97 1920/4120/97 

vt 122.419 232.053
f 1956/4111/260 1957/4112/260 1958/4121/260

v -44.1533 5.85725 -3.11132
vt 122.493 232.23
f 1956/4111/260 1958/4121/260 1959/4122/260

v -44.1533 5.85275 -3.17393
vt 124.958 232.053
f 1959/4122/260 1958/4121/260 1960/4123/260

vt 1738.1 124.958
vn 0.000936004 -1 -7.60259e-16
vt 1738.1 122.419
vt 1883.2 122.419
vt 1883.2 124.958
f 1960/4124/267 1958/4125/97 1920/4126/97 1919/4127/267 

v -44.1533 5.89475 -3.19793
vt 1738.39 263.503
vt 1738.38 261.599
vt 1883.48 261.442
vt 1883.49 263.347
f 1961/4128/86 1960/4129/86 1919/4130/86 1918/4131/86 

v -44.1533 5.89925 -3.19532
vt 125.8 233.883
vt 125.903 233.706
f 1962/4132/260 1960/4123/260 1961/4133/260

v -44.1533 5.85725 -3.17132
vt 124.855 232.23
f 1963/4134/260 1960/4123/260 1962/4132/260

f 1959/4122/260 1960/4123/260 1963/4134/260

vt -1738.1 122.493
vt -1738.1 124.855
vn -0.000936004 1 7.60421e-16
vt -1883.2 124.855
vt -1883.2 122.493
f 1959/4135/75 1963/4136/268 1862/4137/268 1861/4138/75 

vt -1738.38 261.701
vt -1738.39 263.606
vt -1883.49 263.45
vt -1883.48 261.545
f 1963/4139/77 1962/4140/77 1863/4141/77 1862/4142/77 

vt -1738.1 125.8
vn -0.000936004 1 7.62346e-16
v -44.1533 5.89925 -3.22532
vt -1738.1 126.981
vt -1883.2 126.981
vt -1883.2 125.8
f 1962/4143/269 1964/4144/269 1864/4145/269 1863/4146/269 

vt 126.981 233.883
f 1962/4132/260 1961/4133/260 1964/4147/260

v -44.1533 5.89475 -3.22271
vt 126.878 233.706
f 1964/4147/260 1961/4133/260 1965/4148/260

vt 1738.1 126.878
vt 1738.1 125.903
vt 1883.2 125.903
vt 1883.2 126.878
f 1965/4149/24 1961/4150/24 1918/4151/24 1917/4152/24 

v -44.1533 5.85275 -3.24671
vt -1738.25 136.184
vt -1738.25 138.089
vt -1883.35 137.932
vt -1883.35 136.028
f 1966/4153/71 1965/4154/71 1917/4155/71 1916/4156/71 

vt 127.823 232.053
f 1964/4147/260 1965/4148/260 1966/4157/260

v -44.1533 5.85725 -3.24932
vt 127.926 232.23
f 1964/4147/260 1966/4157/260 1967/4158/260

v -44.1533 5.85275 -3.31118
vt 130.361 232.053
f 1967/4158/260 1966/4157/260 1968/4159/260

vt 1738.1 130.361
vt 1738.1 127.823
vt 1883.2 127.823
vt 1883.2 130.361
f 1968/4160/99 1966/4161/267 1916/4162/267 1915/4163/99 

v -44.1533 5.86275 -3.32118
vt 1738.44 254.52
vt 1738.44 253.963
vt 1883.54 253.771
vt 1883.54 254.328
f 1969/4164/99 1968/4165/99 1915/4166/99 1914/4167/99 

v -44.1533 5.86725 -3.31932
vt 130.682 232.624
vt 130.755 232.446
f 1970/4168/260 1968/4159/260 1969/4169/260

v -44.1533 5.85725 -3.30932
vt 130.288 232.23
f 1971/4170/260 1968/4159/260 1970/4168/260

f 1967/4158/260 1968/4159/260 1971/4170/260

vt -1738.1 127.926
vn -0.000936004 1 7.60096e-16
vt -1738.1 130.288
vt -1883.2 130.288
vt -1883.2 127.926
f 1967/4171/270 1971/4172/74 1866/4173/74 1865/4174/270 

vt -1738.44 254.036
vt -1738.44 254.593
vt -1883.54 254.401
vt -1883.54 253.844
f 1971/4175/74 1970/4176/74 1867/4177/74 1866/4178/74 

vt -1738.1 130.682
v -44.1533 5.86725 -3.33702
vt -1738.1 131.379
vt -1883.2 131.379
vt -1883.2 130.682
f 1970/4179/74 1972/4180/75 1868/4181/75 1867/4182/74 

vt 131.379 232.624
f 1970/4168/260 1969/4169/260 1972/4183/260

v -44.1533 5.86275 -3.33515
vt 131.305 232.446
f 1972/4183/260 1969/4169/260 1973/4184/260

vt 1738.1 131.305
vt 1738.1 130.755
vt 1883.2 130.755
vt 1883.2 131.305
f 1973/4185/97 1969/4186/99 1914/4187/99 1913/4188/97 

v -44.1533 5.85275 -3.34515
vt -1738.19 68.6584
vt -1738.19 69.2151
vt -1883.29 69.0231
vt -1883.29 68.4663
f 1974/4189/97 1973/4190/97 1913/4191/97 1912/4192/97 

vt 131.699 232.053
f 1972/4183/260 1973/4184/260 1974/4193/260

v -44.1533 5.85725 -3.34702
vt 131.772 232.23
f 1972/4183/260 1974/4193/260 1975/4194/260

v -44.1533 5.85275 -3.40878
vt 134.204 232.053
f 1975/4194/260 1974/4193/260 1976/4195/260

vt 1738.1 134.204
vt 1738.1 131.699
vt 1883.2 131.699
vt 1883.2 134.204
f 1976/4196/99 1974/4197/97 1912/4198/97 1911/4199/99 

v -44.1533 5.86275 -3.41878
vt 1738.44 257.237
vt 1738.44 256.68
vt 1883.54 256.488
vt 1883.54 257.045
f 1977/4200/99 1976/4201/99 1911/4202/99 1910/4203/99 

v -44.1533 5.86725 -3.41692
vt 134.524 232.624
vt 134.598 232.446
f 1978/4204/260 1976/4195/260 1977/4205/260

v -44.1533 5.85725 -3.40692
vt 134.131 232.23
f 1979/4206/260 1976/4195/260 1978/4204/260

f 1975/4194/260 1976/4195/260 1979/4206/260

vt -1738.1 131.772
vt -1738.1 134.131
vt -1883.2 134.131
vt -1883.2 131.772
f 1975/4207/75 1979/4208/74 1870/4209/74 1869/4210/75 

vt -1738.44 256.753
vt -1738.44 257.31
vt -1883.54 257.118
vt -1883.54 256.561
f 1979/4211/74 1978/4212/74 1871/4213/74 1870/4214/74 

vt -1738.1 134.524
v -44.1533 5.86725 -3.43462
vt -1738.1 135.221
vt -1883.2 135.221
vt -1883.2 134.524
f 1978/4215/74 1980/4216/75 1872/4217/75 1871/4218/74 

vt 135.221 232.624
f 1978/4204/260 1977/4205/260 1980/4219/260

v -44.1533 5.86275 -3.43275
vt 135.148 232.446
f 1980/4219/260 1977/4205/260 1981/4220/260

vt 1738.1 135.148
vt 1738.1 134.598
vt 1883.2 134.598
vt 1883.2 135.148
f 1981/4221/97 1977/4222/99 1910/4223/99 1909/4224/97 

v -44.1533 5.85275 -3.44275
vt -1738.19 65.9413
vt -1738.19 66.4981
vt -1883.29 66.306
vt -1883.29 65.7492
f 1982/4225/97 1981/4226/97 1909/4227/97 1908/4228/97 

vt 135.541 232.053
f 1980/4219/260 1981/4220/260 1982/4229/260

v -44.1533 5.85725 -3.44462
vt 135.615 232.23
f 1980/4219/260 1982/4229/260 1983/4230/260

v -44.1533 5.85275 -3.50723
vt 138.08 232.053
f 1983/4230/260 1982/4229/260 1984/4231/260

vt 1738.1 138.08
vt 1738.1 135.541
vt 1883.2 135.541
vt 1883.2 138.08
f 1984/4232/267 1982/4233/97 1908/4234/97 1907/4235/267 

v -44.1533 5.89475 -3.53123
vt 1738.39 270.014
vt 1738.39 268.109
vt 1883.49 267.953
vt 1883.49 269.857
f 1985/4236/86 1984/4237/86 1907/4238/86 1906/4239/86 

v -44.1533 5.89925 -3.52862
vt 138.922 233.883
vt 139.025 233.706
f 1986/4240/260 1984/4231/260 1985/4241/260

v -44.1533 5.85725 -3.50462
vt 137.977 232.23
f 1987/4242/260 1984/4231/260 1986/4240/260

f 1983/4230/260 1984/4231/260 1987/4242/260

vt -1738.1 135.615
vt -1738.1 137.977
vt -1883.2 137.977
vt -1883.2 135.615
f 1983/4243/75 1987/4244/270 1874/4245/270 1873/4246/75 

vt -1738.39 268.212
vt -1738.39 270.116
vt -1883.49 269.96
vt -1883.49 268.055
f 1987/4247/77 1986/4248/77 1875/4249/77 1874/4250/77 

vt -1738.1 138.922
v -44.1533 5.89925 -3.55862
vt -1738.1 140.103
vt -1883.2 140.103
vt -1883.2 138.922
f 1986/4251/269 1988/4252/269 1876/4253/269 1875/4254/269 

vt 140.103 233.883
f 1986/4240/260 1985/4241/260 1988/4255/260

v -44.1533 5.89475 -3.55601
vt 140 233.706
f 1988/4255/260 1985/4241/260 1989/4256/260

vt 1738.1 140
vt 1738.1 139.025
vt 1883.2 139.025
vt 1883.2 140
f 1989/4257/24 1985/4258/24 1906/4259/24 1905/4260/24 

v -44.1533 5.85275 -3.58001
vt -1738.24 129.674
vt -1738.24 131.578
vt -1883.34 131.422
vt -1883.34 129.518
f 1990/4261/71 1989/4262/71 1905/4263/71 1904/4264/71 

vt 140.945 232.053
f 1988/4255/260 1989/4256/260 1990/4265/260

v -44.1533 5.85725 -3.58262
vt 141.048 232.23
f 1988/4255/260 1990/4265/260 1991/4266/260

v -44.1533 5.85275 -3.64448
vt 143.483 232.053
f 1991/4266/260 1990/4265/260 1992/4267/260

vt 1738.1 143.484
vt 1738.1 140.945
vt 1883.2 140.945
vt 1883.2 143.484
f 1992/4268/99 1990/4269/267 1904/4270/267 1903/4271/99 

v -44.1533 5.86275 -3.65448
vt 1738.45 263.798
vt 1738.45 263.242
vt 1883.55 263.05
vt 1883.55 263.606
f 1993/4272/99 1992/4273/99 1903/4274/99 1902/4275/99 

v -44.1533 5.86725 -3.65262
vt 143.804 232.624
vt 143.877 232.446
f 1994/4276/260 1992/4267/260 1993/4277/260

v -44.1533 5.85725 -3.64262
vt 143.41 232.23
f 1995/4278/260 1992/4267/260 1994/4276/260

f 1991/4266/260 1992/4267/260 1995/4278/260

vt -1738.1 141.048
vt -1738.1 143.41
vt -1883.2 143.41
vt -1883.2 141.048
f 1991/4279/270 1995/4280/74 1878/4281/74 1877/4282/270 

vt -1738.45 263.315
vt -1738.45 263.872
vt -1883.55 263.68
vt -1883.55 263.123
f 1995/4283/74 1994/4284/74 1879/4285/74 1878/4286/74 

vt -1738.1 143.804
v -44.1533 5.86725 -3.67032
vt -1738.1 144.501
vt -1883.2 144.501
vt -1883.2 143.804
f 1994/4287/74 1996/4288/75 1880/4289/75 1879/4290/74 

vt 144.501 232.624
f 1994/4276/260 1993/4277/260 1996/4291/260

v -44.1533 5.86275 -3.66845
vt 144.427 232.446
f 1996/4291/260 1993/4277/260 1997/4292/260

vt 1738.1 144.427
vt 1738.1 143.877
vt 1883.2 143.877
vt 1883.2 144.427
f 1997/4293/97 1993/4294/99 1902/4295/99 1901/4296/97 

v -44.1533 5.85275 -3.67845
vt -1738.18 59.3797
vt -1738.18 59.9364
vt -1883.28 59.7444
vt -1883.28 59.1876
f 1998/4297/97 1997/4298/97 1901/4299/97 1900/4300/97 

vt 144.821 232.053
f 1996/4291/260 1997/4292/260 1998/4301/260

v -44.1533 5.85725 -3.68032
vt 144.894 232.23
f 1996/4291/260 1998/4301/260 1999/4302/260

v -44.1533 5.85275 -3.74218
vt 147.33 232.053
f 1999/4302/260 1998/4301/260 2000/4303/260

vt 1738.1 147.33
vt 1738.1 144.821
vt 1883.2 144.821
vt 1883.2 147.33
f 2000/4304/99 1998/4305/97 1900/4306/97 1899/4307/99 

v -44.1533 5.86275 -3.75218
vt 1738.46 266.518
vt 1738.46 265.961
vt 1883.55 265.769
vt 1883.55 266.326
f 2001/4308/99 2000/4309/99 1899/4310/99 1898/4311/99 

v -44.1533 5.86725 -3.75032
vt 147.65 232.624
vt 147.724 232.446
f 2002/4312/260 2000/4303/260 2001/4313/260

v -44.1533 5.85725 -3.74032
vt 147.256 232.23
f 2003/4314/260 2000/4303/260 2002/4312/260

f 1999/4302/260 2000/4303/260 2003/4314/260

vt -1738.1 144.894
vt -1738.1 147.257
vt -1883.2 147.257
vt -1883.2 144.894
f 1999/4315/75 2003/4316/74 1882/4317/74 1881/4318/75 

vt -1738.46 266.035
vt -1738.46 266.592
vt -1883.55 266.4
vt -1883.55 265.843
f 2003/4319/74 2002/4320/74 1883/4321/74 1882/4322/74 

vt -1738.1 147.65
v -44.1533 5.86725 -3.76802
vt -1738.1 148.347
vt -1883.2 148.347
vt -1883.2 147.65
f 2002/4323/74 2004/4324/75 1884/4325/75 1883/4326/74 

vt 148.347 232.624
f 2002/4312/260 2001/4313/260 2004/4327/260

v -44.1533 5.86275 -3.76615
vt 148.274 232.446
f 2004/4327/260 2001/4313/260 2005/4328/260

vt 1738.1 148.274
vt 1738.1 147.724
vt 1883.2 147.724
vt 1883.2 148.274
f 2005/4329/97 2001/4330/99 1898/4331/99 1897/4332/97 

v -44.1533 5.85275 -3.77615
vt -1738.18 56.6598
vt -1738.18 57.2166
vt -1883.28 57.0245
vt -1883.28 56.4678
f 2006/4333/97 2005/4334/97 1897/4335/97 1896/4336/97 

vt 148.667 232.053
f 2004/4327/260 2005/4328/260 2006/4337/260

v -44.1533 5.85725 -3.77802
vt 148.741 232.23
f 2004/4327/260 2006/4337/260 2007/4338/260

v -44.1533 5.85275 -3.83792
vt 151.099 232.053
f 2007/4338/260 2006/4337/260 2008/4339/260

usemtl FrontColor
vt 1883.2 148.667
vt 1883.2 151.099
vt 1738.1 151.099
vt 1738.1 148.667
f 1896/4340/97 1895/4341/192 2008/4342/192 2006/4343/97 

v -44.1533 5.85275 -3.84053
vt 1738.1 151.202
vn 0.000936004 -1 2.74602e-13
vt 1883.2 151.202
f 2009/4344/271 2008/4342/271 1895/4341/271 1894/4345/271 

usemtl White1
v -44.1533 5.85725 -3.83792
vt 151.099 232.23
vt 151.202 232.053
f 2010/4346/260 2008/4339/260 2009/4347/260

f 2007/4338/260 2008/4339/260 2010/4346/260

vt -1883.2 148.741
vt -1738.1 148.741
vt -1738.1 151.099
vn -0.000936004 1 5.30375e-12
vt -1883.2 151.099
f 1885/4348/75 2007/4349/75 2010/4350/272 1886/4351/272 

vt 1738.18 57.29
vt 1738.18 56.7332
vt 1883.28 56.5411
vt 1883.28 57.0979
f 2004/4352/75 2007/4353/75 1885/4354/75 1884/4355/75 

usemtl FrontColor
vt -1738.4 274.722
v -44.1533 5.89925 -3.86192
vt -1738.4 276.627
vt -1883.5 276.47
vt -1883.5 274.566
f 2010/4356/77 2011/4357/77 1887/4358/77 1886/4359/77 

usemtl White1
vt 152.044 233.883
f 2010/4346/260 2009/4347/260 2011/4360/260

v -44.1533 5.86063 -3.84503
vt 151.379 232.363
f 2011/4360/260 2009/4347/260 2012/4361/260

usemtl FrontColor
vt 1738.4 274.976
vt 1738.4 274.619
vt 1883.5 274.463
vt 1883.5 274.82
f 2012/4362/86 2009/4363/86 1894/4364/86 1893/4365/86 

usemtl Color_007
vt 151.536 231.859
vn 1 0.000826114 -0.000192308
v -44.1533 5.8485 -3.84053
vt 151.536 231.692
v -44.1533 5.85637 -3.84503
vt 151.713 232.002
vt 151.713 232.169
f 2009/4366/273 2013/4367/273 2014/4368/273 2012/4369/273 

usemtl FrontColor
vt -1738.32 230.256
vn -5.93969e-15 -1.60156e-11 1
vt -1738.32 230.423
vt -1883.42 230.288
v -47.8387 5.8088 -3.84053
vt -1883.41 228.693
v -47.7172 5.80892 -3.84053
vt -1878.63 228.698
v -44.1532 5.81225 -3.84053
vt -1738.32 228.829
f 2013/4370/274 2009/4371/274 1894/4372/274 2015/4373/274 2016/4374/274 2017/4375/274 

usemtl Color_007
vn -1 -0.000936004 6.06748e-12
v -47.8387 5.8088 -3.84503
vt -151.379 230.456
vt -151.202 230.456
f 1893/3971/275 2018/4376/275 2015/4377/275 1894/3972/275 

vt 1738.32 230.566
vn -9.58095e-13 -5.41973e-11 -1
v -44.1532 5.81225 -3.84503
vt 1738.32 228.829
v -47.7172 5.80892 -3.84503
vt 1878.63 228.698
vt 1883.41 228.693
vt 1883.42 230.598
vt 1738.32 230.733
f 2014/4378/276 2019/4379/276 2020/4380/276 2018/4381/276 1893/4382/276 2012/4383/276 

vt -151.32 232.208
vn -1 -0.000944939 -3.38187e-05
vt -151.32 230.471
vt -151.143 230.471
vt -151.143 231.898
f 2014/4384/277 2019/4385/277 2017/4386/277 2013/4387/277 

vt 1559.18 230.733
vn -2.51382e-13 7.71791e-12 -1
v -39.6032 5.81225 -3.84503
v -44.1532 5.808 -3.84503
f 1554/4388/278 2021/3038/278 2022/3037/278 2019/4379/278 2014/4378/278 

vt 151.379 230.288
vn 1 0.000936004 7.55923e-13
v -39.6032 5.81225 -3.84053
vt 151.202 230.288
f 2021/4389/279 1554/3592/279 1553/3591/279 2023/4390/279 

usemtl FrontColor
vt 1559.27 275.024
vt 1559.26 274.667
vt 1738.4 274.474
vt 1738.4 274.831
f 1554/4391/86 1553/4392/86 2013/4393/86 2014/4394/86 

vt 1558.97 151.202
vn 0.000936004 -1 -2.77618e-13
vt 1558.97 151.099
v -44.1533 5.8485 -3.83792
f 1553/4395/280 1552/4396/280 2024/4342/280 2013/4344/280 

v -44.1533 5.8485 -3.77615
vt 1558.97 148.667
f 2025/4343/97 2024/4342/98 1552/4396/98 1551/4397/97 

vt -148.667 231.881
v -44.1533 5.853 -3.77802
vt -148.741 232.059
vt -151.099 231.881
f 2025/4398/263 2026/4399/263 2024/4400/263

v -44.1533 5.863 -3.76802
vt -148.347 232.452
f 2025/4398/263 2027/4401/263 2026/4399/263

v -44.1533 5.8585 -3.76615
vt -148.274 232.275
f 2028/4402/263 2027/4401/263 2025/4398/263

v -44.1533 5.8585 -3.75218
vt -147.724 232.275
f 2029/4403/263 2027/4401/263 2028/4402/263

v -44.1533 5.863 -3.75032
vt -147.65 232.452
f 2029/4403/263 2030/4404/263 2027/4401/263

v -44.1533 5.8485 -3.74218
vt -147.33 231.881
f 2031/4405/263 2030/4404/263 2029/4403/263

v -44.1533 5.853 -3.74032
vt -147.257 232.059
f 2031/4405/263 2032/4406/263 2030/4404/263

v -44.1533 5.853 -3.68032
vt -144.894 232.059
f 2031/4405/263 2033/4407/263 2032/4406/263

v -44.1533 5.8485 -3.67845
vt -144.821 231.881
f 2034/4408/263 2033/4407/263 2031/4405/263

v -44.1533 5.863 -3.67032
vt -144.501 232.452
f 2034/4408/263 2035/4409/263 2033/4407/263

v -44.1533 5.8585 -3.66845
vt -144.427 232.275
f 2036/4410/263 2035/4409/263 2034/4408/263

v -44.1533 5.8585 -3.65448
vt -143.877 232.275
f 2037/4411/263 2035/4409/263 2036/4410/263

v -44.1533 5.863 -3.65262
vt -143.804 232.452
f 2037/4411/263 2038/4412/263 2035/4409/263

v -44.1533 5.8485 -3.64448
vt -143.483 231.881
f 2039/4413/263 2038/4412/263 2037/4411/263

v -44.1533 5.853 -3.64262
vt -143.41 232.059
f 2039/4413/263 2040/4414/263 2038/4412/263

v -44.1533 5.853 -3.58262
vt -141.048 232.059
f 2039/4413/263 2041/4415/263 2040/4414/263

v -44.1533 5.8485 -3.58001
vt -140.945 231.881
f 2042/4416/263 2041/4415/263 2039/4413/263

v -44.1533 5.895 -3.55862
vt -140.103 233.712
f 2042/4416/263 2043/4417/263 2041/4415/263

v -44.1533 5.8905 -3.55601
vt -140 233.535
f 2044/4418/263 2043/4417/263 2042/4416/263

v -44.1533 5.8905 -3.53123
vt -139.025 233.535
f 2045/4419/263 2043/4417/263 2044/4418/263

v -44.1533 5.895 -3.52862
vt -138.922 233.712
f 2045/4419/263 2046/4420/263 2043/4417/263

v -44.1533 5.8485 -3.50723
vt -138.08 231.881
f 2047/4421/263 2046/4420/263 2045/4419/263

v -44.1533 5.853 -3.50462
vt -137.977 232.059
f 2047/4421/263 2048/4422/263 2046/4420/263

v -44.1533 5.853 -3.44462
vt -135.615 232.059
f 2047/4421/263 2049/4423/263 2048/4422/263

v -44.1533 5.8485 -3.44275
vt -135.541 231.881
f 2050/4424/263 2049/4423/263 2047/4421/263

v -44.1533 5.863 -3.43462
vt -135.221 232.452
f 2050/4424/263 2051/4425/263 2049/4423/263

v -44.1533 5.8585 -3.43275
vt -135.148 232.275
f 2052/4426/263 2051/4425/263 2050/4424/263

v -44.1533 5.8585 -3.41878
vt -134.598 232.275
f 2053/4427/263 2051/4425/263 2052/4426/263

v -44.1533 5.863 -3.41692
vt -134.524 232.452
f 2053/4427/263 2054/4428/263 2051/4425/263

v -44.1533 5.8485 -3.40878
vt -134.204 231.881
f 2055/4429/263 2054/4428/263 2053/4427/263

v -44.1533 5.853 -3.40692
vt -134.131 232.059
f 2055/4429/263 2056/4430/263 2054/4428/263

v -44.1533 5.853 -3.34702
vt -131.772 232.059
f 2055/4429/263 2057/4431/263 2056/4430/263

v -44.1533 5.8485 -3.34515
vt -131.699 231.881
f 2058/4432/263 2057/4431/263 2055/4429/263

v -44.1533 5.863 -3.33702
vt -131.379 232.452
f 2058/4432/263 2059/4433/263 2057/4431/263

v -44.1533 5.8585 -3.33515
vt -131.305 232.275
f 2060/4434/263 2059/4433/263 2058/4432/263

v -44.1533 5.8585 -3.32118
vt -130.755 232.275
f 2061/4435/263 2059/4433/263 2060/4434/263

v -44.1533 5.863 -3.31932
vt -130.682 232.452
f 2061/4435/263 2062/4436/263 2059/4433/263

v -44.1533 5.8485 -3.31118
vt -130.361 231.881
f 2063/4437/263 2062/4436/263 2061/4435/263

v -44.1533 5.853 -3.30932
vt -130.288 232.059
f 2063/4437/263 2064/4438/263 2062/4436/263

v -44.1533 5.853 -3.24932
vt -127.926 232.059
f 2063/4437/263 2065/4439/263 2064/4438/263

v -44.1533 5.8485 -3.24671
vt -127.823 231.881
f 2066/4440/263 2065/4439/263 2063/4437/263

v -44.1533 5.895 -3.22532
vt -126.981 233.712
f 2066/4440/263 2067/4441/263 2065/4439/263

v -44.1533 5.8905 -3.22271
vt -126.878 233.535
f 2068/4442/263 2067/4441/263 2066/4440/263

v -44.1533 5.8905 -3.19793
vt -125.903 233.535
f 2069/4443/263 2067/4441/263 2068/4442/263

v -44.1533 5.895 -3.19532
vt -125.8 233.712
f 2069/4443/263 2070/4444/263 2067/4441/263

v -44.1533 5.8485 -3.17393
vt -124.958 231.881
f 2071/4445/263 2070/4444/263 2069/4443/263

v -44.1533 5.853 -3.17132
vt -124.855 232.059
f 2071/4445/263 2072/4446/263 2070/4444/263

v -44.1533 5.853 -3.11132
vt -122.493 232.059
f 2071/4445/263 2073/4447/263 2072/4446/263

v -44.1533 5.8485 -3.10945
vt -122.419 231.881
f 2074/4448/263 2073/4447/263 2071/4445/263

v -44.1533 5.863 -3.10132
vt -122.099 232.452
f 2074/4448/263 2075/4449/263 2073/4447/263

v -44.1533 5.8585 -3.09945
vt -122.026 232.275
f 2076/4450/263 2075/4449/263 2074/4448/263

v -44.1533 5.8585 -3.08553
vt -121.478 232.275
f 2077/4451/263 2075/4449/263 2076/4450/263

v -44.1533 5.863 -3.08367
vt -121.404 232.452
f 2077/4451/263 2078/4452/263 2075/4449/263

v -44.1533 5.8485 -3.07553
vt -121.084 231.881
f 2079/4453/263 2078/4452/263 2077/4451/263

v -44.1533 5.853 -3.07367
vt -121.01 232.059
f 2079/4453/263 2080/4454/263 2078/4452/263

v -44.1533 5.853 -3.01367
vt -118.648 232.059
f 2079/4453/263 2081/4455/263 2080/4454/263

v -44.1533 5.8485 -3.0118
vt -118.575 231.881
f 2082/4456/263 2081/4455/263 2079/4453/263

v -44.1533 5.863 -3.00367
vt -118.255 232.452
f 2082/4456/263 2083/4457/263 2081/4455/263

v -44.1533 5.8585 -3.0018
vt -118.181 232.275
f 2084/4458/263 2083/4457/263 2082/4456/263

v -44.1533 5.8585 -2.98788
vt -117.633 232.275
f 2085/4459/263 2083/4457/263 2084/4458/263

v -44.1533 5.863 -2.98602
vt -117.56 232.452
f 2085/4459/263 2086/4460/263 2083/4457/263

v -44.1533 5.8485 -2.97788
vt -117.239 231.881
f 2087/4461/263 2086/4460/263 2085/4459/263

v -44.1533 5.853 -2.97602
vt -117.166 232.059
f 2087/4461/263 2088/4462/263 2086/4460/263

vt -114.6 232.059
f 2087/4461/263 1597/4463/263 2088/4462/263

v -44.1533 5.8485 -2.90822
vt -114.497 231.881
f 2089/4464/263 1597/4463/263 2087/4461/263

f 2089/4464/263 1596/3641/263 1597/4463/263

vt -113.849 233.358
f 2089/4464/263 1938/4465/263 1596/3641/263

f 2089/4464/263 1512/3642/263 1938/4465/263

v -44.1533 5.886 -2.88679
vt -113.653 233.358
f 2090/4466/263 1512/3642/263 2089/4464/263

f 1940/4034/263 1512/3642/263 2090/4466/263

f 1940/4034/263 1511/3643/263 1512/3642/263

usemtl White1
vt 112.678 233.175
f 1511/3915/260 1850/4467/260 1940/4032/260

vt 112.573 233.175
f 1850/4467/260 1511/3915/260 1851/4468/260

usemtl M_0024_OrangeRed
vt 1559.25 257.04
vt 1559.25 256.428
vt 1738.38 256.235
vt 1738.38 256.428
vt 1738.38 256.847
f 1430/4469/86 1515/4470/86 1942/4471/86 1851/4472/86 1511/4473/86 

usemtl White1
vt 112.565 233.216
vn 1 0.000961325 1.57304e-10
vt 112.573 233.216
vt 112.781 233.58
vt 112.773 233.58
f 1601/4474/281 1851/4475/281 1511/4476/281 1599/4477/281 

usemtl FrontColor
vt 1738.1 112.773
vn 0.000936004 -1 1.57752e-09
vt 1558.97 112.773
f 1599/4478/282 1511/3549/282 1430/3548/282 1510/4479/282 

vt 1559.25 257.036
vt 1559.24 255.489
vt 1738.38 255.296
vt 1738.38 255.312
vt 1738.38 256.424
vt 1738.38 256.843
f 1510/4480/86 1509/4481/86 1603/4482/86 1602/4483/86 1601/4484/86 1599/4485/86 

usemtl Color_007
vn -2.4869e-13 7.9241e-12 -1
v -39.6032 5.81225 -2.84493
v -44.1532 5.808 -2.84493
v -44.1532 5.81225 -2.84493
f 1509/4388/283 2091/3038/283 2092/3037/283 2093/4379/283 1603/4378/283 

vt 112.005 230.288
vn 1 0.000936004 5.8123e-13
v -39.6032 5.81225 -2.84043
vt 111.828 230.288
f 2091/4486/284 1509/3545/284 1508/3544/284 2094/4487/284 

usemtl FrontColor
vt 1559.24 255.132
vt 1738.38 254.939
f 1509/4481/86 1508/4488/86 1604/4489/86 1603/4482/86 

vt 1558.97 111.828
vn 0.000936004 -1 -5.5414e-13
vt 1558.97 111.725
vt 1738.1 111.725
vt 1738.1 111.828
f 1508/4490/285 1507/4491/285 1606/4492/285 1604/4493/285 

vt 1738.1 109.293
vn 0.000936004 -1 -5.12021e-12
vt 1558.97 109.293
f 1608/4494/97 1606/4492/286 1507/4491/286 1506/4495/97 

usemtl White1
vt -1559.08 84.62
vt -1559.08 85.1768
vt -1738.22 84.9396
vt -1738.21 84.3829
f 1506/4496/97 1505/4497/97 1610/4498/97 1608/4499/97 

vt 1558.97 108.9
vt 1558.97 108.35
vt 1738.1 108.35
vt 1738.1 108.9
f 1505/4500/97 1504/4501/99 1611/4502/99 1610/4503/97 

vt 1559.29 238.795
vt 1559.28 238.238
vt 1738.42 238.001
vt 1738.42 238.558
f 1504/4504/99 1503/4505/99 1613/4506/99 1611/4507/99 

vt 1558.97 107.956
vt 1558.97 105.447
vt 1738.1 105.447
vt 1738.1 107.956
f 1503/4508/99 1502/4509/97 1616/4510/97 1613/4511/99 

vt -1559.08 87.3398
vt -1559.09 87.8966
vt -1738.22 87.6595
vt -1738.22 87.1027
f 1502/4512/97 1501/4513/97 1618/4514/97 1616/4515/97 

vt 1558.97 105.053
vt 1558.97 104.503
vt 1738.1 104.503
vt 1738.1 105.053
f 1501/4516/97 1500/4517/99 1619/4518/99 1618/4519/97 

vt 1559.28 236.075
vt 1559.28 235.519
vt 1738.41 235.281
vt 1738.42 235.838
f 1500/4520/99 1499/4521/99 1621/4522/99 1619/4523/99 

vt 1558.97 104.11
vt 1558.97 101.571
vn 0.000936004 -1 -7.58985e-16
vt 1738.1 101.571
vt 1738.1 104.11
f 1499/4524/99 1498/4525/287 1624/4526/287 1621/4527/99 

vt -1559.13 149.256
vt -1559.13 151.161
vt -1738.27 150.968
vt -1738.26 149.063
f 1498/4528/71 1497/4529/71 1626/4530/71 1624/4531/71 

vt 1558.97 100.626
vn 0.000936004 -1 -7.89098e-16
vt 1558.97 99.6507
vt 1738.1 99.6507
vt 1738.1 100.626
f 1497/4532/288 1496/4533/288 1627/4534/288 1626/4535/288 

vt 1559.24 250.526
vt 1559.24 248.622
vt 1738.37 248.428
vt 1738.37 250.333
f 1496/4536/86 1495/4537/86 1629/4538/86 1627/4539/86 

vt 1558.97 98.7059
vn 0.000936004 -1 -7.62156e-16
vt 1558.97 96.1675
vt 1738.1 96.1675
vt 1738.1 98.7059
f 1495/4540/289 1494/4541/97 1632/4542/97 1629/4543/289 

vt -1559.09 93.9015
vt -1559.09 94.4582
vt -1738.23 94.2211
vt -1738.23 93.6643
f 1494/4544/97 1493/4545/97 1634/4546/97 1632/4547/97 

vt 1558.97 95.7738
vt 1558.97 95.2237
vt 1738.1 95.2237
vt 1738.1 95.7738
f 1493/4548/97 1492/4549/99 1635/4550/99 1634/4551/97 

vt 1559.27 229.514
vt 1559.27 228.957
vt 1738.41 228.72
vt 1738.41 229.277
f 1492/4552/99 1491/4553/99 1637/4554/99 1635/4555/99 

vt 1558.97 94.83
vt 1558.97 92.3249
vt 1738.1 92.3249
vt 1738.1 94.83
f 1491/4556/99 1490/4557/97 1640/4558/97 1637/4559/99 

vt -1559.1 96.6185
vt -1559.1 97.1753
vt -1738.23 96.9382
vt -1738.23 96.3814
f 1490/4560/97 1489/4561/97 1642/4562/97 1640/4563/97 

vt 1558.97 91.9312
vt 1558.97 91.3812
vt 1738.1 91.3812
vt 1738.1 91.9312
f 1489/4564/97 1488/4565/99 1643/4566/99 1642/4567/97 

vt 1559.27 226.797
vt 1559.27 226.24
vt 1738.4 226.003
vt 1738.4 226.56
f 1488/4568/99 1487/4569/99 1645/4570/99 1643/4571/99 

vt 1558.97 90.9875
vt 1558.97 88.4491
vn 0.000936004 -1 -7.60475e-16
vt 1738.1 88.4491
vt 1738.1 90.9875
f 1487/4572/99 1486/4573/290 1648/4574/290 1645/4575/99 

vt -1559.14 155.767
vt -1559.14 157.671
vt -1738.27 157.478
vt -1738.27 155.574
f 1486/4576/71 1485/4577/71 1650/4578/71 1648/4579/71 

vt 1558.97 87.5042
vn 0.000936004 -1 -7.60611e-16
vt 1558.97 86.5287
vt 1738.1 86.5287
vt 1738.1 87.5042
f 1485/4580/291 1484/4581/291 1651/4582/291 1650/4583/291 

vt 1559.23 244.016
vt 1559.23 242.111
vt 1738.36 241.918
vt 1738.37 243.823
f 1484/4584/86 1483/4585/86 1653/4586/86 1651/4587/86 

vt 1558.97 85.5838
vt 1558.97 83.0454
vt 1738.1 83.0454
vt 1738.1 85.5838
f 1483/4588/290 1482/4589/97 1656/4590/97 1653/4591/290 

vt -1559.11 103.18
vt -1559.11 103.737
vt -1738.24 103.5
vt -1738.24 102.943
f 1482/4592/97 1481/4593/97 1658/4594/97 1656/4595/97 

vt 1558.97 82.6517
vt 1558.97 82.1036
vt 1738.1 82.1036
vt 1738.1 82.6517
f 1481/4596/97 1480/4597/99 1659/4598/99 1658/4599/97 

vt 1559.26 220.236
vt 1559.26 219.68
vt 1738.39 219.443
vt 1738.39 219.999
f 1480/4600/99 1479/4601/99 1661/4602/99 1659/4603/99 

vt 1558.97 81.7099
vt 1558.97 79.2009
vt 1738.1 79.2009
vt 1738.1 81.7099
f 1479/4604/99 1478/4605/97 1664/4606/97 1661/4607/99 

vt -1559.11 105.899
vt -1559.11 106.455
vt -1738.24 106.218
vt -1738.24 105.661
f 1478/4608/97 1477/4609/97 1666/4610/97 1664/4611/97 

vt 1558.97 78.8072
vt 1558.97 78.2591
vt 1738.1 78.2591
vt 1738.1 78.8072
f 1477/4612/97 1476/4613/99 1667/4614/99 1666/4615/97 

vt 1559.26 217.518
vt 1559.26 216.961
vt 1738.39 216.724
vt 1738.39 217.281
f 1476/4616/99 1475/4617/99 1669/4618/99 1667/4619/99 

usemtl FrontColor
vt 1558.97 75.123
vn 0.000936004 -1 -8.29241e-16
vt 1738.1 75.123
vt 1738.1 77.8654
vt 1558.97 77.8654
f 1474/4620/292 1672/4621/292 1669/4622/99 1475/4623/99 

usemtl M_0050_LemonChiffon
vt -1738.28 163.886
vt -1738.28 162.185
vt -1559.14 162.378
vt -1559.15 164.079
f 1673/4624/71 1672/4625/71 1474/4626/71 1473/4627/71 

v -44.1533 5.886 -1.86714
vt 1738.1 73.5095
vn 0.000936004 -1 -6.3647e-16
vt 1738.1 74.2793
vt 1558.97 74.2793
vt 1558.97 73.5095
f 2095/4628/293 1673/4629/293 1473/4630/293 1472/4631/293 

usemtl FrontColor
vt -73.5094 233.358
f 2095/4632/255 1674/3720/255 1673/3719/255

f 2095/4632/255 1679/3731/255 1674/3720/255

f 1677/3732/255 1679/3731/255 2095/4632/255

usemtl M_0050_LemonChiffon
vt 1738.36 236.801
vt 1738.36 237.209
vt 1559.22 237.403
vt 1559.22 236.994
f 1677/4633/86 2095/4634/86 1472/4635/86 1678/4636/86 

vn 1 0.000936004 -6.5552e-11
vt 73.307 233.005
f 1472/3508/294 1471/3507/294 1678/4637/294

vt 1887.04 236.787
vt 1887.04 237.195
vt 1738.36 237.355
vt 1738.36 236.947
f 1681/4638/86 1760/4639/86 1674/4640/86 1679/4641/86 

vt 1886.78 73.5095
vn 0.000936004 -1 -6.27525e-16
vt 1886.78 74.2793
f 1760/4642/295 1759/4643/295 1808/4629/295 1674/4628/295 

vt -1886.96 163.871
vt -1886.96 162.171
vt -1738.28 162.331
vt -1738.28 164.031
f 1759/4644/71 1758/4645/71 1809/4646/71 1808/4647/71 

usemtl FrontColor
vn 0.000936004 -1 -7.60719e-16
vt 1886.78 75.123
vt 1886.78 77.8654
f 1809/4621/296 1758/4648/296 1757/4649/99 1810/4622/99 

usemtl White1
vt 1738.39 217.399
vt 1738.39 216.843
vt 1887.07 216.646
vt 1887.07 217.203
f 1811/4650/99 1810/4651/99 1757/4652/99 1756/4653/99 

vt 1886.78 78.2591
vt 1886.78 78.8072
f 1812/4615/97 1811/4614/99 1756/4654/99 1755/4655/97 

vt -1738.24 105.78
vt -1738.24 106.337
vt -1886.92 106.14
vt -1886.92 105.583
f 1813/4656/97 1812/4657/97 1755/4658/97 1754/4659/97 

vt 1886.78 79.2009
vt 1886.78 81.7099
f 1814/4607/99 1813/4606/97 1754/4660/97 1753/4661/99 

vt 1738.39 220.118
vt 1738.39 219.561
vt 1887.07 219.364
vt 1887.08 219.921
f 1815/4662/99 1814/4663/99 1753/4664/99 1752/4665/99 

vt 1886.78 82.1036
vt 1886.78 82.6517
f 1816/4599/97 1815/4598/99 1752/4666/99 1751/4667/97 

vt -1738.24 103.062
vt -1738.24 103.618
vt -1886.92 103.422
vt -1886.92 102.865
f 1817/4668/97 1816/4669/97 1751/4670/97 1750/4671/97 

vn 0.000936004 -1 -7.61749e-16
vt 1886.78 83.0454
vt 1886.78 85.5838
f 1818/4591/297 1817/4590/97 1750/4672/97 1749/4673/297 

vt 1738.37 243.968
vt 1738.36 242.064
vt 1887.04 241.903
vt 1887.05 243.808
f 1819/4674/86 1818/4675/86 1749/4676/86 1748/4677/86 

vn 0.000936004 -1 -7.60421e-16
vt 1886.78 86.5287
vt 1886.78 87.5042
f 1820/4583/298 1819/4582/298 1748/4678/298 1747/4679/298 

vt -1738.27 155.719
vt -1738.27 157.624
vt -1886.95 157.463
vt -1886.95 155.559
f 1821/4680/71 1820/4681/71 1747/4682/71 1746/4683/71 

vt 1886.78 88.4491
vt 1886.78 90.9875
f 1822/4575/99 1821/4574/297 1746/4684/297 1745/4685/99 

vt 1738.4 226.678
vt 1738.4 226.121
vt 1887.08 225.924
vt 1887.08 226.481
f 1823/4686/99 1822/4687/99 1745/4688/99 1744/4689/99 

vt 1886.78 91.3812
vt 1886.78 91.9312
f 1824/4567/97 1823/4566/99 1744/4690/99 1743/4691/97 

vt -1738.23 96.5
vt -1738.23 97.0567
vt -1886.91 96.8599
vt -1886.91 96.3032
f 1825/4692/97 1824/4693/97 1743/4694/97 1742/4695/97 

vt 1886.78 92.3249
vt 1886.78 94.83
f 1826/4559/99 1825/4558/97 1742/4696/97 1741/4697/99 

vt 1738.41 229.395
vt 1738.41 228.838
vt 1887.09 228.642
vt 1887.09 229.198
f 1827/4698/99 1826/4699/99 1741/4700/99 1740/4701/99 

vt 1886.78 95.2237
vt 1886.78 95.7738
f 1828/4551/97 1827/4550/99 1740/4702/99 1739/4703/97 

vt -1738.23 93.7829
vt -1738.23 94.3397
vt -1886.91 94.1429
vt -1886.91 93.5861
f 1829/4704/97 1828/4705/97 1739/4706/97 1738/4707/97 

vt 1886.78 96.1675
vt 1886.78 98.7059
f 1830/4543/297 1829/4542/97 1738/4708/97 1737/4709/297 

vt 1738.37 250.479
vt 1738.37 248.574
vt 1887.05 248.414
vt 1887.05 250.318
f 1831/4710/86 1830/4711/86 1737/4712/86 1736/4713/86 

vn 0.000936004 -1 -2.98936e-14
vt 1886.78 99.6507
vt 1886.78 100.626
f 1832/4535/299 1831/4534/299 1736/4714/299 1735/4715/299 

vt -1738.26 149.209
vt -1738.27 151.113
vt -1886.95 150.953
vt -1886.94 149.049
f 1833/4716/71 1832/4717/71 1735/4718/71 1734/4719/71 

vt 1886.78 101.571
vt 1886.78 104.11
f 1834/4527/99 1833/4526/297 1734/4720/297 1733/4721/99 

vt 1738.42 235.957
vt 1738.41 235.4
vt 1887.1 235.203
vt 1887.1 235.76
f 1835/4722/99 1834/4723/99 1733/4724/99 1732/4725/99 

vt 1886.78 104.503
vt 1886.78 105.053
f 1836/4519/97 1835/4518/99 1732/4726/99 1731/4727/97 

vt -1738.22 87.2213
vt -1738.22 87.7781
vt -1886.9 87.5812
vt -1886.9 87.0245
f 1837/4728/97 1836/4729/97 1731/4730/97 1730/4731/97 

vt 1886.78 105.447
vt 1886.78 107.956
f 1838/4511/99 1837/4510/97 1730/4732/97 1729/4733/99 

vt 1738.42 238.677
vt 1738.42 238.12
vt 1887.1 237.923
vt 1887.1 238.48
f 1839/4734/99 1838/4735/99 1729/4736/99 1728/4737/99 

vt 1886.78 108.35
vt 1886.78 108.9
f 1840/4503/97 1839/4502/99 1728/4738/99 1727/4739/97 

vt -1738.22 84.5014
vt -1738.22 85.0582
vt -1886.9 84.8614
vt -1886.9 84.3046
f 1841/4740/97 1840/4741/97 1727/4742/97 1726/4743/97 

usemtl FrontColor
vt 1886.78 109.293
vt 1886.78 111.725
vn 0.000936004 -1 -5.13194e-12
f 1726/4744/97 1725/4745/300 1842/4492/300 1841/4494/97 

vn 0.000936004 -1 -2.77234e-13
vt 1886.78 111.828
f 1843/4493/301 1842/4492/301 1725/4745/301 1724/4746/301 

vt 1738.38 255.442
vt 1738.38 255.084
vt 1887.06 254.924
vt 1887.06 255.281
f 1844/4747/86 1843/4748/86 1724/4749/86 1723/4750/86 

usemtl Color_007
vt 111.996 230.464
vn 1 0.000940624 5.39072e-06
vt 111.996 232.201
vt 111.996 232.368
vt 111.819 232.058
vt 111.819 231.891
v -44.1532 5.81225 -2.84043
vt 111.819 230.464
f 2093/4751/302 1603/4752/302 1844/4753/302 1843/4754/302 1604/4755/302 2096/4756/302 

vt -111.988 232.213
vn -1 -0.000947541 -1.00951e-05
vt -111.988 230.476
vt -111.81 230.476
vt -111.81 231.903
f 1603/4757/303 2093/4758/303 2096/4759/303 1604/4760/303 

vn -3.1064e-13 6.94686e-12 -1
v -47.8387 5.8088 -2.84493
v -47.9297 5.80872 -2.84493
vt 1887 228.69
vt 1887 230.594
f 1603/4378/304 2093/4379/304 2097/4381/304 2098/4761/304 1723/4762/304 1844/4383/304 

vn 0.000936004 -1 -4.30581e-10
v -47.8387 5.8088 -2.84043
vt 1883.2 111.828
vt 1883.2 112.005
vt 1738.1 112.005
f 2096/4493/305 2099/4763/305 2097/4764/305 2093/4765/305 

usemtl FrontColor
vn -1.12188e-13 -6.83844e-12 1
vt -1887 230.284
v -47.9297 5.80872 -2.84043
vt -1887 228.69
f 1604/4370/306 1843/4371/306 1724/4766/306 2100/4767/306 2099/4373/306 2096/4375/306 

usemtl Color_007
vn -1 -0.000936004 5.48583e-12
vt -112.005 230.456
vt -111.828 230.456
f 1723/3776/307 2098/4768/307 2100/4769/307 1724/3777/307 

vt 1886.78 112.005
vn 0.000936004 -1 -1.31292e-09
f 2098/4770/308 2097/4764/308 2099/4763/308 2100/4746/308 

usemtl FrontColor
v -47.8387 5.8048 -2.82513
vt -111.226 230.298
vn -1 -0.000936004 -4.19553e-13
v -47.8387 5.8078 -2.82513
vt -111.226 230.417
v -47.8387 5.80806 -2.82516
vt -111.227 230.427
v -47.8387 5.8083 -2.82526
vt -111.231 230.436
v -47.8387 5.80851 -2.82542
vt -111.237 230.444
v -47.8387 5.80867 -2.82563
vt -111.245 230.451
v -47.8387 5.80877 -2.82587
vt -111.255 230.455
v -47.8387 5.8088 -2.82613
vt -111.265 230.456
v -47.8387 5.8088 -2.84513
vt -112.013 230.456
v -47.8387 5.8038 -2.84513
vt -112.013 230.259
v -47.8387 5.8038 -2.82613
vt -111.265 230.259
v -47.8387 5.80384 -2.82587
vt -111.255 230.26
v -47.8387 5.80394 -2.82563
vt -111.245 230.264
v -47.8387 5.8041 -2.82542
vt -111.237 230.271
v -47.8387 5.8043 -2.82526
vt -111.231 230.279
v -47.8387 5.80455 -2.82516
vt -111.227 230.288
f 2101/4771/309 2102/4772/309 2103/4773/309 2104/4774/309 2105/4775/309 2106/4776/309 2107/4777/309 2108/4778/309 2099/4769/309 2097/4768/309 2109/4779/309 2110/4780/309 2111/4781/309 2112/4782/309 2113/4783/309 2114/4784/309 2115/4785/309 2116/4786/309 

usemtl M_0050_LemonChiffon
v -44.1532 5.80825 -2.82513
vt -1738.32 228.671
v -44.1532 5.81125 -2.82513
vt -1738.32 228.79
vt -1883.41 228.654
vt -1883.41 228.536
f 2117/4787/52 2118/4788/53 2102/4789/53 2101/4790/52 

v -44.1532 5.80725 -2.82613
vt 111.274 230.23
vn 1 0.000919547 -5.02316e-06
v -44.1532 5.80725 -2.84513
vt 112.022 230.23
v -44.1532 5.808 -2.84513
vt 112.022 230.26
v -44.1532 5.81225 -2.84513
vt 112.022 230.427
vt 112.014 230.427
vt 111.837 230.427
v -44.1532 5.81225 -2.82613
vt 111.274 230.427
v -44.1532 5.81222 -2.82587
vt 111.263 230.426
v -44.1532 5.81212 -2.82563
vt 111.254 230.422
v -44.1532 5.81196 -2.82542
vt 111.246 230.416
v -44.1532 5.81175 -2.82526
vt 111.24 230.408
v -44.1532 5.81151 -2.82516
vt 111.236 230.398
vt 111.234 230.388
vt 111.234 230.27
v -44.1532 5.808 -2.82516
vt 111.236 230.26
v -44.1532 5.80775 -2.82526
vt 111.24 230.25
v -44.1532 5.80762 -2.82536
vt 111.243 230.245
v -44.1532 5.80755 -2.82542
vt 111.246 230.242
v -44.1532 5.80739 -2.82563
vt 111.254 230.236
v -44.1532 5.80729 -2.82587
vt 111.263 230.232
f 2119/4791/310 2120/4792/310 2121/4793/310 2122/4794/310 2093/4795/310 2096/4796/310 2123/4797/310 2124/4798/310 2125/4799/310 2126/4800/310 2127/4801/310 2128/4802/310 2118/4803/310 2117/4804/310 2129/4805/310 2130/4806/310 2131/4807/310 2132/4808/310 2133/4809/310 2134/4810/310 

vt 1738.1 112.013
vt 1738.1 111.265
vt 1883.2 111.265
vt 1883.2 112.013
f 2120/4811/211 2119/4812/56 2111/4813/56 2110/4814/211 

vt -1737.48 -92.7198
vt -1737.48 -92.7095
vt -1882.58 -93.75
vt -1882.58 -93.7602
f 2119/4815/56 2134/4816/57 2112/4817/57 2111/4818/56 

vt -1738.06 -18.9203
vt -1738.06 -18.91
vt -1883.16 -19.2649
vt -1883.16 -19.2752
f 2134/4819/57 2133/4820/58 2113/4821/58 2112/4822/57 

vt -1738.18 49.2468
vt -1738.18 49.257
vt -1883.28 49.0339
vt -1883.28 49.0237
f 2133/4823/58 2132/4824/59 2114/4825/59 2113/4826/58 

vt -1738.24 112.922
vn 0.000569803 -0.608761 0.793353
vt -1738.24 112.929
vt -1883.33 112.757
vt -1883.33 112.747
vt -1738.24 112.918
f 2131/4827/311 2130/4828/60 2115/4829/60 2114/4830/59 2132/4831/59 

vt -1738.27 168.423
vt -1738.27 168.433
vt -1883.37 168.286
vt -1883.37 168.276
f 2130/4832/60 2129/4833/61 2116/4834/61 2115/4835/60 

vt -1738.3 212.159
vt -1738.3 212.169
vt -1883.4 212.032
vt -1883.4 212.022
f 2129/4836/61 2117/4837/52 2101/4838/52 2116/4839/61 

vt 1883.41 228.496
vn -9.61148e-13 1.87258e-09 -1
vt 1738.32 228.632
f 2110/4840/312 2109/4381/312 2122/4379/312 2121/3037/312 2120/4841/312 

vt -1883.2 112.013
vn -0.000936004 1 1.74336e-09
vt -1883.2 112.005
vt -1738.1 112.005
vt -1738.1 112.013
f 2109/4842/313 2097/4843/313 2093/4844/313 2122/4845/313 

vn -1.13007e-12 1.88009e-09 -1
v -39.6032 5.81225 -2.84513
v -39.6032 5.80725 -2.84513
v -44.1532 5.803 -2.84513
f 2120/4841/314 2121/3037/314 2135/3038/314 2136/3039/314 2137/3036/314 

usemtl FrontColor
v -44.1532 5.807 -2.82513
vt -111.227 230.203
vn -1 -0.000909482 6.18863e-07
v -44.1532 5.80725 -2.82516
vt -111.228 230.213
v -44.1532 5.80725 -2.82593
vt -111.258 230.213
v -44.1532 5.80729 -2.82567
vt -111.248 230.214
v -44.1532 5.80739 -2.82543
vt -111.238 230.218
v -44.1532 5.8075 -2.82526
vt -111.232 230.222
vt -111.236 230.228
v -44.1532 5.8077 -2.82542
vt -111.238 230.231
v -44.1532 5.80786 -2.82563
vt -111.246 230.237
v -44.1532 5.80796 -2.82587
vt -111.256 230.241
v -44.1532 5.808 -2.82613
vt -111.266 230.242
v -44.1532 5.808 -2.84043
vt -111.829 230.242
vt -112.006 230.242
vt -112.014 230.242
vt -112.014 230.213
vt -112.014 230.045
v -44.1532 5.803 -2.82613
vt -111.266 230.045
v -44.1532 5.80303 -2.82587
vt -111.256 230.047
v -44.1532 5.80313 -2.82563
vt -111.246 230.051
v -44.1532 5.80329 -2.82542
vt -111.238 230.057
v -44.1532 5.8035 -2.82526
vt -111.232 230.065
v -44.1532 5.80374 -2.82516
vt -111.228 230.074
v -44.1532 5.804 -2.82513
vt -111.227 230.085
f 2138/4846/315 2139/4847/315 2140/4848/315 2141/4849/315 2142/4850/315 2143/4851/315 2131/4852/315 2144/4853/315 2145/4854/315 2146/4855/315 2147/4856/315 2148/4857/315 2092/4858/315 2121/4859/315 2120/4860/315 2137/4861/315 2149/4862/315 2150/4863/315 2151/4864/315 2152/4865/315 2153/4866/315 2154/4867/315 2155/4868/315 

usemtl M_0050_LemonChiffon
v -39.6032 5.81125 -2.82513
vt -1559.2 241.325
v -39.6032 5.81151 -2.82516
vt -1559.2 241.335
vt -1738.33 241.166
vt -1738.33 241.156
f 2156/4869/53 2157/4870/68 2139/4871/68 2138/4872/53 

v -39.6032 5.80725 -2.82613
vt 111.265 230.091
vn 1 0.000936004 -1.18361e-12
vt 112.013 230.091
vt 112.013 230.288
v -39.6032 5.81225 -2.82613
vt 111.265 230.288
v -39.6032 5.81222 -2.82587
vt 111.255 230.287
v -39.6032 5.81212 -2.82563
vt 111.245 230.283
v -39.6032 5.81196 -2.82542
vt 111.237 230.277
v -39.6032 5.81175 -2.82526
vt 111.231 230.269
vt 111.227 230.259
vt 111.226 230.249
v -39.6032 5.80825 -2.82513
vt 111.226 230.131
v -39.6032 5.808 -2.82516
vt 111.227 230.121
v -39.6032 5.80775 -2.82526
vt 111.231 230.111
v -39.6032 5.80755 -2.82542
vt 111.237 230.103
v -39.6032 5.80739 -2.82563
vt 111.245 230.097
v -39.6032 5.80729 -2.82587
vt 111.255 230.093
f 2158/4873/316 2136/4874/316 2135/4875/316 2091/4486/316 2094/4487/316 2159/4876/316 2160/4877/316 2161/4878/316 2162/4879/316 2163/4880/316 2157/4881/316 2156/4882/316 2164/4883/316 2165/4884/316 2166/4885/316 2167/4886/316 2168/4887/316 2169/4888/316 

vt 1558.97 112.013
vt 1558.97 111.265
f 2136/4889/211 2158/4890/56 2149/4812/56 2137/4811/211 

vt -1558.35 -91.4571
vt -1558.35 -91.4468
vt -1737.48 -92.7314
vt -1737.48 -92.7416
f 2158/4891/56 2169/4892/57 2150/4893/57 2149/4894/56 

vt -1558.93 -18.5463
vt -1558.93 -18.536
vt -1738.06 -18.9742
vt -1738.06 -18.9845
f 2169/4895/57 2168/4896/58 2151/4897/58 2150/4898/57 

vt -1559.05 49.4201
vt -1559.05 49.4304
vt -1738.18 49.155
vt -1738.18 49.1447
f 2168/4899/58 2167/4900/59 2152/4901/59 2151/4902/58 

vt -1559.1 112.997
vt -1559.1 113.007
vt -1738.24 112.796
vt -1738.24 112.785
f 2167/4903/59 2166/4904/60 2153/4905/60 2152/4906/59 

vt -1559.14 168.449
vt -1559.14 168.459
vt -1738.27 168.278
vt -1738.27 168.268
f 2166/4907/60 2165/4908/61 2154/4909/61 2153/4910/60 

vt -1559.17 212.162
vt -1559.17 212.172
vt -1738.3 212.003
vt -1738.3 211.993
f 2165/4911/61 2164/4912/52 2155/4913/52 2154/4914/61 

f 2164/3056/52 2156/3057/53 2138/3058/53 2155/3059/52 

vn -0.000936004 1 3.4361e-09
vt -1558.97 112.005
vt -1558.97 112.013
f 2121/4845/317 2092/4844/317 2091/4915/317 2135/4916/317 

usemtl Color_007
vt 1558.97 112.005
vn 0.000936004 -1 -8.82342e-10
f 2091/4917/318 2094/4490/318 2148/4493/318 2092/4765/318 

usemtl FrontColor
vt -1559.18 228.829
vn -6.45317e-14 -3.82084e-12 1
vt -1559.18 230.423
vt -1738.32 228.661
f 2094/4918/319 1508/4919/319 1604/4370/319 2096/4375/319 2148/4920/319 

usemtl Color_007
vt -111.828 230.097
vn -1 -0.000826114 5.04208e-12
vt -111.828 230.265
vt -112.005 230.265
vt -112.005 230.097
f 2148/4921/320 2096/4922/320 2093/4923/320 2092/4924/320 

usemtl M_0050_LemonChiffon
vt -1558.97 111.265
vt -1558.97 111.828
vn -0.000936004 1 -3.25716e-10
vt -1738.1 111.828
vt -1738.1 111.265
f 2159/4925/62 2094/4926/321 2148/4927/321 2147/4928/62 

vt -1559.93 129.179
vt -1559.93 129.189
vt -1739.06 127.904
vt -1739.06 127.894
f 2160/4929/64 2159/4930/62 2147/4931/62 2146/4932/64 

vt -1559.43 187.089
vt -1559.43 187.099
vt -1738.56 186.661
vt -1738.56 186.651
f 2161/4933/65 2160/4934/64 2146/4935/64 2145/4936/65 

vt -1559.32 226.037
vt -1559.32 226.047
vt -1738.45 225.771
vt -1738.45 225.761
f 2162/4937/66 2161/4938/65 2145/4939/65 2144/4940/66 

vt -1559.26 248.558
vt -1559.26 248.568
vt -1738.4 248.357
vt -1738.4 248.353
vn -0.000569803 0.608761 0.793353
vt -1738.4 248.347
f 2163/4941/67 2162/4942/66 2144/4943/66 2131/4944/322 2143/4945/67 

vt -1559.23 253.717
vt -1559.23 253.727
vt -1738.36 253.546
vt -1738.36 253.535
f 2157/4946/68 2163/4947/67 2143/4948/67 2139/4949/68 

usemtl FrontColor
vt -110.045 230.156
vn -0.999999 -0.000876803 -0.000680112
vt -110.049 230.166
vt -110.055 230.161
vt -110.065 230.158
vt -110.075 230.156
f 2139/4950/323 2143/4951/323 2142/4952/323 2141/4953/323 2140/4954/323 

usemtl M_0050_LemonChiffon
vn -0.000936004 1 -1.59879e-10
vt -1883.2 111.828
vt -1883.2 111.265
f 2123/4928/62 2096/4927/324 2099/4955/324 2108/4956/62 

vt -1739.06 127.916
vt -1739.06 127.926
vt -1884.16 126.886
vt -1884.16 126.876
f 2124/4957/64 2123/4958/62 2108/4959/62 2107/4960/64 

vt -1738.56 186.715
vt -1738.56 186.725
vt -1883.66 186.37
vt -1883.66 186.36
f 2125/4961/65 2124/4962/64 2107/4963/64 2106/4964/65 

vt -1738.45 225.863
vt -1738.45 225.874
vt -1883.55 225.65
vt -1883.55 225.64
f 2126/4965/66 2125/4966/65 2106/4967/65 2105/4968/66 

vt -1738.4 248.48
vt -1738.4 248.49
vt -1883.49 248.319
vt -1883.49 248.308
f 2127/4969/67 2126/4970/66 2105/4971/66 2104/4972/67 

vt -1738.36 253.69
vt -1738.36 253.7
vt -1883.46 253.553
vt -1883.46 253.543
f 2128/4973/68 2127/4974/67 2104/4975/67 2103/4976/68 

vt -1738.33 241.322
vt -1738.33 241.332
vt -1883.43 241.195
vt -1883.43 241.185
f 2118/4977/53 2128/4978/68 2103/4979/68 2102/4980/53 

usemtl FrontColor
vt 1738.38 256.989
vt 1887.06 256.829
f 1845/4981/86 1844/4747/86 1723/4750/86 1722/4982/86 

vt 1886.78 113.748
vn 0.000936004 -1 -5.86766e-12
vt 1883.2 113.748
vt 1883.2 112.781
vt 1886.78 112.773
f 1721/4983/325 1932/4984/325 1848/4985/325 1766/3549/325 1845/4478/325 1722/4986/325 

v -44.1533 5.89025 -2.89178
vt -1738.26 144.399
vt -1738.26 144.603
vt -1883.36 144.447
vt -1886.94 144.443
vt -1886.94 144.239
f 2170/4987/71 1767/4988/71 1932/4989/71 1721/4990/71 1720/4991/71 

usemtl White1
vt 113.886 233.546
vn 1 0.000947217 -2.12785e-05
vt 113.894 233.546
vt 113.793 233.723
vt 113.785 233.723
f 2170/4992/326 1769/4993/326 1768/4994/326 1767/4995/326 

usemtl FrontColor
vt 1738.1 113.857
vn 0.000936004 -1 2.42205e-11
vt 1738.1 113.85
vt 1886.78 113.85
vt 1886.78 114.054
vt 1738.1 114.054
vt 1738.1 113.958
f 1769/4996/327 2170/4997/327 1720/4998/327 1719/4999/327 1771/5000/327 1770/5001/327 

usemtl White1
vt 113.849 233.529
vt 113.857 233.529
f 2170/5002/260 1596/4028/260 1769/5003/260

vt 113.756 233.539
f 2170/5002/260 1595/5004/260 1596/4028/260

f 1767/3916/260 1595/5004/260 2170/5002/260

f 1595/5004/260 1767/3916/260 1512/4030/260

vn 1 0.000936004 1.14029e-10
f 1596/3469/328 1595/3468/328 1512/3467/328 1938/3552/328 

vt 1558.97 113.756
vn 0.000936004 -1 1.5775e-09
vt 1738.1 113.756
f 1432/5005/329 1431/3547/329 1512/3550/329 1595/5006/329 

vn 1 0.000936004 7.21975e-11
f 1432/3468/330 1431/3467/330 1514/3552/330 1433/3469/330 

usemtl FrontColor
vt -1559.12 144.447
vt -1559.12 144.651
vt -1738.26 144.457
vt -1738.26 144.253
f 1514/5007/71 1431/5008/71 1512/5009/71 1938/5010/71 

vt 1558.97 113.857
vn 0.000936004 -1 9.7587e-15
vt 1558.97 113.85
vt 1738.1 113.953
v -44.1533 5.886 -2.89696
vt 1558.97 114.054
f 1433/5011/331 1514/5012/331 1938/4997/331 1596/4996/331 1934/5013/331 2171/5000/331 1434/5014/331 

vt -113.958 233.526
vt -113.953 233.358
f 1596/3641/255 1770/5015/255 1934/5016/255

f 1596/3641/255 1598/3640/255 1770/5015/255

vt 1559.12 144.753
vt 1559.12 144.345
vt 1738.26 144.152
vt 1738.26 144.345
vt 1738.26 144.56
f 1435/5017/79 1434/5018/79 2171/5019/79 1770/5020/79 1598/5021/79 

vt -114.054 233.358
f 1934/5016/255 1770/5015/255 2171/5022/255

vt -1558.97 112.67
vn -0.000936004 1 4.88182e-14
vt -1558.97 113.851
vt -1738.1 113.851
vt -1738.1 112.67
f 1436/5023/332 1435/5024/332 1598/5025/332 1600/5026/332 

vt -1559.24 255.235
vt -1559.25 257.139
vt -1738.38 256.946
vt -1738.38 255.042
f 1437/5027/77 1436/5028/77 1600/5029/77 1605/5030/77 

usemtl White1
vt -1738.1 109.367
vt -1558.97 109.367
vt -1558.97 111.725
vn -0.000936004 1 5.30386e-12
vt -1738.1 111.725
f 1607/5031/75 1438/5032/75 1437/5033/333 1605/5034/333 

vt 1559.08 85.2501
vt 1559.08 84.6934
vt 1738.22 84.4563
vt 1738.22 85.013
f 1439/5035/75 1438/5036/75 1607/5037/75 1609/5038/75 

vt -1558.97 108.276
vt -1558.97 108.973
vt -1738.1 108.973
vt -1738.1 108.276
f 1440/5039/74 1439/5040/75 1609/5041/75 1612/5042/74 

vt -1559.28 238.312
vt -1559.29 238.869
vt -1738.42 238.631
vt -1738.42 238.075
f 1441/5043/74 1440/5044/74 1612/5045/74 1614/5046/74 

vt -1558.97 105.52
vt -1558.97 107.883
vt -1738.1 107.883
vt -1738.1 105.52
f 1442/5047/75 1441/5048/74 1614/5049/74 1615/5050/75 

vt 1559.09 87.97
vt 1559.08 87.4132
vt 1738.22 87.1761
vt 1738.22 87.7329
f 1443/5051/75 1442/5052/75 1615/5053/75 1617/5054/75 

vt -1558.97 104.43
vt -1558.97 105.127
vt -1738.1 105.127
vt -1738.1 104.43
f 1444/5055/74 1443/5056/75 1617/5057/75 1620/5058/74 

vt -1559.28 235.592
vt -1559.28 236.149
vt -1738.42 235.912
vt -1738.41 235.355
f 1445/5059/74 1444/5060/74 1620/5061/74 1622/5062/74 

vt -1558.97 101.674
vn -0.000936004 1 7.61316e-16
vt -1558.97 104.036
vt -1738.1 104.036
vt -1738.1 101.674
f 1446/5063/334 1445/5064/74 1622/5065/74 1623/5066/334 

vt 1559.13 151.264
vt 1559.13 149.359
vt 1738.26 149.166
vt 1738.27 151.071
f 1447/5067/79 1446/5068/79 1623/5069/79 1625/5070/79 

vt -1558.97 99.5479
vn -0.000936004 1 7.61722e-16
vt -1558.97 100.729
vt -1738.1 100.729
vt -1738.1 99.5479
f 1448/5071/335 1447/5072/335 1625/5073/335 1628/5074/335 

vt -1559.24 248.724
vt -1559.24 250.629
vt -1738.37 250.436
vt -1738.37 248.531
f 1449/5075/77 1448/5076/77 1628/5077/77 1630/5078/77 

vt -1558.97 96.2408
vt -1558.97 98.6031
vt -1738.1 98.6031
vt -1738.1 96.2408
f 1450/5079/75 1449/5080/334 1630/5081/334 1631/5082/75 

vt 1559.09 94.5316
vt 1559.09 93.9748
vt 1738.23 93.7377
vt 1738.23 94.2945
f 1451/5083/75 1450/5084/75 1631/5085/75 1633/5086/75 

vt -1558.97 95.1503
vt -1558.97 95.8471
vt -1738.1 95.8471
vt -1738.1 95.1503
f 1452/5087/74 1451/5088/75 1633/5089/75 1636/5090/74 

vt -1559.27 229.03
vt -1559.27 229.587
vt -1738.41 229.35
vt -1738.41 228.793
f 1453/5091/74 1452/5092/74 1636/5093/74 1638/5094/74 

vt -1558.97 92.3983
vt -1558.97 94.7566
vt -1738.1 94.7566
vt -1738.1 92.3983
f 1454/5095/75 1453/5096/74 1638/5097/74 1639/5098/75 

vt 1559.1 97.2487
vt 1559.1 96.6919
vt 1738.23 96.4548
vt 1738.23 97.0116
f 1455/5099/75 1454/5100/75 1639/5101/75 1641/5102/75 

vt -1558.97 91.3078
vt -1558.97 92.0046
vt -1738.1 92.0046
vt -1738.1 91.3078
f 1456/5103/74 1455/5104/75 1641/5105/75 1644/5106/74 

vt -1559.27 226.313
vt -1559.27 226.87
vt -1738.4 226.633
vt -1738.4 226.076
f 1457/5107/74 1456/5108/74 1644/5109/74 1646/5110/74 

vt -1558.97 88.5519
vt -1558.97 90.9141
vt -1738.1 90.9141
vt -1738.1 88.5519
f 1458/5111/334 1457/5112/74 1646/5113/74 1647/5114/334 

vt 1559.14 157.774
vt 1559.14 155.87
vt 1738.27 155.677
vt 1738.27 157.581
f 1459/5115/79 1458/5116/79 1647/5117/79 1649/5118/79 

vt -1558.97 86.4259
vn -0.000936004 1 7.61587e-16
vt -1558.97 87.607
vt -1738.1 87.607
vt -1738.1 86.4259
f 1460/5119/336 1459/5120/336 1649/5121/336 1652/5122/336 

vt -1559.23 242.214
vt -1559.23 244.119
vt -1738.37 243.925
vt -1738.36 242.021
f 1461/5123/77 1460/5124/77 1652/5125/77 1654/5126/77 

vt -1558.97 83.1188
vt -1558.97 85.481
vt -1738.1 85.481
vt -1738.1 83.1188
f 1462/5127/75 1461/5128/8 1654/5129/8 1655/5130/75 

vt 1559.11 103.81
vt 1559.11 103.254
vt 1738.24 103.016
vt 1738.24 103.573
f 1463/5131/75 1462/5132/75 1655/5133/75 1657/5134/75 

vt -1558.97 82.0302
vt -1558.97 82.7251
vt -1738.1 82.7251
vt -1738.1 82.0302
f 1464/5135/74 1463/5136/75 1657/5137/75 1660/5138/74 

vt -1559.26 219.753
vt -1559.26 220.31
vt -1738.39 220.073
vt -1738.39 219.516
f 1465/5139/74 1464/5140/74 1660/5141/74 1662/5142/74 

vt -1558.97 79.2743
vt -1558.97 81.6365
vt -1738.1 81.6365
vt -1738.1 79.2743
f 1466/5143/75 1465/5144/74 1662/5145/74 1663/5146/75 

vt 1559.11 106.529
vt 1559.11 105.972
vt 1738.24 105.735
vt 1738.24 106.292
f 1467/5147/75 1466/5148/75 1663/5149/75 1665/5150/75 

vt -1558.97 78.1857
vt -1558.97 78.8806
vt -1738.1 78.8806
vt -1738.1 78.1857
f 1468/5151/74 1467/5152/75 1665/5153/75 1668/5154/74 

vt -1559.26 217.035
vt -1559.26 217.591
vt -1738.39 217.354
vt -1738.39 216.797
f 1469/5155/74 1468/5156/74 1668/5157/74 1670/5158/74 

vt -1558.97 75.2258
vt -1558.97 77.792
f 1671/3824/73 1470/5159/73 1469/5160/74 1670/3825/74 

vt -1559.14 162.481
vt -1738.28 162.288
f 1470/5161/71 1303/3462/71 1387/3465/71 1671/5162/71 

f 1769/5003/260 1596/4028/260 1934/4027/260

usemtl FrontColor
vt 1738.26 144.706
vt 1738.26 144.298
vt 1886.94 144.137
vt 1886.94 144.546
f 1772/5163/79 1771/5164/79 1719/5165/79 1718/5166/79 

vn -0.000936004 1 2.46418e-14
vt -1886.78 113.851
vt -1886.78 112.67
f 1773/5026/337 1772/5025/337 1718/5167/337 1717/5168/337 

vt -1738.38 255.187
vt -1738.38 257.092
vt -1887.06 256.931
vt -1887.06 255.027
f 1774/5169/77 1773/5170/77 1717/5171/77 1716/5172/77 

usemtl White1
vt -1886.78 109.367
vn -0.000936004 1 5.29179e-12
vt -1886.78 111.725
f 1715/5173/75 1775/5031/75 1774/5034/338 1716/5174/338 

vt 1738.22 85.1316
vt 1738.22 84.5748
vt 1886.9 84.378
vt 1886.9 84.9348
f 1776/5175/75 1775/5176/75 1715/5177/75 1714/5178/75 

vt -1886.78 108.973
vt -1886.78 108.276
f 1777/5042/74 1776/5041/75 1714/5179/75 1713/5180/74 

vt -1738.42 238.193
vt -1738.42 238.75
vt -1887.1 238.553
vt -1887.1 237.996
f 1778/5181/74 1777/5182/74 1713/5183/74 1712/5184/74 

vt -1886.78 107.883
vt -1886.78 105.52
f 1779/5050/75 1778/5049/74 1712/5185/74 1711/5186/75 

vt 1738.22 87.8514
vt 1738.22 87.2947
vt 1886.9 87.0979
vt 1886.9 87.6546
f 1780/5187/75 1779/5188/75 1711/5189/75 1710/5190/75 

vt -1886.78 105.127
vt -1886.78 104.43
f 1781/5058/74 1780/5057/75 1710/5191/75 1709/5192/74 

vt -1738.41 235.473
vt -1738.42 236.03
vt -1887.1 235.833
vt -1887.1 235.277
f 1782/5193/74 1781/5194/74 1709/5195/74 1708/5196/74 

vn -0.000936004 1 7.61885e-16
vt -1886.78 104.036
vt -1886.78 101.674
f 1783/5066/339 1782/5065/74 1708/5197/74 1707/5198/339 

vt 1738.27 151.216
vt 1738.26 149.312
vt 1886.94 149.151
vt 1886.95 151.056
f 1784/5199/79 1783/5200/79 1707/5201/79 1706/5202/79 

vn -0.000936004 1 7.61804e-16
vt -1886.78 100.729
vt -1886.78 99.5479
f 1785/5074/340 1784/5073/340 1706/5203/340 1705/5204/340 

vt -1738.37 248.677
vt -1738.37 250.581
vt -1887.05 250.421
vt -1887.05 248.517
f 1786/5205/77 1785/5206/77 1705/5207/77 1704/5208/77 

vt -1886.78 98.6031
vt -1886.78 96.2408
f 1787/5082/75 1786/5081/339 1704/5209/339 1703/5210/75 

vt 1738.23 94.4131
vt 1738.23 93.8563
vt 1886.91 93.6595
vt 1886.91 94.2162
f 1788/5211/75 1787/5212/75 1703/5213/75 1702/5214/75 

vt -1886.78 95.8471
vt -1886.78 95.1503
f 1789/5090/74 1788/5089/75 1702/5215/75 1701/5216/74 

vt -1738.41 228.912
vt -1738.41 229.469
vt -1887.09 229.272
vt -1887.09 228.715
f 1790/5217/74 1789/5218/74 1701/5219/74 1700/5220/74 

vt -1886.78 94.7566
vt -1886.78 92.3983
f 1791/5098/75 1790/5097/74 1700/5221/74 1699/5222/75 

vt 1738.23 97.1301
vt 1738.23 96.5733
vt 1886.91 96.3765
vt 1886.91 96.9333
f 1792/5223/75 1791/5224/75 1699/5225/75 1698/5226/75 

vt -1886.78 92.0046
vt -1886.78 91.3078
f 1793/5106/74 1792/5105/75 1698/5227/75 1697/5228/74 

vt -1738.4 226.195
vt -1738.4 226.751
vt -1887.08 226.555
vt -1887.08 225.998
f 1794/5229/74 1793/5230/74 1697/5231/74 1696/5232/74 

vt -1886.78 90.9141
vt -1886.78 88.5519
f 1795/5114/339 1794/5113/74 1696/5233/74 1695/5234/339 

vt 1738.27 157.727
vt 1738.27 155.822
vt 1886.95 155.662
vt 1886.95 157.566
f 1796/5235/79 1795/5236/79 1695/5237/79 1694/5238/79 

vn -0.000936004 1 7.56464e-16
vt -1886.78 87.607
vt -1886.78 86.4259
f 1797/5122/341 1796/5121/341 1694/5239/341 1693/5240/341 

vt -1738.36 242.167
vt -1738.37 244.071
vt -1887.05 243.911
vt -1887.04 242.006
f 1798/5241/77 1797/5242/77 1693/5243/77 1692/5244/77 

vt -1886.78 85.481
vt -1886.78 83.1188
f 1799/5130/75 1798/5129/339 1692/5245/339 1691/5246/75 

vt 1738.24 103.692
vt 1738.24 103.135
vt 1886.92 102.938
vt 1886.92 103.495
f 1800/5247/75 1799/5248/75 1691/5249/75 1690/5250/75 

vt -1886.78 82.7251
vt -1886.78 82.0302
f 1801/5138/74 1800/5137/75 1690/5251/75 1689/5252/74 

vt -1738.39 219.634
vt -1738.39 220.191
vt -1887.08 219.994
vt -1887.07 219.438
f 1802/5253/74 1801/5254/74 1689/5255/74 1688/5256/74 

vt -1886.78 81.6365
vt -1886.78 79.2743
f 1803/5146/75 1802/5145/74 1688/5257/74 1687/5258/75 

vt 1738.24 106.41
vt 1738.24 105.853
vt 1886.92 105.657
vt 1886.93 106.213
f 1804/5259/75 1803/5260/75 1687/5261/75 1686/5262/75 

vt -1886.78 78.8806
vt -1886.78 78.1857
f 1805/5154/74 1804/5153/75 1686/5263/75 1685/5264/74 

vt -1738.39 216.916
vt -1738.39 217.473
vt -1887.07 217.276
vt -1887.07 216.719
f 1765/5265/74 1805/5266/74 1685/5267/74 1684/5268/74 

vn 0.000936004 -1 7.61629e-10
vt 1883.2 113.756
f 1768/5006/342 1767/3550/342 1932/4984/342 1852/5269/342 

usemtl FrontColor
vn 0.000936004 -1 -6.19864e-12
f 1767/3550/343 1766/3549/343 1848/4985/343 1932/4984/343 

usemtl M_0050_LemonChiffon
vn -1 -0.000936004 4.75125e-11
f 1675/3815/344 1674/3813/344 1679/3814/344

vn -1 -0.000936004 -2.46383e-11
f 1850/4010/345 1940/4008/345 1945/4009/345

usemtl FrontColor
f 1943/4042/263 1945/4043/263 1940/4034/263

v -44.1533 5.886 -2.86724
vt -112.883 233.358
f 1943/4042/263 1940/4034/263 2172/5270/263

f 2172/5270/263 1940/4034/263 2090/4466/263

usemtl M_0050_LemonChiffon
vn 0.000936004 -1 -6.37229e-16
vt 1558.97 113.653
vt 1558.97 112.883
f 2172/4052/346 2090/4051/346 1518/5271/346 1517/5272/346 

vt -1738.26 144.351
vt -1738.26 142.65
vt -1559.12 142.843
vt -1559.12 144.544
f 2090/5273/71 2089/5274/71 1519/5275/71 1518/5276/71 

usemtl FrontColor
vt 1558.97 114.497
vn 0.000936004 -1 -8.27859e-16
vt 1558.97 117.239
f 1519/5277/347 2089/4057/347 2087/4060/99 1520/5278/99 

usemtl White1
vt 1559.29 245.36
vt 1559.29 244.803
vt 1738.43 244.566
vt 1738.43 245.122
f 1521/5279/99 1520/5280/99 2087/5281/99 2085/5282/99 

vt 1558.97 118.181
vt 1558.97 117.633
f 1522/5283/97 1521/5284/99 2085/4078/99 2084/4077/97 

vt -1559.07 78.057
vt -1559.07 78.6138
vt -1738.21 78.3766
vt -1738.21 77.8199
f 1523/5285/97 1522/5286/97 2084/5287/97 2082/5288/97 

vt 1558.97 121.084
vt 1558.97 118.575
f 1524/5289/99 1523/5290/97 2082/4089/97 2079/4088/99 

vt 1559.3 248.078
vt 1559.3 247.521
vt 1738.43 247.284
vt 1738.43 247.841
f 1525/5291/99 1524/5292/99 2079/5293/99 2077/5294/99 

vt 1558.97 122.026
vt 1558.97 121.478
f 1526/5295/97 1525/5296/99 2077/4114/99 2076/4113/97 

vt -1559.07 75.3385
vt -1559.07 75.8953
vt -1738.2 75.6582
vt -1738.2 75.1014
f 1527/5297/97 1526/5298/97 2076/5299/97 2074/5300/97 

vt 1558.97 124.958
vn 0.000936004 -1 -7.60828e-16
vt 1558.97 122.419
f 1528/5301/348 1527/5302/97 2074/4125/97 2071/4124/348 

vt 1559.25 263.551
vt 1559.25 261.646
vt 1738.38 261.453
vt 1738.39 263.358
f 1529/5303/86 1528/5304/86 2071/5305/86 2069/5306/86 

vt 1558.97 126.878
vn 0.000936004 -1 -7.54838e-16
vt 1558.97 125.903
f 1530/5307/349 1529/5308/349 2069/4150/349 2068/4149/349 

vt -1559.12 136.232
vt -1559.12 138.136
vt -1738.25 137.943
vt -1738.25 136.039
f 1531/5309/71 1530/5310/71 2068/5311/71 2066/5312/71 

vt 1558.97 130.361
vt 1558.97 127.823
f 1532/5313/99 1531/5314/348 2066/4161/348 2063/4160/99 

vt 1559.31 254.638
vt 1559.31 254.081
vt 1738.44 253.844
vt 1738.44 254.401
f 1533/5315/99 1532/5316/99 2063/5317/99 2061/5318/99 

vt 1558.97 131.305
vt 1558.97 130.755
f 1534/5319/97 1533/5320/99 2061/4186/99 2060/4185/97 

vt -1559.06 68.7769
vt -1559.06 69.3337
vt -1738.19 69.0966
vt -1738.19 68.5398
f 1535/5321/97 1534/5322/97 2060/5323/97 2058/5324/97 

vt 1558.97 134.204
vt 1558.97 131.699
f 1536/5325/99 1535/5326/97 2058/4197/97 2055/4196/99 

vt 1559.31 257.355
vt 1559.31 256.799
vt 1738.44 256.561
vt 1738.44 257.118
f 1537/5327/99 1536/5328/99 2055/5329/99 2053/5330/99 

vt 1558.97 135.148
vt 1558.97 134.598
f 1538/5331/97 1537/5332/99 2053/4222/99 2052/4221/97 

vt -1559.06 66.0598
vt -1559.06 66.6166
vt -1738.19 66.3795
vt -1738.19 65.8227
f 1539/5333/97 1538/5334/97 2052/5335/97 2050/5336/97 

vt 1558.97 138.08
vn 0.000936004 -1 -7.60855e-16
vt 1558.97 135.541
f 1540/5337/350 1539/5338/97 2050/4233/97 2047/4232/350 

vt 1559.26 270.061
vt 1559.26 268.157
vt 1738.39 267.963
vt 1738.39 269.868
f 1541/5339/86 1540/5340/86 2047/5341/86 2045/5342/86 

vt 1558.97 140
vn 0.000936004 -1 -2.99011e-14
vt 1558.97 139.025
f 1542/5343/351 1541/5344/351 2045/4258/351 2044/4257/351 

vt -1559.11 129.721
vt -1559.11 131.626
vt -1738.24 131.433
vt -1738.24 129.528
f 1543/5345/71 1542/5346/71 2044/5347/71 2042/5348/71 

vt 1558.97 143.484
vt 1558.97 140.945
f 1544/5349/99 1543/5350/350 2042/4269/350 2039/4268/99 

vt 1559.32 263.917
vt 1559.32 263.36
vt 1738.45 263.123
vt 1738.45 263.68
f 1545/5351/99 1544/5352/99 2039/5353/99 2037/5354/99 

vt 1558.97 144.427
vt 1558.97 143.877
f 1546/5355/97 1545/5356/99 2037/4294/99 2036/4293/97 

vt -1559.05 59.4982
vt -1559.05 60.055
vt -1738.18 59.8179
vt -1738.18 59.2611
f 1547/5357/97 1546/5358/97 2036/5359/97 2034/5360/97 

vt 1558.97 147.33
vt 1558.97 144.821
f 1548/5361/99 1547/5362/97 2034/4305/97 2031/4304/99 

vt 1559.32 266.637
vt 1559.32 266.08
vt 1738.46 265.843
vt 1738.46 266.4
f 1549/5363/99 1548/5364/99 2031/5365/99 2029/5366/99 

vt 1558.97 148.274
vt 1558.97 147.724
f 1550/5367/97 1549/5368/99 2029/4330/99 2028/4329/97 

vt -1559.04 56.7784
vt -1559.05 57.3352
vt -1738.18 57.098
vt -1738.18 56.5413
f 1551/5369/97 1550/5370/97 2028/5371/97 2025/5372/97 

usemtl M_0050_LemonChiffon
vt 1738.38 256.336
vt 1738.38 256.744
vt 1559.25 256.938
vt 1559.25 256.529
f 1943/5373/86 2172/5374/86 1517/5375/86 1944/5376/86 

vn 1 0.000936004 -1.14385e-11
vt 112.681 233.005
f 1517/3555/352 1516/3554/352 1944/5377/352

usemtl White1
vt -1558.97 114.6
vt -1558.97 117.166
f 1597/4020/73 1513/5378/73 1594/5379/74 2088/4021/74 

vt -1559.29 244.876
vt -1559.29 245.433
vt -1738.43 245.196
vt -1738.43 244.639
f 1594/5380/74 1593/5381/74 2086/5382/74 2088/5383/74 

vt -1558.97 117.56
vt -1558.97 118.255
f 1593/5384/74 1592/5385/75 2083/4072/75 2086/4071/74 

vt 1559.07 78.6871
vt 1559.07 78.1304
vt 1738.21 77.8932
vt 1738.21 78.45
f 1592/5386/75 1591/5387/75 2081/5388/75 2083/5389/75 

vt -1558.97 118.648
vt -1558.97 121.011
f 1591/5390/75 1590/5391/74 2080/4100/74 2081/4099/75 

vt -1559.3 247.595
vt -1559.3 248.151
vt -1738.43 247.914
vt -1738.43 247.358
f 1590/5392/74 1589/5393/74 2078/5394/74 2080/5395/74 

vt -1558.97 121.404
vt -1558.97 122.099
f 1589/5396/74 1588/5397/75 2075/4108/75 2078/4107/74 

vt 1559.07 75.9687
vt 1559.07 75.4119
vt 1738.2 75.1748
vt 1738.2 75.7316
f 1588/5398/75 1587/5399/75 2073/5400/75 2075/5401/75 

vt -1558.97 122.493
vt -1558.97 124.855
f 1587/5402/75 1586/5403/334 2072/4136/334 2073/4135/75 

vt -1559.25 261.749
vt -1559.25 263.653
vt -1738.39 263.46
vt -1738.38 261.556
f 1586/5404/77 1585/5405/77 2070/5406/77 2072/5407/77 

vt -1558.97 125.8
vn -0.000936004 1 7.60719e-16
vt -1558.97 126.981
f 1585/5408/353 1584/5409/353 2067/4144/353 2070/4143/353 

vt 1559.12 138.239
vt 1559.12 136.335
vt 1738.25 136.142
vt 1738.25 138.046
f 1584/5410/79 1583/5411/79 2065/5412/79 2067/5413/79 

vt -1558.97 127.926
vt -1558.97 130.288
f 1583/5414/8 1582/5415/74 2064/4172/74 2065/4171/8 

vt -1559.31 254.155
vt -1559.31 254.712
vt -1738.44 254.475
vt -1738.44 253.918
f 1582/5416/74 1581/5417/74 2062/5418/74 2064/5419/74 

vt -1558.97 130.682
vt -1558.97 131.379
f 1581/5420/74 1580/5421/75 2059/4180/75 2062/4179/74 

vt 1559.06 69.4071
vt 1559.06 68.8503
vt 1738.19 68.6132
vt 1738.19 69.17
f 1580/5422/75 1579/5423/75 2057/5424/75 2059/5425/75 

vt -1558.97 131.772
vt -1558.97 134.131
f 1579/5426/75 1578/5427/74 2056/4208/74 2057/4207/75 

vt -1559.31 256.872
vt -1559.31 257.429
vt -1738.44 257.192
vt -1738.44 256.635
f 1578/5428/74 1577/5429/74 2054/5430/74 2056/5431/74 

vt -1558.97 134.524
vt -1558.97 135.221
f 1577/5432/74 1576/5433/75 2051/4216/75 2054/4215/74 

vt 1559.06 66.69
vt 1559.06 66.1332
vt 1738.19 65.8961
vt 1738.19 66.4529
f 1576/5434/75 1575/5435/75 2049/5436/75 2051/5437/75 

vt -1558.97 135.615
vt -1558.97 137.977
f 1575/5438/75 1574/5439/8 2048/4244/8 2049/4243/75 

vt -1559.26 268.259
vt -1559.26 270.164
vt -1738.39 269.971
vt -1738.39 268.066
f 1574/5440/77 1573/5441/77 2046/5442/77 2048/5443/77 

vt -1558.97 138.922
vt -1558.97 140.103
f 1573/5444/353 1572/5445/353 2043/4252/353 2046/4251/353 

vt 1559.11 131.729
vt 1559.11 129.824
vt 1738.24 129.631
vt 1738.24 131.536
f 1572/5446/79 1571/5447/79 2041/5448/79 2043/5449/79 

vt -1558.97 141.048
vt -1558.97 143.41
f 1571/5450/8 1570/5451/74 2040/4280/74 2041/4279/8 

vt -1559.32 263.434
vt -1559.32 263.99
vt -1738.45 263.753
vt -1738.45 263.196
f 1570/5452/74 1569/5453/74 2038/5454/74 2040/5455/74 

vt -1558.97 143.804
vt -1558.97 144.501
f 1569/5456/74 1568/5457/75 2035/4288/75 2038/4287/74 

vt 1559.05 60.1284
vt 1559.05 59.5716
vt 1738.18 59.3345
vt 1738.18 59.8913
f 1568/5458/75 1567/5459/75 2033/5460/75 2035/5461/75 

vt -1558.97 144.894
vt -1558.97 147.257
f 1567/5462/75 1566/5463/74 2032/4316/74 2033/4315/75 

vt -1559.32 266.153
vt -1559.32 266.71
vt -1738.46 266.473
vt -1738.46 265.916
f 1566/5464/74 1565/5465/74 2030/5466/74 2032/5467/74 

vt -1558.97 147.65
vt -1558.97 148.347
f 1565/5468/74 1564/5469/75 2027/4324/75 2030/4323/74 

vt 1559.05 57.4085
vt 1559.04 56.8518
vt 1738.18 56.6146
vt 1738.18 57.1714
f 1564/5470/75 1563/5471/75 2026/5472/75 2027/5473/75 

vt -1558.97 148.741
vt -1558.97 151.099
v -44.1533 5.853 -3.83792
f 2026/4349/75 1563/5474/75 1562/5475/249 2173/4350/249 

usemtl FrontColor
vt -1559.26 274.77
vt -1559.27 276.674
v -44.1533 5.895 -3.86192
vt -1738.4 276.481
vt -1738.4 274.577
f 1562/5476/77 1561/5477/77 2174/5478/77 2173/5479/77 

vt -1558.97 152.044
vn -0.000936004 1 4.8823e-14
vt -1558.97 153.225
v -44.1533 5.895 -3.89192
vt -1738.1 153.225
vt -1738.1 152.044
f 1561/5480/354 1560/5481/354 2175/5482/354 2174/5483/354 

vt 1559.1 125.218
vt 1559.1 124.81
v -44.1533 5.886 -3.89706
vt 1738.24 124.617
v -44.1533 5.89025 -3.89463
vt 1738.24 124.81
vt 1738.24 125.025
f 1560/5484/79 1559/5485/79 2176/5486/79 2177/5487/79 2175/5488/79 

vt 1558.97 153.428
vn 0.000936004 -1 2.4386e-15
vt 1558.97 153.224
v -44.1533 5.886 -3.89188
vt 1738.1 153.224
v -44.1533 5.886 -3.89431
vt 1738.1 153.319
vt 1738.1 153.428
f 1559/5489/355 1558/5490/355 2178/5491/355 2179/5492/355 2176/5493/355 

vt -1559.1 124.912
vt -1559.1 125.116
v -44.1533 5.8905 -3.88931
vt -1738.24 124.922
vt -1738.24 124.718
f 1558/5494/71 1557/5495/71 2180/5496/71 2178/5497/71 

usemtl White1
v -39.6033 5.89475 -4.86724
vt 191.624 233.536
v -39.6033 5.89475 -4.88921
vt 192.488 233.536
v -39.6033 5.89475 -4.89202
vt 192.599 233.536
v -39.6033 5.89025 -4.89459
vt 192.7 233.359
v -39.6033 5.89025 -4.89696
vt 192.794 233.359
v -39.6033 5.89925 -4.89182
vt 192.591 233.713
v -39.6033 5.89925 -4.86182
vt 191.41 233.713
v -39.6033 5.85725 -4.83782
vt 190.465 232.06
v -39.6033 5.85725 -4.77792
vt 188.107 232.06
v -39.6033 5.86725 -4.76792
vt 187.713 232.454
v -39.6033 5.86725 -4.75022
vt 187.016 232.454
v -39.6033 5.85725 -4.74022
vt 186.623 232.06
v -39.6033 5.85725 -4.68022
vt 184.261 232.06
v -39.6033 5.86725 -4.67022
vt 183.867 232.454
v -39.6033 5.86725 -4.65252
vt 183.17 232.454
v -39.6033 5.85725 -4.64252
vt 182.776 232.06
v -39.6033 5.85725 -4.58252
vt 180.414 232.06
v -39.6033 5.89925 -4.55852
vt 179.469 233.713
v -39.6033 5.89925 -4.52852
vt 178.288 233.713
v -39.6033 5.85725 -4.50452
vt 177.343 232.06
v -39.6033 5.85725 -4.44452
vt 174.981 232.06
v -39.6033 5.86725 -4.43452
vt 174.587 232.454
v -39.6033 5.86725 -4.41682
vt 173.89 232.454
v -39.6033 5.85725 -4.40682
vt 173.497 232.06
v -39.6033 5.85725 -4.34692
vt 171.138 232.06
v -39.6033 5.86725 -4.33692
vt 170.745 232.454
v -39.6033 5.86725 -4.31922
vt 170.048 232.454
v -39.6033 5.85725 -4.30922
vt 169.654 232.06
v -39.6033 5.85725 -4.24922
vt 167.292 232.06
v -39.6033 5.89925 -4.22522
vt 166.347 233.713
v -39.6033 5.89925 -4.19522
vt 165.166 233.713
v -39.6033 5.85725 -4.17122
vt 164.221 232.06
v -39.6033 5.85725 -4.11122
vt 161.859 232.06
v -39.6033 5.86725 -4.10122
vt 161.465 232.454
v -39.6033 5.86725 -4.08357
vt 160.77 232.454
v -39.6033 5.85725 -4.07357
vt 160.377 232.06
v -39.6033 5.85725 -4.01357
vt 158.014 232.06
v -39.6033 5.86725 -4.00357
vt 157.621 232.454
v -39.6033 5.86725 -3.98592
vt 156.926 232.454
v -39.6033 5.85725 -3.97592
vt 156.532 232.06
v -39.6033 5.85725 -3.91073
vt 153.966 232.06
v -39.6033 5.88125 -3.86192
vt 152.044 233.005
v -39.6033 5.89025 -3.86714
vt 152.25 233.359
v -39.6033 5.89025 -3.88669
vt 153.019 233.359
v -39.6033 5.85275 -3.90812
vt 153.863 231.883
v -39.6033 5.85275 -3.97778
vt 156.606 231.883
v -39.6033 5.86275 -3.98778
vt 156.999 232.276
v -39.6033 5.86275 -4.0017
vt 157.547 232.276
v -39.6033 5.85275 -4.0117
vt 157.941 231.883
v -39.6033 5.85275 -4.07543
vt 160.45 231.883
v -39.6033 5.86275 -4.08543
vt 160.844 232.276
v -39.6033 5.86275 -4.09935
vt 161.392 232.276
v -39.6033 5.85275 -4.10935
vt 161.786 231.883
v -39.6033 5.85275 -4.17383
vt 164.324 231.883
v -39.6033 5.89475 -4.19783
vt 165.269 233.536
v -39.6033 5.89475 -4.22261
vt 166.244 233.536
v -39.6033 5.85275 -4.24661
vt 167.189 231.883
v -39.6033 5.85275 -4.31108
vt 169.728 231.883
v -39.6033 5.86275 -4.32108
vt 170.121 232.276
v -39.6033 5.86275 -4.33505
vt 170.671 232.276
v -39.6033 5.85275 -4.34505
vt 171.065 231.883
v -39.6033 5.85275 -4.40868
vt 173.57 231.883
v -39.6033 5.86275 -4.41868
vt 173.964 232.276
v -39.6033 5.86275 -4.43265
vt 174.514 232.276
v -39.6033 5.85275 -4.44265
vt 174.908 231.883
v -39.6033 5.85275 -4.50713
vt 177.446 231.883
v -39.6033 5.89475 -4.53113
vt 178.391 233.536
v -39.6033 5.89475 -4.55591
vt 179.366 233.536
v -39.6033 5.85275 -4.57991
vt 180.311 231.883
v -39.6033 5.85275 -4.64438
vt 182.85 231.883
v -39.6033 5.86275 -4.65438
vt 183.243 232.276
v -39.6033 5.86275 -4.66835
vt 183.793 232.276
v -39.6033 5.85275 -4.67835
vt 184.187 231.883
v -39.6033 5.85275 -4.74208
vt 186.696 231.883
v -39.6033 5.86275 -4.75208
vt 187.09 232.276
v -39.6033 5.86275 -4.76605
vt 187.64 232.276
v -39.6033 5.85275 -4.77605
vt 188.034 231.883
v -39.6033 5.85275 -4.83782
vt 190.465 231.883
v -39.6033 5.85275 -4.84043
vt 190.568 231.883
v -39.6033 5.86063 -4.84493
vt 190.745 232.193
v -39.6033 5.89475 -4.86443
vt 191.513 233.536
f 2181/5498/252 2182/5499/252 2183/5500/252 2184/5501/252 2185/5502/252 2186/5503/252 2187/5504/252 2188/5505/252 2189/5506/252 2190/5507/252 2191/5508/252 2192/5509/252 2193/5510/252 2194/5511/252 2195/5512/252 2196/5513/252 2197/5514/252 2198/5515/252 2199/5516/252 2200/5517/252 2201/5518/252 2202/5519/252 2203/5520/252 2204/5521/252 2205/5522/252 2206/5523/252 2207/5524/252 2208/5525/252 2209/5526/252 2210/5527/252 2211/5528/252 2212/5529/252 2213/5530/252 2214/5531/252 2215/5532/252 2216/5533/252 2217/5534/252 2218/5535/252 2219/5536/252 2220/5537/252 2221/5538/252 1558/3596/252 1557/3595/252 1556/3594/252 1555/3593/252 2222/5539/252 2223/5540/252 2224/5541/252 2225/5542/252 2226/5543/252 2227/5544/252 2228/5545/252 2229/5546/252 2230/5547/252 2231/5548/252 2232/5549/252 2233/5550/252 2234/5551/252 2235/5552/252 2236/5553/252 2237/5554/252 2238/5555/252 2239/5556/252 2240/5557/252 2241/5558/252 2242/5559/252 2243/5560/252 2244/5561/252 2245/5562/252 2246/5563/252 2247/5564/252 2248/5565/252 2249/5566/252 2250/5567/252 2251/5568/252 2252/5569/252 2253/5570/252 2254/5571/252 2255/5572/252 2256/5573/252 2257/5574/252 2258/5575/252 2259/5576/252 2260/5577/252 2261/5578/252 

usemtl FrontColor
vt 1558.97 192.488
vn 0.000936004 -1 -1.43641e-11
vt 1558.97 191.624
v -44.1533 5.8905 -4.86724
vt 1738.1 191.624
v -44.1533 5.8905 -4.88921
vt 1738.1 192.488
f 2182/5579/356 2181/5580/356 2262/5581/356 2263/5582/356 

usemtl White1
v -39.6033 5.85725 -4.91345
vt 193.443 232.06
vn 1 0.000936004 -3.05287e-16
v -39.6033 5.89025 -4.89178
vt 192.59 233.359
v -39.6033 5.88125 -4.85953
vt 191.32 233.005
v -39.6033 5.88125 -4.86463
vt 191.521 233.005
v -39.6033 5.89025 -4.86985
vt 191.726 233.359
v -39.6033 5.89025 -4.88941
vt 192.496 233.359
v -39.6033 5.85275 -4.91083
vt 193.34 231.883
v -39.6033 5.85275 -4.98049
vt 196.082 231.883
v -39.6033 5.86275 -4.99049
vt 196.476 232.276
v -39.6033 5.86275 -5.00442
vt 197.024 232.276
v -39.6033 5.85275 -5.01442
vt 197.418 231.883
v -39.6033 5.85275 -5.07814
vt 199.927 231.883
v -39.6033 5.86275 -5.08814
vt 200.321 232.276
v -39.6033 5.86275 -5.10207
vt 200.869 232.276
v -39.6033 5.85275 -5.11207
vt 201.262 231.883
v -39.6033 5.85275 -5.17654
vt 203.801 231.883
v -39.6033 5.89475 -5.20054
vt 204.746 233.536
v -39.6033 5.89475 -5.22532
vt 205.721 233.536
v -39.6033 5.85275 -5.24932
vt 206.666 231.883
v -39.6033 5.85275 -5.31379
vt 209.204 231.883
v -39.6033 5.86275 -5.32379
vt 209.598 232.276
v -39.6033 5.86275 -5.33777
vt 210.148 232.276
v -39.6033 5.85275 -5.34777
vt 210.542 231.883
v -39.6033 5.85275 -5.41139
vt 213.047 231.883
v -39.6033 5.86275 -5.42139
vt 213.441 232.276
v -39.6033 5.86275 -5.43537
vt 213.991 232.276
v -39.6033 5.85275 -5.44537
vt 214.384 231.883
v -39.6033 5.85275 -5.50984
vt 216.923 231.883
v -39.6033 5.89475 -5.53384
vt 217.868 233.536
v -39.6033 5.89475 -5.55862
vt 218.843 233.536
v -39.6033 5.85275 -5.58262
vt 219.788 231.883
v -39.6033 5.85275 -5.64709
vt 222.326 231.883
v -39.6033 5.86275 -5.65709
vt 222.72 232.276
v -39.6033 5.86275 -5.67107
vt 223.27 232.276
v -39.6033 5.85275 -5.68107
vt 223.664 231.883
v -39.6033 5.85275 -5.74479
vt 226.173 231.883
v -39.6033 5.86275 -5.75479
vt 226.567 232.276
v -39.6033 5.86275 -5.76877
vt 227.117 232.276
v -39.6033 5.85275 -5.77877
vt 227.51 231.883
v -39.6033 5.85275 -5.84053
vt 229.942 231.883
v -39.6033 5.85275 -5.84314
vt 230.045 231.883
v -39.6033 5.86063 -5.84764
vt 230.222 232.193
v -39.6033 5.88125 -5.85943
vt 230.686 233.005
v -39.6033 5.89475 -5.86714
vt 230.99 233.536
v -39.6033 5.89475 -5.89192
vt 231.965 233.536
v -39.6033 5.89025 -5.89449
vt 232.066 233.359
v -39.6033 5.89025 -5.89967
vt 232.271 233.359
v -39.6033 5.89925 -5.89453
vt 232.068 233.713
v -39.6033 5.89925 -5.86453
vt 230.887 233.713
v -39.6033 5.85725 -5.84053
vt 229.942 232.06
v -39.6033 5.85725 -5.78063
vt 227.584 232.06
v -39.6033 5.86725 -5.77063
vt 227.19 232.454
v -39.6033 5.86725 -5.75293
vt 226.493 232.454
v -39.6033 5.85725 -5.74293
vt 226.1 232.06
v -39.6033 5.85725 -5.68293
vt 223.737 232.06
v -39.6033 5.86725 -5.67293
vt 223.344 232.454
v -39.6033 5.86725 -5.65523
vt 222.647 232.454
v -39.6033 5.85725 -5.64523
vt 222.253 232.06
v -39.6033 5.85725 -5.58523
vt 219.891 232.06
v -39.6033 5.89925 -5.56123
vt 218.946 233.713
v -39.6033 5.89925 -5.53123
vt 217.765 233.713
v -39.6033 5.85725 -5.50723
vt 216.82 232.06
v -39.6033 5.85725 -5.44723
vt 214.458 232.06
v -39.6033 5.86725 -5.43723
vt 214.064 232.454
v -39.6033 5.86725 -5.41953
vt 213.367 232.454
v -39.6033 5.85725 -5.40953
vt 212.974 232.06
v -39.6033 5.85725 -5.34963
vt 210.615 232.06
v -39.6033 5.86725 -5.33963
vt 210.222 232.454
v -39.6033 5.86725 -5.32193
vt 209.525 232.454
v -39.6033 5.85725 -5.31193
vt 209.131 232.06
v -39.6033 5.85725 -5.25193
vt 206.769 232.06
v -39.6033 5.89925 -5.22793
vt 205.824 233.713
v -39.6033 5.89925 -5.19793
vt 204.643 233.713
v -39.6033 5.85725 -5.17393
vt 203.698 232.06
v -39.6033 5.85725 -5.11393
vt 201.336 232.06
v -39.6033 5.86725 -5.10393
vt 200.942 232.454
v -39.6033 5.86725 -5.08628
vt 200.247 232.454
v -39.6033 5.85725 -5.07628
vt 199.854 232.06
v -39.6033 5.85725 -5.01628
vt 197.491 232.06
v -39.6033 5.86725 -5.00628
vt 197.098 232.454
v -39.6033 5.86725 -4.98863
vt 196.403 232.454
v -39.6033 5.85725 -4.97863
vt 196.009 232.06
f 2264/5583/357 2184/5501/357 2265/5584/357 2182/5499/357 2181/5498/357 2266/5585/357 2267/5586/357 2268/5587/357 2269/5588/357 2270/5589/357 2271/5590/357 2272/5591/357 2273/5592/357 2274/5593/357 2275/5594/357 2276/5595/357 2277/5596/357 2278/5597/357 2279/5598/357 2280/5599/357 2281/5600/357 2282/5601/357 2283/5602/357 2284/5603/357 2285/5604/357 2286/5605/357 2287/5606/357 2288/5607/357 2289/5608/357 2290/5609/357 2291/5610/357 2292/5611/357 2293/5612/357 2294/5613/357 2295/5614/357 2296/5615/357 2297/5616/357 2298/5617/357 2299/5618/357 2300/5619/357 2301/5620/357 2302/5621/357 2303/5622/357 2304/5623/357 2305/5624/357 2306/5625/357 2307/5626/357 2308/5627/357 2309/5628/357 2310/5629/357 2311/5630/357 2312/5631/357 2313/5632/357 2314/5633/357 2315/5634/357 2316/5635/357 2317/5636/357 2318/5637/357 2319/5638/357 2320/5639/357 2321/5640/357 2322/5641/357 2323/5642/357 2324/5643/357 2325/5644/357 2326/5645/357 2327/5646/357 2328/5647/357 2329/5648/357 2330/5649/357 2331/5650/357 2332/5651/357 2333/5652/357 2334/5653/357 2335/5654/357 2336/5655/357 2337/5656/357 2338/5657/357 2339/5658/357 2340/5659/357 2341/5660/357 2342/5661/357 2343/5662/357 2344/5663/357 2345/5664/357 

v -44.1533 5.8905 -4.89202
vt -1738.22 105.337
v -44.1533 5.89025 -4.89216
vt -1738.22 105.326
v -44.1533 5.886 -4.89459
vt -1738.22 105.132
v -44.1533 5.853 -4.91345
vt -1738.21 103.636
vt -1559.08 103.829
vt -1559.08 105.326
vt -1559.08 105.53
f 2346/5665/71 2347/5666/71 2348/5667/71 2349/5668/71 2264/5669/71 2184/5670/71 2183/5671/71 

vt 192.502 233.519
vn 1 0.000926368 -7.77041e-06
v -44.1533 5.89025 -4.88934
vt 192.507 233.51
v -44.1533 5.886 -4.89178
vt 192.603 233.342
v -44.1533 5.886 -4.89184
vt 192.606 233.342
vt 192.714 233.342
vt 192.618 233.51
vt 192.613 233.519
v -44.1533 5.8905 -4.89164
vt 192.598 233.519
f 2263/5672/358 2350/5673/358 2351/5674/358 2352/5675/358 2348/5676/358 2347/5677/358 2346/5678/358 2353/5679/358 

usemtl FrontColor
vt -1559.08 105.38
vt -1559.08 105.585
vt -1738.22 105.391
vt -1738.22 105.38
vt -1738.22 105.187
f 2265/5680/71 2182/5681/71 2263/5682/71 2350/5683/71 2351/5684/71 

usemtl White1
vn 1 0.000936004 4.8819e-12
f 2183/5500/359 2182/5499/359 2265/5584/359 2184/5501/359 

vt 1558.97 192.599
vn 0.000936004 -1 1.21477e-10
vt 1738.1 192.584
vt 1738.1 192.599
f 2183/5685/360 2182/5579/360 2263/5582/360 2353/5686/360 2346/5687/360 

v -44.1533 5.89475 -4.89196
vt 192.597 233.706
vn 1 0.000937031 3.65691e-08
vt 192.488 233.538
vt 192.584 233.538
f 2354/5688/361 2263/5689/361 2353/5690/361

v -44.1533 5.89475 -4.88921
vt 192.488 233.706
f 2263/5689/361 2354/5688/361 2355/5691/361

vt 1738.1 192.597
vn 0.000936004 -1 4.6007e-11
v -47.6145 5.89151 -4.88921
vt 1874.37 192.488
v -47.6145 5.89151 -4.89202
vt 1874.37 192.599
v -44.1533 5.89475 -4.89202
f 2354/5692/362 2355/5582/362 2356/5693/362 2357/5694/362 2358/5687/362 

usemtl FrontColor
vn 0.000936004 -1 -6.83715e-12
v -44.1533 5.89475 -4.86724
v -47.6145 5.89151 -4.86724
vt 1874.37 191.624
f 2355/5582/363 2359/5581/363 2360/5695/363 2356/5693/363 

usemtl White1
vt 191.624 233.706
v -44.1533 5.89025 -4.86985
vt 191.726 233.529
f 2359/5696/361 2361/5697/361 2355/5691/361

v -44.1533 5.8905 -4.86481
vt 191.528 233.538
f 2362/5698/361 2361/5697/361 2359/5696/361

v -44.1533 5.88125 -4.86463
vt 191.521 233.174
f 2362/5698/361 2363/5699/361 2361/5697/361

v -44.1533 5.88125 -4.86196
vt 191.416 233.174
f 2362/5698/361 2364/5700/361 2363/5699/361

v -44.1533 5.88125 -4.85953
vt 191.32 233.174
f 2364/5700/361 2362/5698/361 2365/5701/361

usemtl M_0024_OrangeRed
vt 1738.42 296.11
vt 1738.42 295.917
vt 1738.42 295.498
v -47.6145 5.87801 -4.85953
vt 1874.69 295.351
vt 1874.69 295.963
f 2359/5702/86 2362/5703/86 2365/5704/86 2366/5705/86 2360/5706/86 

usemtl M_0050_LemonChiffon
vt 1874.37 191.32
vn 0.000936004 -1 2.51449e-10
v -47.6145 5.87801 -4.86463
vt 1874.37 191.521
vt 1738.1 191.521
vt 1738.1 191.416
vt 1738.1 191.32
f 2366/5707/364 2367/5708/364 2363/5709/364 2364/5710/364 2365/5711/364 

usemtl FrontColor
vt -192.599 233.704
v -47.6145 5.85401 -4.91345
vt -193.443 232.228
v -47.6145 5.85401 -4.97863
vt -196.009 232.228
v -47.6145 5.86401 -4.98863
vt -196.403 232.621
v -47.6145 5.86401 -5.00628
vt -197.098 232.621
v -47.6145 5.85401 -5.01628
vt -197.491 232.228
v -47.6145 5.85401 -5.07628
vt -199.854 232.228
v -47.6145 5.86401 -5.08628
vt -200.247 232.621
v -47.6145 5.86401 -5.10393
vt -200.942 232.621
v -47.6145 5.85401 -5.11393
vt -201.336 232.228
v -47.6145 5.85401 -5.17393
vt -203.698 232.228
v -47.6145 5.89601 -5.19793
vt -204.643 233.881
v -47.6145 5.89601 -5.22793
vt -205.824 233.881
v -47.6145 5.85401 -5.25193
vt -206.769 232.228
v -47.6145 5.85401 -5.31193
vt -209.131 232.228
v -47.6145 5.86401 -5.32193
vt -209.525 232.621
v -47.6145 5.86401 -5.33963
vt -210.222 232.621
v -47.6145 5.85401 -5.34963
vt -210.615 232.228
v -47.6145 5.85401 -5.40953
vt -212.974 232.228
v -47.6145 5.86401 -5.41953
vt -213.367 232.621
v -47.6145 5.86401 -5.43723
vt -214.064 232.621
v -47.6145 5.85401 -5.44723
vt -214.458 232.228
v -47.6145 5.85401 -5.50723
vt -216.82 232.228
v -47.6145 5.89601 -5.53123
vt -217.765 233.881
v -47.6145 5.89601 -5.56123
vt -218.946 233.881
v -47.6145 5.85401 -5.58523
vt -219.891 232.228
v -47.6145 5.85401 -5.64523
vt -222.253 232.228
v -47.6145 5.86401 -5.65523
vt -222.647 232.621
v -47.6145 5.86401 -5.67293
vt -223.344 232.621
v -47.6145 5.85401 -5.68293
vt -223.737 232.228
v -47.6145 5.85401 -5.74293
vt -226.1 232.228
v -47.6145 5.86401 -5.75293
vt -226.493 232.621
v -47.6145 5.86401 -5.77063
vt -227.19 232.621
v -47.6145 5.85401 -5.78063
vt -227.584 232.228
v -47.6145 5.85401 -5.84053
vt -229.942 232.228
v -47.6145 5.89601 -5.86453
vt -230.887 233.881
v -47.6145 5.89601 -5.89453
vt -232.068 233.881
v -47.6145 5.88701 -5.89967
vt -232.271 233.527
v -47.6145 5.88701 -5.89449
vt -232.066 233.527
v -47.6145 5.89151 -5.89192
vt -231.965 233.704
v -47.6145 5.89151 -5.86714
vt -230.99 233.704
v -47.6145 5.85739 -5.84764
vt -230.222 232.36
v -47.6145 5.84951 -5.84314
vt -230.045 232.05
v -47.6145 5.84951 -5.84053
vt -229.942 232.05
v -47.6145 5.84951 -5.77877
vt -227.51 232.05
v -47.6145 5.85951 -5.76877
vt -227.117 232.444
v -47.6145 5.85951 -5.75479
vt -226.567 232.444
v -47.6145 5.84951 -5.74479
vt -226.173 232.05
v -47.6145 5.84951 -5.68107
vt -223.664 232.05
v -47.6145 5.85951 -5.67107
vt -223.27 232.444
v -47.6145 5.85951 -5.65709
vt -222.72 232.444
v -47.6145 5.84951 -5.64709
vt -222.326 232.05
v -47.6145 5.84951 -5.58262
vt -219.788 232.05
v -47.6145 5.89151 -5.55862
vt -218.843 233.704
v -47.6145 5.89151 -5.53384
vt -217.868 233.704
v -47.6145 5.84951 -5.50984
vt -216.923 232.05
v -47.6145 5.84951 -5.44537
vt -214.384 232.05
v -47.6145 5.85951 -5.43537
vt -213.991 232.444
v -47.6145 5.85951 -5.42139
vt -213.441 232.444
v -47.6145 5.84951 -5.41139
vt -213.047 232.05
v -47.6145 5.84951 -5.34777
vt -210.542 232.05
v -47.6145 5.85951 -5.33777
vt -210.148 232.444
v -47.6145 5.85951 -5.32379
vt -209.598 232.444
v -47.6145 5.84951 -5.31379
vt -209.204 232.05
v -47.6145 5.84951 -5.24932
vt -206.666 232.05
v -47.6145 5.89151 -5.22532
vt -205.721 233.704
v -47.6145 5.89151 -5.20054
vt -204.746 233.704
v -47.6145 5.84951 -5.17654
vt -203.801 232.05
v -47.6145 5.84951 -5.11207
vt -201.262 232.05
v -47.6145 5.85951 -5.10207
vt -200.869 232.444
v -47.6145 5.85951 -5.08814
vt -200.321 232.444
v -47.6145 5.84951 -5.07814
vt -199.927 232.05
v -47.6145 5.84951 -5.01442
vt -197.418 232.05
v -47.6145 5.85951 -5.00442
vt -197.024 232.444
v -47.6145 5.85951 -4.99049
vt -196.476 232.444
v -47.6145 5.84951 -4.98049
vt -196.082 232.05
v -47.6145 5.84951 -4.91083
vt -193.34 232.05
v -47.6145 5.88701 -4.88941
vt -192.496 233.527
v -47.6145 5.88701 -4.86985
vt -191.726 233.527
v -47.6145 5.87801 -4.86471
vt -191.524 233.172
vt -191.521 233.172
vt -191.32 233.172
vt -191.624 233.704
vt -192.488 233.704
f 2357/5712/262 2368/5713/262 2369/5714/262 2370/5715/262 2371/5716/262 2372/5717/262 2373/5718/262 2374/5719/262 2375/5720/262 2376/5721/262 2377/5722/262 2378/5723/262 2379/5724/262 2380/5725/262 2381/5726/262 2382/5727/262 2383/5728/262 2384/5729/262 2385/5730/262 2386/5731/262 2387/5732/262 2388/5733/262 2389/5734/262 2390/5735/262 2391/5736/262 2392/5737/262 2393/5738/262 2394/5739/262 2395/5740/262 2396/5741/262 2397/5742/262 2398/5743/262 2399/5744/262 2400/5745/262 2401/5746/262 2402/5747/262 2403/5748/262 2404/5749/262 2405/5750/262 2406/5751/262 2407/5752/262 2408/5753/262 2409/5754/262 2410/5755/262 2411/5756/262 2412/5757/262 2413/5758/262 2414/5759/262 2415/5760/262 2416/5761/262 2417/5762/262 2418/5763/262 2419/5764/262 2420/5765/262 2421/5766/262 2422/5767/262 2423/5768/262 2424/5769/262 2425/5770/262 2426/5771/262 2427/5772/262 2428/5773/262 2429/5774/262 2430/5775/262 2431/5776/262 2432/5777/262 2433/5778/262 2434/5779/262 2435/5780/262 2436/5781/262 2437/5782/262 2438/5783/262 2439/5784/262 2440/5785/262 2441/5786/262 2442/5787/262 2443/5788/262 2444/5789/262 2445/5790/262 2446/5791/262 2367/5792/262 2366/5793/262 2360/5794/262 2356/5795/262 

usemtl White1
vt -1874.48 105.335
vt -1874.48 103.635
v -44.1533 5.85725 -4.91345
vt -1738.21 103.782
v -44.1533 5.89025 -4.89459
vt -1738.22 105.278
vt -1738.22 105.482
f 2357/5796/71 2368/5797/71 2447/5798/71 2448/5799/71 2358/5800/71 

vt -1874.37 193.443
vt -1738.1 193.443
v -44.1533 5.85725 -4.97863
vt -1738.1 196.009
vt -1874.37 196.009
f 2368/5801/73 2447/5802/73 2449/5803/74 2369/5804/74 

vt 193.443 232.229
v -44.1533 5.85275 -4.98049
vt 196.082 232.052
vt 196.009 232.229
f 2447/5805/361 2450/5806/361 2449/5807/361

v -44.1533 5.85275 -4.91083
vt 193.34 232.052
f 2447/5805/361 2451/5808/361 2450/5806/361

vt 192.7 233.361
f 2447/5805/361 2348/5809/361 2451/5808/361

vt 192.7 233.529
f 2448/5810/361 2348/5809/361 2447/5805/361

vt 192.604 233.529
f 2448/5810/361 2347/5811/361 2348/5809/361

vt 192.599 233.538
f 2448/5810/361 2346/5812/361 2347/5811/361

vt 192.599 233.706
f 2358/5813/361 2346/5812/361 2448/5810/361

f 2354/5688/361 2346/5812/361 2358/5813/361

f 2354/5688/361 2353/5690/361 2346/5812/361

usemtl M_0050_LemonChiffon
v -44.1533 5.89025 -4.89453
vt 192.698 233.522
vn 1 0.000933445 -4.82195e-08
vt 192.597 233.699
v -44.1533 5.895 -4.89182
vt 192.591 233.709
v -44.1533 5.895 -4.86182
vt 191.41 233.709
v -44.1533 5.853 -4.83782
vt 190.465 232.055
v -44.1533 5.853 -4.77792
vt 188.107 232.055
v -44.1533 5.863 -4.76792
vt 187.713 232.449
v -44.1533 5.863 -4.75022
vt 187.017 232.449
v -44.1533 5.853 -4.74022
vt 186.623 232.055
v -44.1533 5.853 -4.68022
vt 184.261 232.055
v -44.1533 5.863 -4.67022
vt 183.867 232.449
v -44.1533 5.863 -4.65252
vt 183.17 232.449
v -44.1533 5.853 -4.64252
vt 182.776 232.055
v -44.1533 5.853 -4.58252
vt 180.414 232.055
v -44.1533 5.895 -4.55852
vt 179.469 233.709
v -44.1533 5.895 -4.52852
vt 178.288 233.709
v -44.1533 5.853 -4.50452
vt 177.343 232.055
v -44.1533 5.853 -4.44452
vt 174.981 232.055
v -44.1533 5.863 -4.43452
vt 174.587 232.449
v -44.1533 5.863 -4.41682
vt 173.891 232.449
v -44.1533 5.853 -4.40682
vt 173.497 232.055
v -44.1533 5.853 -4.34692
vt 171.139 232.055
v -44.1533 5.863 -4.33692
vt 170.745 232.449
v -44.1533 5.863 -4.31922
vt 170.048 232.449
v -44.1533 5.853 -4.30922
vt 169.654 232.055
v -44.1533 5.853 -4.24922
vt 167.292 232.055
v -44.1533 5.895 -4.22522
vt 166.347 233.709
v -44.1533 5.895 -4.19522
vt 165.166 233.709
v -44.1533 5.853 -4.17122
vt 164.221 232.055
v -44.1533 5.853 -4.11122
vt 161.859 232.055
v -44.1533 5.863 -4.10122
vt 161.465 232.449
v -44.1533 5.863 -4.08357
vt 160.77 232.449
v -44.1533 5.853 -4.07357
vt 160.377 232.055
v -44.1533 5.853 -4.01357
vt 158.015 232.055
v -44.1533 5.863 -4.00357
vt 157.621 232.449
v -44.1533 5.863 -3.98592
vt 156.926 232.449
v -44.1533 5.853 -3.97592
vt 156.532 232.055
v -44.1533 5.853 -3.91073
vt 153.966 232.055
vt 153.224 233.355
vt 153.122 233.532
v -44.1533 5.8905 -3.86453
vt 152.147 233.532
v -44.1533 5.88125 -3.85925
vt 151.939 233.168
v -44.1533 5.88125 -3.86192
vt 152.044 233.168
v -44.1533 5.89025 -3.86714
vt 152.25 233.522
v -44.1533 5.88125 -3.862
vt 152.047 233.168
v -44.1533 5.88125 -3.85925
v -44.1533 5.88125 -3.85925
v -44.1533 5.877 -3.85681
vt 151.843 233
v -44.1533 5.877 -3.86192
vt 152.044 233
v -44.1533 5.877 -3.862
vt 152.047 233
v -44.1533 5.886 -3.86714
vt 152.25 233.355
v -44.1533 5.886 -3.88669
vt 153.02 233.355
v -44.1533 5.8485 -3.90812
vt 153.863 231.878
v -44.1533 5.8485 -3.97778
vt 156.606 231.878
v -44.1533 5.8585 -3.98778
vt 156.999 232.272
v -44.1533 5.8585 -4.0017
vt 157.547 232.272
v -44.1533 5.8485 -4.0117
vt 157.941 231.878
v -44.1533 5.8485 -4.07543
vt 160.45 231.878
v -44.1533 5.8585 -4.08543
vt 160.844 232.272
v -44.1533 5.8585 -4.09935
vt 161.392 232.272
v -44.1533 5.8485 -4.10935
vt 161.786 231.878
v -44.1533 5.8485 -4.17383
vt 164.324 231.878
v -44.1533 5.8905 -4.19783
vt 165.269 233.532
v -44.1533 5.8905 -4.22261
vt 166.244 233.532
v -44.1533 5.8485 -4.24661
vt 167.189 231.878
v -44.1533 5.8485 -4.31108
vt 169.728 231.878
v -44.1533 5.8585 -4.32108
vt 170.121 232.272
v -44.1533 5.8585 -4.33505
vt 170.671 232.272
v -44.1533 5.8485 -4.34505
vt 171.065 231.878
v -44.1533 5.8485 -4.40868
vt 173.57 231.878
v -44.1533 5.8585 -4.41868
vt 173.964 232.272
v -44.1533 5.8585 -4.43265
vt 174.514 232.272
v -44.1533 5.8485 -4.44265
vt 174.908 231.878
v -44.1533 5.8485 -4.50713
vt 177.446 231.878
v -44.1533 5.8905 -4.53113
vt 178.391 233.532
v -44.1533 5.8905 -4.55591
vt 179.366 233.532
v -44.1533 5.8485 -4.57991
vt 180.311 231.878
v -44.1533 5.8485 -4.64438
vt 182.85 231.878
v -44.1533 5.8585 -4.65438
vt 183.243 232.272
v -44.1533 5.8585 -4.66835
vt 183.794 232.272
v -44.1533 5.8485 -4.67835
vt 184.187 231.878
v -44.1533 5.8485 -4.74208
vt 186.696 231.878
v -44.1533 5.8585 -4.75208
vt 187.09 232.272
v -44.1533 5.8585 -4.76605
vt 187.64 232.272
v -44.1533 5.8485 -4.77605
vt 188.034 231.878
v -44.1533 5.8485 -4.83782
vt 190.465 231.878
v -44.1533 5.8485 -4.84043
vt 190.568 231.878
v -44.1533 5.85275 -4.84043
vt 190.568 232.046
v -44.1533 5.86063 -4.84493
vt 190.745 232.356
v -44.1533 5.85637 -4.84493
vt 190.745 232.188
v -44.1533 5.8905 -4.86443
vt 191.513 233.532
vt 191.528 233.532
vt 191.624 233.532
vt 192.489 233.532
vt 192.584 233.532
vt 192.599 233.532
vt 192.605 233.522
f 2452/5814/365 2354/5815/365 2453/5816/365 2454/5817/365 2455/5818/365 2456/5819/365 2457/5820/365 2458/5821/365 2459/5822/365 2460/5823/365 2461/5824/365 2462/5825/365 2463/5826/365 2464/5827/365 2465/5828/365 2466/5829/365 2467/5830/365 2468/5831/365 2469/5832/365 2470/5833/365 2471/5834/365 2472/5835/365 2473/5836/365 2474/5837/365 2475/5838/365 2476/5839/365 2477/5840/365 2478/5841/365 2479/5842/365 2480/5843/365 2481/5844/365 2482/5845/365 2483/5846/365 2484/5847/365 2485/5848/365 2486/5849/365 2487/5850/365 2488/5851/365 2178/5852/365 2180/5853/365 2489/5854/365 2490/5855/365 2491/5856/365 2492/5857/365 2493/5858/365 2494/5855/365 2495/5855/365 2496/5859/365 2497/5860/365 2498/5861/365 2499/5862/365 2500/5863/365 2501/5864/365 2502/5865/365 2503/5866/365 2504/5867/365 2505/5868/365 2506/5869/365 2507/5870/365 2508/5871/365 2509/5872/365 2510/5873/365 2511/5874/365 2512/5875/365 2513/5876/365 2514/5877/365 2515/5878/365 2516/5879/365 2517/5880/365 2518/5881/365 2519/5882/365 2520/5883/365 2521/5884/365 2522/5885/365 2523/5886/365 2524/5887/365 2525/5888/365 2526/5889/365 2527/5890/365 2528/5891/365 2529/5892/365 2530/5893/365 2531/5894/365 2532/5895/365 2533/5896/365 2534/5897/365 2535/5898/365 2536/5899/365 2537/5900/365 2538/5901/365 2539/5902/365 2362/5903/365 2262/5904/365 2263/5905/365 2353/5906/365 2346/5907/365 2347/5908/365 

usemtl FrontColor
vt 1559.08 105.687
vt 1559.08 105.279
v -44.1533 5.886 -4.89696
vt 1738.22 105.086
vt 1738.22 105.279
vt 1738.22 105.483
vt 1738.22 105.494
f 2186/5909/79 2185/5910/79 2540/5911/79 2452/5912/79 2354/5913/79 2453/5914/79 

vt 1558.97 192.7
vn 0.000936004 -1 -3.9899e-14
vt 1558.97 192.59
vt 1738.1 192.59
vt 1738.1 192.592
vt 1738.1 192.7
vt 1738.1 192.794
vt 1558.97 192.794
f 2184/5915/366 2265/5916/366 2351/5917/366 2352/5918/366 2348/5919/366 2540/5920/366 2185/5921/366 

v -44.1533 5.8485 -4.91083
vt -193.34 231.881
vn -1 -0.000934853 -1.95447e-09
vt -192.59 233.357
vt -192.592 233.357
f 2541/5922/367 2351/5923/367 2352/5924/367

v -44.1533 5.886 -4.88941
vt -192.496 233.357
f 2542/5925/367 2351/5923/367 2541/5922/367

vt -192.494 233.525
f 2542/5925/367 2350/5926/367 2351/5923/367

vt -192.488 233.534
f 2542/5925/367 2263/5927/367 2350/5926/367

vt -191.726 233.525
f 2542/5925/367 2361/5928/367 2263/5927/367

v -44.1533 5.886 -4.86985
vt -191.726 233.357
f 2543/5929/367 2361/5928/367 2542/5925/367

v -44.1533 5.877 -4.86471
vt -191.524 233.003
f 2544/5930/367 2361/5928/367 2543/5929/367

v -44.1533 5.88125 -4.86471
vt -191.524 233.17
f 2544/5930/367 2545/5931/367 2361/5928/367

v -44.1533 5.877 -4.86463
vt -191.521 233.003
f 2546/5932/367 2545/5931/367 2544/5930/367

vt -191.521 233.17
f 2546/5932/367 2363/5933/367 2545/5931/367

vt -191.416 233.17
f 2546/5932/367 2364/5934/367 2363/5933/367

v -44.1533 5.877 -4.85953
vt -191.32 233.003
f 2364/5934/367 2546/5932/367 2547/5935/367

usemtl M_0050_LemonChiffon
vt 1558.97 191.521
vt 1558.97 191.32
f 2547/5711/229 2546/5709/229 2267/5936/229 2266/5937/229 

vt 1738.1 191.524
v -39.6033 5.88125 -4.86471
vt 1558.97 191.524
f 2546/5709/264 2544/5938/264 2548/5939/264 2267/5936/264 

vt 1738.42 295.453
vt 1738.42 295.861
vt 1559.29 296.055
vt 1559.29 295.646
f 2544/5940/86 2543/5941/86 2268/5942/86 2548/5943/86 

vt 1738.1 191.726
vn 0.000936004 -1 -6.36687e-16
vt 1738.1 192.496
vt 1558.97 192.496
vt 1558.97 191.726
f 2543/5944/368 2542/5945/368 2269/5946/368 2268/5947/368 

vt -1738.22 105.234
vt -1738.21 103.533
vt -1559.08 103.726
vt -1559.08 105.427
f 2542/5948/71 2541/5949/71 2270/5950/71 2269/5951/71 

usemtl FrontColor
vt 1558.97 193.34
vn 0.000936004 -1 -8.28807e-16
vt 1738.1 193.34
v -44.1533 5.8485 -4.98049
vt 1738.1 196.082
vt 1558.97 196.082
f 2270/5952/369 2541/5953/369 2549/5954/99 2271/5955/99 

vt -193.443 232.058
vt -196.082 231.881
f 2541/5922/367 2349/5956/367 2549/5957/367

vt -192.7 233.357
f 2541/5922/367 2348/5958/367 2349/5956/367

f 2541/5922/367 2352/5924/367 2348/5958/367

usemtl White1
vt 192.592 233.361
f 2451/5808/361 2348/5809/361 2352/5959/361

usemtl M_0050_LemonChiffon
vt -1874.48 105.232
vt -1874.48 103.532
vt -1738.21 103.679
vt -1738.22 105.186
v -44.1533 5.89025 -4.88941
vt -1738.22 105.379
f 2444/5960/71 2443/5961/71 2451/5962/71 2352/5963/71 2550/5964/71 

usemtl FrontColor
vn 0.000936004 -1 1.98903e-14
vt 1874.37 193.34
vt 1874.37 196.082
f 2451/5953/370 2443/5965/370 2442/5966/99 2450/5954/99 

usemtl White1
v -44.1533 5.86275 -4.99049
vt 1738.5 300.991
vt 1738.5 300.435
vt 1874.77 300.254
vt 1874.77 300.811
f 2551/5967/99 2450/5968/99 2442/5969/99 2441/5970/99 

v -44.1533 5.86725 -4.98863
vt 196.403 232.623
vt 196.476 232.446
f 2552/5971/361 2450/5806/361 2551/5972/361

f 2449/5807/361 2450/5806/361 2552/5971/361

vt -1738.5 300.508
vt -1738.5 301.065
vt -1874.77 300.884
vt -1874.77 300.328
f 2449/5973/74 2552/5974/74 2370/5975/74 2369/5976/74 

vt -1738.1 196.403
v -44.1533 5.86725 -5.00628
vt -1738.1 197.098
vt -1874.37 197.098
vt -1874.37 196.403
f 2552/5977/74 2553/5978/75 2371/5979/75 2370/5980/74 

vt 197.098 232.623
f 2552/5971/361 2551/5972/361 2553/5981/361

v -44.1533 5.86275 -5.00442
vt 197.024 232.446
f 2553/5981/361 2551/5972/361 2554/5982/361

vt 1738.1 197.024
vt 1738.1 196.476
vt 1874.37 196.476
vt 1874.37 197.024
f 2554/5983/97 2551/5984/99 2441/5985/99 2440/5986/97 

v -44.1533 5.85275 -5.01442
vt -1738.13 22.1881
vt -1738.13 22.7449
vt -1874.4 22.5645
vt -1874.4 22.0077
f 2555/5987/97 2554/5988/97 2440/5989/97 2439/5990/97 

vt 197.418 232.052
f 2553/5981/361 2554/5982/361 2555/5991/361

v -44.1533 5.85725 -5.01628
vt 197.491 232.229
f 2553/5981/361 2555/5991/361 2556/5992/361

v -44.1533 5.85275 -5.07814
vt 199.927 232.052
f 2556/5992/361 2555/5991/361 2557/5993/361

vt 1738.1 199.927
vt 1738.1 197.418
vt 1874.37 197.418
vt 1874.37 199.927
f 2557/5994/99 2555/5995/97 2439/5996/97 2438/5997/99 

v -44.1533 5.86275 -5.08814
vt 1738.51 303.71
vt 1738.5 303.153
vt 1874.77 302.973
vt 1874.77 303.529
f 2558/5998/99 2557/5999/99 2438/6000/99 2437/6001/99 

v -44.1533 5.86725 -5.08628
vt 200.247 232.623
vt 200.321 232.446
f 2559/6002/361 2557/5993/361 2558/6003/361

v -44.1533 5.85725 -5.07628
vt 199.853 232.229
f 2560/6004/361 2557/5993/361 2559/6002/361

f 2556/5992/361 2557/5993/361 2560/6004/361

vt -1738.1 197.491
vt -1738.1 199.854
vt -1874.37 199.854
vt -1874.37 197.491
f 2556/6005/75 2560/6006/74 2373/6007/74 2372/6008/75 

vt -1738.5 303.226
vt -1738.51 303.783
vt -1874.77 303.603
vt -1874.77 303.046
f 2560/6009/74 2559/6010/74 2374/6011/74 2373/6012/74 

vt -1738.1 200.247
v -44.1533 5.86725 -5.10393
vt -1738.1 200.942
vt -1874.37 200.942
vt -1874.37 200.247
f 2559/6013/74 2561/6014/75 2375/6015/75 2374/6016/74 

vt 200.942 232.623
f 2559/6002/361 2558/6003/361 2561/6017/361

v -44.1533 5.86275 -5.10207
vt 200.869 232.446
f 2561/6017/361 2558/6003/361 2562/6018/361

vt 1738.1 200.869
vt 1738.1 200.321
vt 1874.37 200.321
vt 1874.37 200.869
f 2562/6019/97 2558/6020/99 2437/6021/99 2436/6022/97 

v -44.1533 5.85275 -5.11207
vt -1738.13 19.4696
vt -1738.13 20.0264
vt -1874.4 19.846
vt -1874.4 19.2892
f 2563/6023/97 2562/6024/97 2436/6025/97 2435/6026/97 

vt 201.262 232.052
f 2561/6017/361 2562/6018/361 2563/6027/361

v -44.1533 5.85725 -5.11393
vt 201.336 232.229
f 2561/6017/361 2563/6027/361 2564/6028/361

v -44.1533 5.85275 -5.17654
vt 203.801 232.052
f 2564/6028/361 2563/6027/361 2565/6029/361

vt 1738.1 203.801
vn 0.000936004 -1 -7.61234e-16
vt 1738.1 201.262
vt 1874.37 201.262
vt 1874.37 203.801
f 2565/6030/371 2563/6031/97 2435/6032/97 2434/6033/371 

v -44.1533 5.89475 -5.20054
vt 1738.43 302.62
vt 1738.43 300.716
vt 1874.69 300.569
vt 1874.7 302.473
f 2566/6034/86 2565/6035/86 2434/6036/86 2433/6037/86 

v -44.1533 5.89925 -5.19793
vt 204.643 233.883
vt 204.746 233.706
f 2567/6038/361 2565/6029/361 2566/6039/361

v -44.1533 5.85725 -5.17393
vt 203.698 232.229
f 2568/6040/361 2565/6029/361 2567/6038/361

f 2564/6028/361 2565/6029/361 2568/6040/361

vt -1738.1 201.336
vt -1738.1 203.698
vn -0.000936004 1 7.60692e-16
vt -1874.37 203.698
vt -1874.37 201.336
f 2564/6041/75 2568/6042/372 2377/6043/372 2376/6044/75 

vt -1738.43 300.819
vt -1738.43 302.723
vt -1874.7 302.576
vt -1874.69 300.672
f 2568/6045/77 2567/6046/77 2378/6047/77 2377/6048/77 

vt -1738.1 204.643
vn -0.000936004 1 7.61912e-16
v -44.1533 5.89925 -5.22793
vt -1738.1 205.824
vt -1874.37 205.824
vt -1874.37 204.643
f 2567/6049/373 2569/6050/373 2379/6051/373 2378/6052/373 

vt 205.824 233.883
f 2567/6038/361 2566/6039/361 2569/6053/361

v -44.1533 5.89475 -5.22532
vt 205.721 233.706
f 2569/6053/361 2566/6039/361 2570/6054/361

vt 1738.1 205.721
vn 0.000936004 -1 -7.61641e-16
vt 1738.1 204.746
vt 1874.37 204.746
vt 1874.37 205.721
f 2570/6055/374 2566/6056/374 2433/6057/374 2432/6058/374 

v -44.1533 5.85275 -5.24932
vt -1738.21 97.0673
vt -1738.21 98.9717
vt -1874.48 98.8248
vt -1874.47 96.9204
f 2571/6059/71 2570/6060/71 2432/6061/71 2431/6062/71 

vt 206.666 232.052
f 2569/6053/361 2570/6054/361 2571/6063/361

v -44.1533 5.85725 -5.25193
vt 206.769 232.229
f 2569/6053/361 2571/6063/361 2572/6064/361

v -44.1533 5.85275 -5.31379
vt 209.204 232.052
f 2572/6064/361 2571/6063/361 2573/6065/361

vt 1738.1 209.204
vt 1738.1 206.666
vt 1874.37 206.666
vt 1874.37 209.204
f 2573/6066/99 2571/6067/371 2431/6068/371 2430/6069/99 

v -44.1533 5.86275 -5.32379
vt 1738.51 310.27
vt 1738.51 309.713
vt 1874.78 309.533
vt 1874.78 310.09
f 2574/6070/99 2573/6071/99 2430/6072/99 2429/6073/99 

v -44.1533 5.86725 -5.32193
vt 209.525 232.623
vt 209.598 232.446
f 2575/6074/361 2573/6065/361 2574/6075/361

v -44.1533 5.85725 -5.31193
vt 209.131 232.229
f 2576/6076/361 2573/6065/361 2575/6074/361

f 2572/6064/361 2573/6065/361 2576/6076/361

vt -1738.1 206.769
vt -1738.1 209.131
vt -1874.37 209.131
vt -1874.37 206.769
f 2572/6077/372 2576/6078/74 2381/6079/74 2380/6080/372 

vt -1738.51 309.787
vt -1738.51 310.343
vt -1874.78 310.163
vt -1874.78 309.606
f 2576/6081/74 2575/6082/74 2382/6083/74 2381/6084/74 

vt -1738.1 209.525
v -44.1533 5.86725 -5.33963
vt -1738.1 210.222
vt -1874.37 210.222
vt -1874.37 209.525
f 2575/6085/74 2577/6086/75 2383/6087/75 2382/6088/74 

vt 210.222 232.623
f 2575/6074/361 2574/6075/361 2577/6089/361

v -44.1533 5.86275 -5.33777
vt 210.148 232.446
f 2577/6089/361 2574/6075/361 2578/6090/361

vt 1738.1 210.148
vt 1738.1 209.598
vt 1874.37 209.598
vt 1874.37 210.148
f 2578/6091/97 2574/6092/99 2429/6093/99 2428/6094/97 

v -44.1533 5.85275 -5.34777
vt -1738.12 12.908
vt -1738.12 13.4648
vt -1874.39 13.2844
vt -1874.39 12.7276
f 2579/6095/97 2578/6096/97 2428/6097/97 2427/6098/97 

vt 210.542 232.052
f 2577/6089/361 2578/6090/361 2579/6099/361

v -44.1533 5.85725 -5.34963
vt 210.615 232.229
f 2577/6089/361 2579/6099/361 2580/6100/361

v -44.1533 5.85275 -5.41139
vt 213.047 232.052
f 2580/6100/361 2579/6099/361 2581/6101/361

vt 1738.1 213.047
vt 1738.1 210.542
vt 1874.37 210.542
vt 1874.37 213.047
f 2581/6102/99 2579/6103/97 2427/6104/97 2426/6105/99 

v -44.1533 5.86275 -5.42139
vt 1738.52 312.987
vt 1738.52 312.43
vt 1874.78 312.25
vt 1874.78 312.807
f 2582/6106/99 2581/6107/99 2426/6108/99 2425/6109/99 

v -44.1533 5.86725 -5.41953
vt 213.367 232.623
vt 213.441 232.446
f 2583/6110/361 2581/6101/361 2582/6111/361

v -44.1533 5.85725 -5.40953
vt 212.974 232.229
f 2584/6112/361 2581/6101/361 2583/6110/361

f 2580/6100/361 2581/6101/361 2584/6112/361

vt -1738.1 210.615
vt -1738.1 212.974
vt -1874.37 212.974
vt -1874.37 210.615
f 2580/6113/75 2584/6114/74 2385/6115/74 2384/6116/75 

vt -1738.52 312.504
vt -1738.52 313.06
vt -1874.78 312.88
vt -1874.78 312.323
f 2584/6117/74 2583/6118/74 2386/6119/74 2385/6120/74 

vt -1738.1 213.367
v -44.1533 5.86725 -5.43723
vt -1738.1 214.064
vt -1874.37 214.064
vt -1874.37 213.367
f 2583/6121/74 2585/6122/75 2387/6123/75 2386/6124/74 

vt 214.064 232.623
f 2583/6110/361 2582/6111/361 2585/6125/361

v -44.1533 5.86275 -5.43537
vt 213.991 232.446
f 2585/6125/361 2582/6111/361 2586/6126/361

vt 1738.1 213.991
vt 1738.1 213.441
vt 1874.37 213.441
vt 1874.37 213.991
f 2586/6127/97 2582/6128/99 2425/6129/99 2424/6130/97 

v -44.1533 5.85275 -5.44537
vt -1738.12 10.1909
vt -1738.12 10.7477
vt -1874.38 10.5673
vt -1874.38 10.0106
f 2587/6131/97 2586/6132/97 2424/6133/97 2423/6134/97 

vt 214.384 232.052
f 2585/6125/361 2586/6126/361 2587/6135/361

v -44.1533 5.85725 -5.44723
vt 214.458 232.229
f 2585/6125/361 2587/6135/361 2588/6136/361

v -44.1533 5.85275 -5.50984
vt 216.923 232.052
f 2588/6136/361 2587/6135/361 2589/6137/361

vt 1738.1 216.923
vt 1738.1 214.384
vt 1874.37 214.384
vt 1874.37 216.923
f 2589/6138/371 2587/6139/97 2423/6140/97 2422/6141/371 

v -44.1533 5.89475 -5.53384
vt 1738.44 309.131
vt 1738.43 307.226
vt 1874.7 307.079
vt 1874.7 308.984
f 2590/6142/86 2589/6143/86 2422/6144/86 2421/6145/86 

v -44.1533 5.89925 -5.53123
vt 217.765 233.883
vt 217.868 233.706
f 2591/6146/361 2589/6137/361 2590/6147/361

v -44.1533 5.85725 -5.50723
vt 216.82 232.229
f 2592/6148/361 2589/6137/361 2591/6146/361

f 2588/6136/361 2589/6137/361 2592/6148/361

vt -1738.1 214.458
vt -1738.1 216.82
vt -1874.37 216.82
vt -1874.37 214.458
f 2588/6149/75 2592/6150/372 2389/6151/372 2388/6152/75 

vt -1738.43 307.329
vt -1738.44 309.233
vt -1874.7 309.086
vt -1874.7 307.182
f 2592/6153/77 2591/6154/77 2390/6155/77 2389/6156/77 

vt -1738.1 217.765
vn -0.000936004 1 7.6259e-16
v -44.1533 5.89925 -5.56123
vt -1738.1 218.946
vt -1874.37 218.946
vt -1874.37 217.765
f 2591/6157/375 2593/6158/375 2391/6159/375 2390/6160/375 

vt 218.946 233.883
f 2591/6146/361 2590/6147/361 2593/6161/361

v -44.1533 5.89475 -5.55862
vt 218.843 233.706
f 2593/6161/361 2590/6147/361 2594/6162/361

vt 1738.1 218.843
vt 1738.1 217.868
vt 1874.37 217.868
vt 1874.37 218.843
f 2594/6163/374 2590/6164/374 2421/6165/374 2420/6166/374 

v -44.1533 5.85275 -5.58262
vt -1738.2 90.5569
vt -1738.2 92.4614
vt -1874.47 92.3145
vt -1874.47 90.41
f 2595/6167/71 2594/6168/71 2420/6169/71 2419/6170/71 

vt 219.788 232.052
f 2593/6161/361 2594/6162/361 2595/6171/361

v -44.1533 5.85725 -5.58523
vt 219.891 232.229
f 2593/6161/361 2595/6171/361 2596/6172/361

v -44.1533 5.85275 -5.64709
vt 222.326 232.052
f 2596/6172/361 2595/6171/361 2597/6173/361

vt 1738.1 222.326
vt 1738.1 219.788
vt 1874.37 219.788
vt 1874.37 222.326
f 2597/6174/99 2595/6175/371 2419/6176/371 2418/6177/99 

v -44.1533 5.86275 -5.65709
vt 1738.53 319.549
vt 1738.53 318.992
vt 1874.79 318.812
vt 1874.79 319.368
f 2598/6178/99 2597/6179/99 2418/6180/99 2417/6181/99 

v -44.1533 5.86725 -5.65523
vt 222.647 232.623
vt 222.72 232.446
f 2599/6182/361 2597/6173/361 2598/6183/361

v -44.1533 5.85725 -5.64523
vt 222.253 232.229
f 2600/6184/361 2597/6173/361 2599/6182/361

f 2596/6172/361 2597/6173/361 2600/6184/361

vt -1738.1 219.891
vt -1738.1 222.253
vt -1874.37 222.253
vt -1874.37 219.891
f 2596/6185/372 2600/6186/74 2393/6187/74 2392/6188/372 

vt -1738.53 319.065
vt -1738.53 319.622
vt -1874.79 319.442
vt -1874.79 318.885
f 2600/6189/74 2599/6190/74 2394/6191/74 2393/6192/74 

vt -1738.1 222.647
v -44.1533 5.86725 -5.67293
vt -1738.1 223.344
vt -1874.37 223.344
vt -1874.37 222.647
f 2599/6193/74 2601/6194/75 2395/6195/75 2394/6196/74 

vt 223.344 232.623
f 2599/6182/361 2598/6183/361 2601/6197/361

v -44.1533 5.86275 -5.67107
vt 223.27 232.446
f 2601/6197/361 2598/6183/361 2602/6198/361

vt 1738.1 223.27
vt 1738.1 222.72
vt 1874.37 222.72
vt 1874.37 223.27
f 2602/6199/97 2598/6200/99 2417/6201/99 2416/6202/97 

v -44.1533 5.85275 -5.68107
vt -1738.11 3.62932
vt -1738.11 4.1861
vt -1874.38 4.00572
vt -1874.37 3.44894
f 2603/6203/97 2602/6204/97 2416/6205/97 2415/6206/97 

vt 223.664 232.052
f 2601/6197/361 2602/6198/361 2603/6207/361

v -44.1533 5.85725 -5.68293
vt 223.737 232.229
f 2601/6197/361 2603/6207/361 2604/6208/361

v -44.1533 5.85275 -5.74479
vt 226.173 232.052
f 2604/6208/361 2603/6207/361 2605/6209/361

vt 1738.1 226.173
vt 1738.1 223.664
vt 1874.37 223.664
vt 1874.37 226.173
f 2605/6210/99 2603/6211/97 2415/6212/97 2414/6213/99 

v -44.1533 5.86275 -5.75479
vt 1738.53 322.269
vt 1738.53 321.712
vt 1874.8 321.531
vt 1874.8 322.088
f 2606/6214/99 2605/6215/99 2414/6216/99 2413/6217/99 

v -44.1533 5.86725 -5.75293
vt 226.493 232.623
vt 226.567 232.446
f 2607/6218/361 2605/6209/361 2606/6219/361

v -44.1533 5.85725 -5.74293
vt 226.1 232.229
f 2608/6220/361 2605/6209/361 2607/6218/361

f 2604/6208/361 2605/6209/361 2608/6220/361

vt -1738.1 223.737
vt -1738.1 226.1
vt -1874.37 226.1
vt -1874.37 223.737
f 2604/6221/75 2608/6222/74 2397/6223/74 2396/6224/75 

vt -1738.53 321.785
vt -1738.53 322.342
vt -1874.8 322.162
vt -1874.8 321.605
f 2608/6225/74 2607/6226/74 2398/6227/74 2397/6228/74 

vt -1738.1 226.493
v -44.1533 5.86725 -5.77063
vt -1738.1 227.19
vt -1874.37 227.19
vt -1874.37 226.493
f 2607/6229/74 2609/6230/75 2399/6231/75 2398/6232/74 

vt 227.19 232.623
f 2607/6218/361 2606/6219/361 2609/6233/361

v -44.1533 5.86275 -5.76877
vt 227.117 232.446
f 2609/6233/361 2606/6219/361 2610/6234/361

vt 1738.1 227.117
vt 1738.1 226.567
vt 1874.37 226.567
vt 1874.37 227.117
f 2610/6235/97 2606/6236/99 2413/6237/99 2412/6238/97 

v -44.1533 5.85275 -5.77877
vt -1738.1 0.909469
vt -1738.11 1.46625
vt -1874.37 1.28587
vt -1874.37 0.729091
f 2611/6239/97 2610/6240/97 2412/6241/97 2411/6242/97 

vt 227.51 232.052
f 2609/6233/361 2610/6234/361 2611/6243/361

v -44.1533 5.85725 -5.78063
vt 227.584 232.229
f 2609/6233/361 2611/6243/361 2612/6244/361

v -44.1533 5.85275 -5.84053
vt 229.942 232.052
f 2612/6244/361 2611/6243/361 2613/6245/361

usemtl FrontColor
vt 1874.37 227.51
vt 1874.37 229.942
vt 1738.1 229.942
vt 1738.1 227.51
f 2411/6246/97 2410/6247/233 2613/6248/233 2611/6249/97 

v -44.1533 5.85275 -5.84314
vt 1738.1 230.045
vn 0.000936004 -1 -7.59798e-16
vt 1874.37 230.045
f 2614/6250/376 2613/6248/376 2410/6247/376 2409/6251/376 

usemtl White1
v -44.1533 5.89925 -5.86453
vt 230.887 233.883
vt 230.045 232.052
f 2615/6252/361 2613/6245/361 2614/6253/361

v -44.1533 5.85725 -5.84053
vt 229.942 232.229
f 2616/6254/361 2613/6245/361 2615/6252/361

f 2612/6244/361 2613/6245/361 2616/6254/361

vt -1874.37 227.584
vt -1738.1 227.584
vt -1738.1 229.942
vn -0.000936004 1 5.3158e-12
vt -1874.37 229.942
f 2400/6255/75 2612/6256/75 2616/6257/377 2401/6258/377 

vt 1738.11 1.53963
vt 1738.1 0.982853
vt 1874.37 0.802475
vt 1874.37 1.35925
f 2609/6259/75 2612/6260/75 2400/6261/75 2399/6262/75 

usemtl FrontColor
vt -1738.44 313.839
vt -1738.44 315.744
vt -1874.71 315.597
vt -1874.71 313.692
f 2616/6263/77 2615/6264/77 2402/6265/77 2401/6266/77 

vt -1738.1 230.887
vn -0.000936004 1 4.8795e-14
v -44.1533 5.89925 -5.89453
vt -1738.1 232.068
vt -1874.37 232.068
vt -1874.37 230.887
f 2615/6267/378 2617/6268/378 2403/6269/378 2402/6270/378 

usemtl White1
v -44.1533 5.89475 -5.86714
vt 230.99 233.706
vt 232.068 233.883
f 2615/6252/361 2618/6271/361 2617/6272/361

v -44.1533 5.88125 -5.85943
vt 230.686 233.174
f 2615/6252/361 2619/6273/361 2618/6271/361

v -44.1533 5.86063 -5.84764
vt 230.222 232.362
f 2615/6252/361 2620/6274/361 2619/6273/361

f 2615/6252/361 2614/6253/361 2620/6274/361

usemtl FrontColor
vt 1738.44 314.094
vt 1738.44 313.736
vt 1874.71 313.59
vt 1874.71 313.947
f 2620/6275/86 2614/6276/86 2409/6277/86 2408/6278/86 

usemtl Color_007
vt 230.379 231.859
v -44.1533 5.8485 -5.84314
vt 230.379 231.692
v -44.1533 5.85637 -5.84764
vt 230.556 232.002
vt 230.556 232.169
f 2614/6279/273 2621/6280/273 2622/6281/273 2620/6282/273 

usemtl FrontColor
vn -8.88178e-16 -1.6255e-11 1
vt -1874.59 230.296
v -47.6144 5.80901 -5.84314
vt -1874.58 228.701
v -47.513 5.80911 -5.84314
vt -1870.59 228.705
v -44.1532 5.81225 -5.84314
f 2621/4370/379 2614/4371/379 2409/6283/379 2623/6284/379 2624/6285/379 2625/4375/379 

usemtl Color_007
vn -1 -0.000936004 4.78348e-12
v -47.6144 5.80901 -5.84764
vt -230.222 230.456
vt -230.045 230.456
f 2408/5753/380 2626/6286/380 2623/6287/380 2409/5754/380 

vn -1.03412e-12 -5.36558e-11 -1
v -44.1532 5.81225 -5.84764
v -47.513 5.80911 -5.84764
vt 1870.59 228.705
vt 1874.58 228.701
vt 1874.59 230.606
f 2622/4378/381 2627/4379/381 2628/6288/381 2626/6289/381 2408/6290/381 2620/4383/381 

vt -230.163 232.208
vt -230.163 230.471
vt -229.986 230.471
vt -229.986 231.898
f 2622/6291/277 2627/6292/277 2625/6293/277 2621/6294/277 

vn -1.181e-12 -8.98725e-11 -1
v -39.6032 5.81225 -5.84764
v -44.1532 5.808 -5.84764
f 2305/4388/382 2629/3038/382 2630/3037/382 2627/4379/382 2622/4378/382 

vt 230.222 230.288
vn 1 0.000936004 -1.89462e-12
v -39.6032 5.81225 -5.84314
vt 230.045 230.288
f 2629/6295/383 2305/5624/383 2304/5623/383 2631/6296/383 

usemtl FrontColor
vt 1559.31 314.141
vt 1559.31 313.784
vt 1738.44 313.591
vt 1738.44 313.948
f 2305/6297/86 2304/6298/86 2621/6299/86 2622/6300/86 

vt 1558.97 230.045
vt 1558.97 229.942
v -44.1533 5.8485 -5.84053
f 2304/6301/280 2303/6302/280 2632/6248/280 2621/6250/280 

v -44.1533 5.8485 -5.77877
vt 1558.97 227.51
f 2633/6249/97 2632/6248/98 2303/6302/98 2302/6303/97 

vt -227.51 231.881
v -44.1533 5.853 -5.78063
vt -227.584 232.058
vt -229.942 231.881
f 2633/6304/367 2634/6305/367 2632/6306/367

v -44.1533 5.863 -5.77063
vt -227.19 232.452
f 2633/6304/367 2635/6307/367 2634/6305/367

v -44.1533 5.8585 -5.76877
vt -227.117 232.274
f 2636/6308/367 2635/6307/367 2633/6304/367

v -44.1533 5.8585 -5.75479
vt -226.567 232.274
f 2637/6309/367 2635/6307/367 2636/6308/367

v -44.1533 5.863 -5.75293
vt -226.493 232.452
f 2637/6309/367 2638/6310/367 2635/6307/367

v -44.1533 5.8485 -5.74479
vt -226.173 231.881
f 2639/6311/367 2638/6310/367 2637/6309/367

v -44.1533 5.853 -5.74293
vt -226.1 232.058
f 2639/6311/367 2640/6312/367 2638/6310/367

v -44.1533 5.853 -5.68293
vt -223.737 232.058
f 2639/6311/367 2641/6313/367 2640/6312/367

v -44.1533 5.8485 -5.68107
vt -223.664 231.881
f 2642/6314/367 2641/6313/367 2639/6311/367

v -44.1533 5.863 -5.67293
vt -223.344 232.452
f 2642/6314/367 2643/6315/367 2641/6313/367

v -44.1533 5.8585 -5.67107
vt -223.27 232.274
f 2644/6316/367 2643/6315/367 2642/6314/367

v -44.1533 5.8585 -5.65709
vt -222.72 232.274
f 2645/6317/367 2643/6315/367 2644/6316/367

v -44.1533 5.863 -5.65523
vt -222.647 232.452
f 2645/6317/367 2646/6318/367 2643/6315/367

v -44.1533 5.8485 -5.64709
vt -222.326 231.881
f 2647/6319/367 2646/6318/367 2645/6317/367

v -44.1533 5.853 -5.64523
vt -222.253 232.058
f 2647/6319/367 2648/6320/367 2646/6318/367

v -44.1533 5.853 -5.58523
vt -219.891 232.058
f 2647/6319/367 2649/6321/367 2648/6320/367

v -44.1533 5.8485 -5.58262
vt -219.788 231.881
f 2650/6322/367 2649/6321/367 2647/6319/367

v -44.1533 5.895 -5.56123
vt -218.946 233.711
f 2650/6322/367 2651/6323/367 2649/6321/367

v -44.1533 5.8905 -5.55862
vt -218.843 233.534
f 2652/6324/367 2651/6323/367 2650/6322/367

v -44.1533 5.8905 -5.53384
vt -217.868 233.534
f 2653/6325/367 2651/6323/367 2652/6324/367

v -44.1533 5.895 -5.53123
vt -217.765 233.711
f 2653/6325/367 2654/6326/367 2651/6323/367

v -44.1533 5.8485 -5.50984
vt -216.923 231.881
f 2655/6327/367 2654/6326/367 2653/6325/367

v -44.1533 5.853 -5.50723
vt -216.82 232.058
f 2655/6327/367 2656/6328/367 2654/6326/367

v -44.1533 5.853 -5.44723
vt -214.458 232.058
f 2655/6327/367 2657/6329/367 2656/6328/367

v -44.1533 5.8485 -5.44537
vt -214.384 231.881
f 2658/6330/367 2657/6329/367 2655/6327/367

v -44.1533 5.863 -5.43723
vt -214.064 232.452
f 2658/6330/367 2659/6331/367 2657/6329/367

v -44.1533 5.8585 -5.43537
vt -213.991 232.274
f 2660/6332/367 2659/6331/367 2658/6330/367

v -44.1533 5.8585 -5.42139
vt -213.441 232.274
f 2661/6333/367 2659/6331/367 2660/6332/367

v -44.1533 5.863 -5.41953
vt -213.367 232.452
f 2661/6333/367 2662/6334/367 2659/6331/367

v -44.1533 5.8485 -5.41139
vt -213.047 231.881
f 2663/6335/367 2662/6334/367 2661/6333/367

v -44.1533 5.853 -5.40953
vt -212.974 232.058
f 2663/6335/367 2664/6336/367 2662/6334/367

v -44.1533 5.853 -5.34963
vt -210.615 232.058
f 2663/6335/367 2665/6337/367 2664/6336/367

v -44.1533 5.8485 -5.34777
vt -210.542 231.881
f 2666/6338/367 2665/6337/367 2663/6335/367

v -44.1533 5.863 -5.33963
vt -210.222 232.452
f 2666/6338/367 2667/6339/367 2665/6337/367

v -44.1533 5.8585 -5.33777
vt -210.148 232.274
f 2668/6340/367 2667/6339/367 2666/6338/367

v -44.1533 5.8585 -5.32379
vt -209.598 232.274
f 2669/6341/367 2667/6339/367 2668/6340/367

v -44.1533 5.863 -5.32193
vt -209.525 232.452
f 2669/6341/367 2670/6342/367 2667/6339/367

v -44.1533 5.8485 -5.31379
vt -209.204 231.881
f 2671/6343/367 2670/6342/367 2669/6341/367

v -44.1533 5.853 -5.31193
vt -209.131 232.058
f 2671/6343/367 2672/6344/367 2670/6342/367

v -44.1533 5.853 -5.25193
vt -206.769 232.058
f 2671/6343/367 2673/6345/367 2672/6344/367

v -44.1533 5.8485 -5.24932
vt -206.666 231.881
f 2674/6346/367 2673/6345/367 2671/6343/367

v -44.1533 5.895 -5.22793
vt -205.824 233.711
f 2674/6346/367 2675/6347/367 2673/6345/367

v -44.1533 5.8905 -5.22532
vt -205.721 233.534
f 2676/6348/367 2675/6347/367 2674/6346/367

v -44.1533 5.8905 -5.20054
vt -204.746 233.534
f 2677/6349/367 2675/6347/367 2676/6348/367

v -44.1533 5.895 -5.19793
vt -204.643 233.711
f 2677/6349/367 2678/6350/367 2675/6347/367

v -44.1533 5.8485 -5.17654
vt -203.801 231.881
f 2679/6351/367 2678/6350/367 2677/6349/367

v -44.1533 5.853 -5.17393
vt -203.698 232.058
f 2679/6351/367 2680/6352/367 2678/6350/367

v -44.1533 5.853 -5.11393
vt -201.336 232.058
f 2679/6351/367 2681/6353/367 2680/6352/367

v -44.1533 5.8485 -5.11207
vt -201.262 231.881
f 2682/6354/367 2681/6353/367 2679/6351/367

v -44.1533 5.863 -5.10393
vt -200.942 232.452
f 2682/6354/367 2683/6355/367 2681/6353/367

v -44.1533 5.8585 -5.10207
vt -200.869 232.274
f 2684/6356/367 2683/6355/367 2682/6354/367

v -44.1533 5.8585 -5.08814
vt -200.321 232.274
f 2685/6357/367 2683/6355/367 2684/6356/367

v -44.1533 5.863 -5.08628
vt -200.247 232.452
f 2685/6357/367 2686/6358/367 2683/6355/367

v -44.1533 5.8485 -5.07814
vt -199.927 231.881
f 2687/6359/367 2686/6358/367 2685/6357/367

v -44.1533 5.853 -5.07628
vt -199.854 232.058
f 2687/6359/367 2688/6360/367 2686/6358/367

v -44.1533 5.853 -5.01628
vt -197.491 232.058
f 2687/6359/367 2689/6361/367 2688/6360/367

v -44.1533 5.8485 -5.01442
vt -197.418 231.881
f 2690/6362/367 2689/6361/367 2687/6359/367

v -44.1533 5.863 -5.00628
vt -197.098 232.452
f 2690/6362/367 2691/6363/367 2689/6361/367

v -44.1533 5.8585 -5.00442
vt -197.024 232.274
f 2692/6364/367 2691/6363/367 2690/6362/367

v -44.1533 5.8585 -4.99049
vt -196.476 232.274
f 2693/6365/367 2691/6363/367 2692/6364/367

v -44.1533 5.863 -4.98863
vt -196.403 232.452
f 2693/6365/367 2694/6366/367 2691/6363/367

f 2549/5957/367 2694/6366/367 2693/6365/367

v -44.1533 5.853 -4.97863
vt -196.009 232.058
f 2549/5957/367 2695/6367/367 2694/6366/367

f 2549/5957/367 2349/5956/367 2695/6367/367

usemtl White1
vt -1558.97 193.443
vt -1558.97 196.009
f 2349/5802/73 2264/6368/73 2345/6369/74 2695/5803/74 

vt -1559.37 300.627
vt -1559.37 301.183
vt -1738.5 300.946
vt -1738.5 300.389
f 2345/6370/74 2344/6371/74 2694/6372/74 2695/6373/74 

vt -1558.97 196.403
vt -1558.97 197.098
f 2344/6374/74 2343/6375/75 2691/5978/75 2694/5977/74 

vt 1559 22.9368
vt 1559 22.38
vt 1738.13 22.1429
vt 1738.13 22.6997
f 2343/6376/75 2342/6377/75 2689/6378/75 2691/6379/75 

vt -1558.97 197.491
vt -1558.97 199.854
f 2342/6380/75 2341/6381/74 2688/6006/74 2689/6005/75 

vt -1559.37 303.345
vt -1559.37 303.902
vt -1738.51 303.665
vt -1738.5 303.108
f 2341/6382/74 2340/6383/74 2686/6384/74 2688/6385/74 

vt -1558.97 200.247
vt -1558.97 200.942
f 2340/6386/74 2339/6387/75 2683/6014/75 2686/6013/74 

vt 1559 20.2183
vt 1559 19.6616
vt 1738.13 19.4244
vt 1738.13 19.9812
f 2339/6388/75 2338/6389/75 2681/6390/75 2683/6391/75 

vt -1558.97 201.336
vt -1558.97 203.698
f 2338/6392/75 2337/6393/8 2680/6042/8 2681/6041/75 

vt -1559.29 300.866
vt -1559.3 302.771
vt -1738.43 302.577
vt -1738.43 300.673
f 2337/6394/77 2336/6395/77 2678/6396/77 2680/6397/77 

vt -1558.97 204.643
vt -1558.97 205.824
f 2336/6398/353 2335/6399/353 2675/6050/353 2678/6049/353 

vt 1559.08 99.1221
vt 1559.07 97.2176
vt 1738.21 97.0245
vt 1738.21 98.929
f 2335/6400/79 2334/6401/79 2673/6402/79 2675/6403/79 

vt -1558.97 206.769
vt -1558.97 209.131
f 2334/6404/334 2333/6405/74 2672/6078/74 2673/6077/334 

vt -1559.38 309.905
vt -1559.38 310.462
vt -1738.51 310.225
vt -1738.51 309.668
f 2333/6406/74 2332/6407/74 2670/6408/74 2672/6409/74 

vt -1558.97 209.525
vt -1558.97 210.222
f 2332/6410/74 2331/6411/75 2667/6086/75 2670/6085/74 

vt 1558.99 13.6567
vt 1558.99 13.0999
vt 1738.12 12.8628
vt 1738.12 13.4196
f 2331/6412/75 2330/6413/75 2665/6414/75 2667/6415/75 

vt -1558.97 210.615
vt -1558.97 212.974
f 2330/6416/75 2329/6417/74 2664/6114/74 2665/6113/75 

vt -1559.38 312.622
vt -1559.38 313.179
vt -1738.52 312.942
vt -1738.52 312.385
f 2329/6418/74 2328/6419/74 2662/6420/74 2664/6421/74 

vt -1558.97 213.367
vt -1558.97 214.064
f 2328/6422/74 2327/6423/75 2659/6122/75 2662/6121/74 

vt 1558.98 10.9397
vt 1558.98 10.3829
vt 1738.12 10.1458
vt 1738.12 10.7025
f 2327/6424/75 2326/6425/75 2657/6426/75 2659/6427/75 

vt -1558.97 214.458
vt -1558.97 216.82
f 2326/6428/75 2325/6429/334 2656/6150/334 2657/6149/75 

vt -1559.3 307.376
vt -1559.3 309.281
vt -1738.44 309.088
vt -1738.43 307.183
f 2325/6430/77 2324/6431/77 2654/6432/77 2656/6433/77 

vt -1558.97 217.765
vn -0.000936004 1 7.61532e-16
vt -1558.97 218.946
f 2324/6434/384 2323/6435/384 2651/6158/384 2654/6157/384 

vt 1559.07 92.6117
vt 1559.07 90.7072
vt 1738.2 90.5141
vt 1738.2 92.4186
f 2323/6436/79 2322/6437/79 2649/6438/79 2651/6439/79 

vt -1558.97 219.891
vt -1558.97 222.253
f 2322/6440/334 2321/6441/74 2648/6186/74 2649/6185/334 

vt -1559.39 319.184
vt -1559.39 319.741
vt -1738.53 319.504
vt -1738.53 318.947
f 2321/6442/74 2320/6443/74 2646/6444/74 2648/6445/74 

vt -1558.97 222.647
vt -1558.97 223.344
f 2320/6446/74 2319/6447/75 2643/6194/75 2646/6193/74 

vt 1558.97 4.37804
vt 1558.97 3.82127
vt 1738.11 3.58415
vt 1738.11 4.14092
f 2319/6448/75 2318/6449/75 2641/6450/75 2643/6451/75 

vt -1558.97 223.737
vt -1558.97 226.1
f 2318/6452/75 2317/6453/74 2640/6222/74 2641/6221/75 

vt -1559.4 321.904
vt -1559.4 322.461
vt -1738.53 322.223
vt -1738.53 321.667
f 2317/6454/74 2316/6455/74 2638/6456/74 2640/6457/74 

vt -1558.97 226.493
vt -1558.97 227.19
f 2316/6458/74 2315/6459/75 2635/6230/75 2638/6229/74 

vt 1558.97 1.65819
vt 1558.97 1.10141
vt 1738.1 0.864292
vt 1738.11 1.42107
f 2315/6460/75 2314/6461/75 2634/6462/75 2635/6463/75 

vt -1558.97 227.584
vt -1558.97 229.942
v -44.1533 5.853 -5.84053
f 2634/6256/75 2314/6464/75 2313/6465/249 2696/6257/249 

usemtl FrontColor
vt -1559.31 313.887
vt -1559.31 315.791
v -44.1533 5.895 -5.86453
vt -1738.44 315.598
vt -1738.44 313.694
f 2313/6466/77 2312/6467/77 2697/6468/77 2696/6469/77 

vt -1558.97 230.887
vn -0.000936004 1 4.88177e-14
vt -1558.97 232.068
v -44.1533 5.895 -5.89453
f 2312/6470/385 2311/6471/385 2698/6268/385 2697/6267/385 

vt 1559.06 86.1014
vt 1559.06 85.6933
v -44.1533 5.886 -5.89967
vt 1738.19 85.5001
v -44.1533 5.89025 -5.89724
vt 1738.2 85.6933
vt 1738.2 85.9082
f 2311/6472/79 2310/6473/79 2699/6474/79 2700/6475/79 2698/6476/79 

vt 1558.97 232.271
vn 0.000936004 -1 2.37715e-15
vt 1558.97 232.066
v -44.1533 5.886 -5.89449
vt 1738.1 232.066
v -44.1533 5.886 -5.89692
vt 1738.1 232.162
vt 1738.1 232.271
f 2310/6477/386 2309/6478/386 2701/6479/386 2702/6480/386 2699/6481/386 

usemtl White1
v -39.6033 5.85725 -5.91335
vt -1559.06 84.2981
vt -1559.06 85.7945
vt -1738.19 85.6014
v -44.1533 5.853 -5.91335
vt -1738.19 84.105
f 2703/6482/71 2309/6483/71 2701/6484/71 2704/6485/71 

v -39.6033 5.85275 -6.84043
vt 269.308 231.883
vn 1 0.000936004 6.19588e-13
v -39.6033 5.85275 -6.84236
vt 269.384 231.883
v -39.6033 5.86063 -6.84236
vt 269.384 232.193
v -39.6033 5.85725 -6.84043
vt 269.308 232.06
v -39.6033 5.85725 -6.78053
vt 266.95 232.06
v -39.6033 5.86725 -6.77053
vt 266.556 232.454
v -39.6033 5.86725 -6.75283
vt 265.859 232.454
v -39.6033 5.85725 -6.74283
vt 265.466 232.06
v -39.6033 5.85725 -6.68283
vt 263.104 232.06
v -39.6033 5.86725 -6.67283
vt 262.71 232.454
v -39.6033 5.86725 -6.65513
vt 262.013 232.454
v -39.6033 5.85725 -6.64513
vt 261.619 232.06
v -39.6033 5.85725 -6.58513
vt 259.257 232.06
v -39.6033 5.89925 -6.56113
vt 258.312 233.713
v -39.6033 5.89925 -6.53113
vt 257.131 233.713
v -39.6033 5.85725 -6.50713
vt 256.186 232.06
v -39.6033 5.85725 -6.44713
vt 253.824 232.06
v -39.6033 5.86725 -6.43713
vt 253.43 232.454
v -39.6033 5.86725 -6.41943
vt 252.733 232.454
v -39.6033 5.85725 -6.40943
vt 252.34 232.06
v -39.6033 5.85725 -6.34953
vt 249.981 232.06
v -39.6033 5.86725 -6.33953
vt 249.588 232.454
v -39.6033 5.86725 -6.32183
vt 248.891 232.454
v -39.6033 5.85725 -6.31183
vt 248.497 232.06
v -39.6033 5.85725 -6.25183
vt 246.135 232.06
v -39.6033 5.89925 -6.22783
vt 245.19 233.713
v -39.6033 5.89925 -6.19783
vt 244.009 233.713
v -39.6033 5.85725 -6.17383
vt 243.064 232.06
v -39.6033 5.85725 -6.11383
vt 240.702 232.06
v -39.6033 5.86725 -6.10383
vt 240.308 232.454
v -39.6033 5.86725 -6.08618
vt 239.613 232.454
v -39.6033 5.85725 -6.07618
vt 239.22 232.06
v -39.6033 5.85725 -6.01618
vt 236.857 232.06
v -39.6033 5.86725 -6.00618
vt 236.464 232.454
v -39.6033 5.86725 -5.98853
vt 235.769 232.454
v -39.6033 5.85725 -5.97853
vt 235.375 232.06
vt 232.809 232.06
v -39.6033 5.88125 -5.86453
vt 230.887 233.005
v -39.6033 5.89025 -5.86975
vt 231.093 233.359
v -39.6033 5.89025 -5.88931
vt 231.862 233.359
v -39.6033 5.85275 -5.91073
vt 232.706 231.883
v -39.6033 5.85275 -5.98039
vt 235.449 231.883
v -39.6033 5.86275 -5.99039
vt 235.842 232.276
v -39.6033 5.86275 -6.00432
vt 236.39 232.276
v -39.6033 5.85275 -6.01432
vt 236.784 231.883
v -39.6033 5.85275 -6.07804
vt 239.293 231.883
v -39.6033 5.86275 -6.08804
vt 239.687 232.276
v -39.6033 5.86275 -6.10197
vt 240.235 232.276
v -39.6033 5.85275 -6.11197
vt 240.629 231.883
v -39.6033 5.85275 -6.17644
vt 243.167 231.883
v -39.6033 5.89475 -6.20044
vt 244.112 233.536
v -39.6033 5.89475 -6.22522
vt 245.087 233.536
v -39.6033 5.85275 -6.24922
vt 246.032 231.883
v -39.6033 5.85275 -6.31369
vt 248.571 231.883
v -39.6033 5.86275 -6.32369
vt 248.964 232.276
v -39.6033 5.86275 -6.33767
vt 249.514 232.276
v -39.6033 5.85275 -6.34767
vt 249.908 231.883
v -39.6033 5.85275 -6.41129
vt 252.413 231.883
v -39.6033 5.86275 -6.42129
vt 252.807 232.276
v -39.6033 5.86275 -6.43527
vt 253.357 232.276
v -39.6033 5.85275 -6.44527
vt 253.751 231.883
v -39.6033 5.85275 -6.50974
vt 256.289 231.883
v -39.6033 5.89475 -6.53374
vt 257.234 233.536
v -39.6033 5.89475 -6.55852
vt 258.209 233.536
v -39.6033 5.85275 -6.58252
vt 259.154 231.883
v -39.6033 5.85275 -6.64699
vt 261.693 231.883
v -39.6033 5.86275 -6.65699
vt 262.086 232.276
v -39.6033 5.86275 -6.67097
vt 262.636 232.276
v -39.6033 5.85275 -6.68097
vt 263.03 231.883
v -39.6033 5.85275 -6.74469
vt 265.539 231.883
v -39.6033 5.86275 -6.75469
vt 265.933 232.276
v -39.6033 5.86275 -6.76867
vt 266.483 232.276
v -39.6033 5.85275 -6.77867
vt 266.877 231.883
f 2705/6486/387 2706/6487/387 2707/6488/387 2708/6489/387 2709/6490/387 2710/6491/387 2711/6492/387 2712/6493/387 2713/6494/387 2714/6495/387 2715/6496/387 2716/6497/387 2717/6498/387 2718/6499/387 2719/6500/387 2720/6501/387 2721/6502/387 2722/6503/387 2723/6504/387 2724/6505/387 2725/6506/387 2726/6507/387 2727/6508/387 2728/6509/387 2729/6510/387 2730/6511/387 2731/6512/387 2732/6513/387 2733/6514/387 2734/6515/387 2735/6516/387 2736/6517/387 2737/6518/387 2738/6519/387 2739/6520/387 2740/6521/387 2703/6522/387 2309/5628/387 2308/5627/387 2307/5626/387 2306/5625/387 2741/6523/387 2742/6524/387 2743/6525/387 2744/6526/387 2745/6527/387 2746/6528/387 2747/6529/387 2748/6530/387 2749/6531/387 2750/6532/387 2751/6533/387 2752/6534/387 2753/6535/387 2754/6536/387 2755/6537/387 2756/6538/387 2757/6539/387 2758/6540/387 2759/6541/387 2760/6542/387 2761/6543/387 2762/6544/387 2763/6545/387 2764/6546/387 2765/6547/387 2766/6548/387 2767/6549/387 2768/6550/387 2769/6551/387 2770/6552/387 2771/6553/387 2772/6554/387 2773/6555/387 2774/6556/387 2775/6557/387 2776/6558/387 

usemtl FrontColor
vt 1558.97 269.384
vn 0.000936004 -1 -5.39178e-13
vt 1558.97 269.308
v -44.1533 5.8485 -6.84043
vt 1738.1 269.308
v -44.1533 5.8485 -6.84304
vt 1738.1 269.411
v -39.6033 5.85275 -6.84304
vt 1558.97 269.411
f 2706/6559/388 2705/6560/388 2777/6561/388 2778/6562/388 2779/6563/388 

v -44.1533 5.8485 -6.77867
vt 1738.1 266.877
vt 1558.97 266.877
f 2780/6564/97 2777/6561/286 2705/6560/286 2776/6565/97 

vt -266.877 231.882
vn -1 -0.000935555 -4.01828e-09
v -44.1533 5.853 -6.78053
vt -266.95 232.059
vt -269.308 231.882
f 2780/6566/389 2781/6567/389 2777/6568/389

v -44.1533 5.863 -6.77053
vt -266.556 232.453
f 2780/6566/389 2782/6569/389 2781/6567/389

v -44.1533 5.8585 -6.76867
vt -266.483 232.276
f 2783/6570/389 2782/6569/389 2780/6566/389

v -44.1533 5.8585 -6.75469
vt -265.933 232.276
f 2784/6571/389 2782/6569/389 2783/6570/389

v -44.1533 5.863 -6.75283
vt -265.859 232.453
f 2784/6571/389 2785/6572/389 2782/6569/389

v -44.1533 5.8485 -6.74469
vt -265.539 231.882
f 2786/6573/389 2785/6572/389 2784/6571/389

v -44.1533 5.853 -6.74283
vt -265.466 232.059
f 2786/6573/389 2787/6574/389 2785/6572/389

v -44.1533 5.853 -6.68283
vt -263.103 232.059
f 2786/6573/389 2788/6575/389 2787/6574/389

v -44.1533 5.8485 -6.68097
vt -263.03 231.882
f 2789/6576/389 2788/6575/389 2786/6573/389

v -44.1533 5.863 -6.67283
vt -262.71 232.453
f 2789/6576/389 2790/6577/389 2788/6575/389

v -44.1533 5.8585 -6.67097
vt -262.636 232.276
f 2791/6578/389 2790/6577/389 2789/6576/389

v -44.1533 5.8585 -6.65699
vt -262.086 232.276
f 2792/6579/389 2790/6577/389 2791/6578/389

v -44.1533 5.863 -6.65513
vt -262.013 232.453
f 2792/6579/389 2793/6580/389 2790/6577/389

v -44.1533 5.8485 -6.64699
vt -261.693 231.882
f 2794/6581/389 2793/6580/389 2792/6579/389

v -44.1533 5.853 -6.64513
vt -261.619 232.059
f 2794/6581/389 2795/6582/389 2793/6580/389

v -44.1533 5.853 -6.58513
vt -259.257 232.059
f 2794/6581/389 2796/6583/389 2795/6582/389

v -44.1533 5.8485 -6.58252
vt -259.154 231.882
f 2797/6584/389 2796/6583/389 2794/6581/389

v -44.1533 5.895 -6.56113
vt -258.312 233.713
f 2797/6584/389 2798/6585/389 2796/6583/389

v -44.1533 5.8905 -6.55852
vt -258.209 233.535
f 2799/6586/389 2798/6585/389 2797/6584/389

v -44.1533 5.8905 -6.53374
vt -257.234 233.535
f 2800/6587/389 2798/6585/389 2799/6586/389

v -44.1533 5.895 -6.53113
vt -257.131 233.713
f 2800/6587/389 2801/6588/389 2798/6585/389

v -44.1533 5.8485 -6.50974
vt -256.289 231.882
f 2802/6589/389 2801/6588/389 2800/6587/389

v -44.1533 5.853 -6.50713
vt -256.186 232.059
f 2802/6589/389 2803/6590/389 2801/6588/389

v -44.1533 5.853 -6.44713
vt -253.824 232.059
f 2802/6589/389 2804/6591/389 2803/6590/389

v -44.1533 5.8485 -6.44527
vt -253.751 231.882
f 2805/6592/389 2804/6591/389 2802/6589/389

v -44.1533 5.863 -6.43713
vt -253.43 232.453
f 2805/6592/389 2806/6593/389 2804/6591/389

v -44.1533 5.8585 -6.43527
vt -253.357 232.276
f 2807/6594/389 2806/6593/389 2805/6592/389

v -44.1533 5.8585 -6.42129
vt -252.807 232.276
f 2808/6595/389 2806/6593/389 2807/6594/389

v -44.1533 5.863 -6.41943
vt -252.733 232.453
f 2808/6595/389 2809/6596/389 2806/6593/389

v -44.1533 5.8485 -6.41129
vt -252.413 231.882
f 2810/6597/389 2809/6596/389 2808/6595/389

v -44.1533 5.853 -6.40943
vt -252.34 232.059
f 2810/6597/389 2811/6598/389 2809/6596/389

v -44.1533 5.853 -6.34953
vt -249.981 232.059
f 2810/6597/389 2812/6599/389 2811/6598/389

v -44.1533 5.8485 -6.34767
vt -249.908 231.882
f 2813/6600/389 2812/6599/389 2810/6597/389

v -44.1533 5.863 -6.33953
vt -249.588 232.453
f 2813/6600/389 2814/6601/389 2812/6599/389

v -44.1533 5.8585 -6.33767
vt -249.514 232.276
f 2815/6602/389 2814/6601/389 2813/6600/389

v -44.1533 5.8585 -6.32369
vt -248.964 232.276
f 2816/6603/389 2814/6601/389 2815/6602/389

v -44.1533 5.863 -6.32183
vt -248.891 232.453
f 2816/6603/389 2817/6604/389 2814/6601/389

v -44.1533 5.8485 -6.31369
vt -248.571 231.882
f 2818/6605/389 2817/6604/389 2816/6603/389

v -44.1533 5.853 -6.31183
vt -248.497 232.059
f 2818/6605/389 2819/6606/389 2817/6604/389

v -44.1533 5.853 -6.25183
vt -246.135 232.059
f 2818/6605/389 2820/6607/389 2819/6606/389

v -44.1533 5.8485 -6.24922
vt -246.032 231.882
f 2821/6608/389 2820/6607/389 2818/6605/389

v -44.1533 5.895 -6.22783
vt -245.19 233.713
f 2821/6608/389 2822/6609/389 2820/6607/389

v -44.1533 5.8905 -6.22522
vt -245.087 233.535
f 2823/6610/389 2822/6609/389 2821/6608/389

v -44.1533 5.8905 -6.20044
vt -244.112 233.535
f 2824/6611/389 2822/6609/389 2823/6610/389

v -44.1533 5.895 -6.19783
vt -244.009 233.713
f 2824/6611/389 2825/6612/389 2822/6609/389

v -44.1533 5.8485 -6.17644
vt -243.167 231.882
f 2826/6613/389 2825/6612/389 2824/6611/389

v -44.1533 5.853 -6.17383
vt -243.064 232.059
f 2826/6613/389 2827/6614/389 2825/6612/389

v -44.1533 5.853 -6.11383
vt -240.702 232.059
f 2826/6613/389 2828/6615/389 2827/6614/389

v -44.1533 5.8485 -6.11197
vt -240.629 231.882
f 2829/6616/389 2828/6615/389 2826/6613/389

v -44.1533 5.863 -6.10383
vt -240.308 232.453
f 2829/6616/389 2830/6617/389 2828/6615/389

v -44.1533 5.8585 -6.10197
vt -240.235 232.276
f 2831/6618/389 2830/6617/389 2829/6616/389

v -44.1533 5.8585 -6.08804
vt -239.687 232.276
f 2832/6619/389 2830/6617/389 2831/6618/389

v -44.1533 5.863 -6.08618
vt -239.613 232.453
f 2832/6619/389 2833/6620/389 2830/6617/389

v -44.1533 5.8485 -6.07804
vt -239.293 231.882
f 2834/6621/389 2833/6620/389 2832/6619/389

v -44.1533 5.853 -6.07618
vt -239.22 232.059
f 2834/6621/389 2835/6622/389 2833/6620/389

v -44.1533 5.853 -6.01618
vt -236.857 232.059
f 2834/6621/389 2836/6623/389 2835/6622/389

v -44.1533 5.8485 -6.01432
vt -236.784 231.882
f 2837/6624/389 2836/6623/389 2834/6621/389

v -44.1533 5.863 -6.00618
vt -236.464 232.453
f 2837/6624/389 2838/6625/389 2836/6623/389

v -44.1533 5.8585 -6.00432
vt -236.39 232.276
f 2839/6626/389 2838/6625/389 2837/6624/389

v -44.1533 5.8585 -5.99039
vt -235.842 232.276
f 2840/6627/389 2838/6625/389 2839/6626/389

v -44.1533 5.863 -5.98853
vt -235.769 232.453
f 2840/6627/389 2841/6628/389 2838/6625/389

v -44.1533 5.8485 -5.98039
vt -235.449 231.882
f 2842/6629/389 2841/6628/389 2840/6627/389

v -44.1533 5.853 -5.97853
vt -235.375 232.059
f 2842/6629/389 2843/6630/389 2841/6628/389

vt -232.809 232.059
f 2842/6629/389 2704/6631/389 2843/6630/389

v -44.1533 5.8485 -5.91073
vt -232.706 231.882
f 2844/6632/389 2704/6631/389 2842/6629/389

vt -232.066 233.358
f 2844/6632/389 2701/6633/389 2704/6631/389

v -44.1533 5.8905 -5.89192
vt -231.965 233.535
f 2844/6632/389 2845/6634/389 2701/6633/389

v -44.1533 5.886 -5.88931
vt -231.862 233.358
f 2846/6635/389 2845/6634/389 2844/6632/389

v -44.1533 5.89025 -5.86975
vt -231.093 233.526
f 2847/6636/389 2845/6634/389 2846/6635/389

v -44.1533 5.8905 -5.86714
vt -230.99 233.535
f 2847/6636/389 2848/6637/389 2845/6634/389

v -44.1533 5.88125 -5.86453
vt -230.887 233.172
f 2849/6638/389 2848/6637/389 2847/6636/389

v -44.1533 5.88125 -5.86186
vt -230.782 233.172
f 2848/6637/389 2849/6638/389 2850/6639/389

v -44.1533 5.877 -5.86453
vt -230.887 233.004
f 2851/6640/389 2850/6639/389 2849/6638/389

v -44.1533 5.877 -5.85943
vt -230.686 233.004
f 2850/6639/389 2851/6640/389 2852/6641/389

usemtl M_0050_LemonChiffon
vt 1738.1 230.686
vt 1738.1 230.887
vt 1558.97 230.887
vt 1558.97 230.686
f 2852/6642/256 2851/6643/256 2741/6644/256 2306/6645/256 

v -44.1533 5.877 -5.86461
vt 1738.1 230.89
v -39.6033 5.88125 -5.86461
vt 1558.97 230.89
f 2851/6643/257 2853/6646/257 2854/6647/257 2741/6644/257 

usemtl FrontColor
v -44.1533 5.88125 -5.86461
vt -230.89 233.172
vt -230.89 233.004
f 2851/6640/389 2855/6648/389 2853/6649/389

f 2851/6640/389 2849/6638/389 2855/6648/389

usemtl M_0050_LemonChiffon
v -47.513 5.87811 -5.86453
vt 1870.37 230.887
vn 0.000936004 -1 -2.92118e-08
v -47.513 5.87811 -5.86461
vt 1870.37 230.89
f 2856/6650/390 2857/6651/390 2855/6646/390 2849/6643/390 

usemtl FrontColor
v -47.513 5.89161 -5.89192
vn -1 -0.000936004 5.46782e-15
v -47.513 5.88711 -5.89449
v -47.513 5.85411 -5.91335
vt -232.809 232.228
v -47.513 5.85411 -5.97853
vt -235.375 232.228
v -47.513 5.86411 -5.98853
vt -235.769 232.621
v -47.513 5.86411 -6.00618
vt -236.464 232.621
v -47.513 5.85411 -6.01618
vt -236.857 232.228
v -47.513 5.85411 -6.07618
vt -239.22 232.228
v -47.513 5.86411 -6.08618
vt -239.613 232.621
v -47.513 5.86411 -6.10383
vt -240.308 232.621
v -47.513 5.85411 -6.11383
vt -240.702 232.228
v -47.513 5.85411 -6.17383
vt -243.064 232.228
v -47.513 5.89611 -6.19783
vt -244.009 233.881
v -47.513 5.89611 -6.22783
vt -245.19 233.881
v -47.513 5.85411 -6.25183
vt -246.135 232.228
v -47.513 5.85411 -6.31183
vt -248.497 232.228
v -47.513 5.86411 -6.32183
vt -248.891 232.621
v -47.513 5.86411 -6.33953
vt -249.588 232.621
v -47.513 5.85411 -6.34953
vt -249.981 232.228
v -47.513 5.85411 -6.40943
vt -252.34 232.228
v -47.513 5.86411 -6.41943
vt -252.733 232.621
v -47.513 5.86411 -6.43713
vt -253.43 232.621
v -47.513 5.85411 -6.44713
vt -253.824 232.228
v -47.513 5.85411 -6.50713
vt -256.186 232.228
v -47.513 5.89611 -6.53113
vt -257.131 233.881
v -47.513 5.89611 -6.56113
vt -258.312 233.881
v -47.513 5.85411 -6.58513
vt -259.257 232.228
v -47.513 5.85411 -6.64513
vt -261.619 232.228
v -47.513 5.86411 -6.65513
vt -262.013 232.621
v -47.513 5.86411 -6.67283
vt -262.71 232.621
v -47.513 5.85411 -6.68283
vt -263.104 232.228
v -47.513 5.85411 -6.74283
vt -265.466 232.228
v -47.513 5.86411 -6.75283
vt -265.859 232.621
v -47.513 5.86411 -6.77053
vt -266.556 232.621
v -47.513 5.85411 -6.78053
vt -266.95 232.228
v -47.513 5.85411 -6.84043
vt -269.308 232.228
v -47.513 5.89611 -6.86443
vt -270.253 233.881
v -47.513 5.89611 -6.89443
vt -271.434 233.881
v -47.513 5.88711 -6.89957
vt -271.637 233.527
v -47.513 5.88711 -6.89439
vt -271.433 233.527
v -47.513 5.89161 -6.89182
vt -271.331 233.704
v -47.513 5.89161 -6.86704
vt -270.356 233.704
v -47.513 5.85748 -6.84754
vt -269.588 232.36
v -47.513 5.84961 -6.84304
vt -269.411 232.05
v -47.513 5.84961 -6.84043
vt -269.308 232.05
v -47.513 5.84961 -6.77867
vt -266.877 232.05
v -47.513 5.85961 -6.76867
vt -266.483 232.444
v -47.513 5.85961 -6.75469
vt -265.933 232.444
v -47.513 5.84961 -6.74469
vt -265.539 232.05
v -47.513 5.84961 -6.68097
vt -263.03 232.05
v -47.513 5.85961 -6.67097
vt -262.636 232.444
v -47.513 5.85961 -6.65699
vt -262.086 232.444
v -47.513 5.84961 -6.64699
vt -261.693 232.05
v -47.513 5.84961 -6.58252
vt -259.154 232.05
v -47.513 5.89161 -6.55852
vt -258.209 233.704
v -47.513 5.89161 -6.53374
vt -257.234 233.704
v -47.513 5.84961 -6.50974
vt -256.289 232.05
v -47.513 5.84961 -6.44527
vt -253.751 232.05
v -47.513 5.85961 -6.43527
vt -253.357 232.444
v -47.513 5.85961 -6.42129
vt -252.807 232.444
v -47.513 5.84961 -6.41129
vt -252.413 232.05
v -47.513 5.84961 -6.34767
vt -249.908 232.05
v -47.513 5.85961 -6.33767
vt -249.514 232.444
v -47.513 5.85961 -6.32369
vt -248.964 232.444
v -47.513 5.84961 -6.31369
vt -248.571 232.05
v -47.513 5.84961 -6.24922
vt -246.032 232.05
v -47.513 5.89161 -6.22522
vt -245.087 233.704
v -47.513 5.89161 -6.20044
vt -244.112 233.704
v -47.513 5.84961 -6.17644
vt -243.167 232.05
v -47.513 5.84961 -6.11197
vt -240.629 232.05
v -47.513 5.85961 -6.10197
vt -240.235 232.444
v -47.513 5.85961 -6.08804
vt -239.687 232.444
v -47.513 5.84961 -6.07804
vt -239.293 232.05
v -47.513 5.84961 -6.01432
vt -236.784 232.05
v -47.513 5.85961 -6.00432
vt -236.39 232.444
v -47.513 5.85961 -5.99039
vt -235.842 232.444
v -47.513 5.84961 -5.98039
vt -235.449 232.05
v -47.513 5.84961 -5.91073
vt -232.706 232.05
v -47.513 5.88711 -5.88931
vt -231.862 233.527
v -47.513 5.88711 -5.86975
vt -231.093 233.527
v -47.513 5.87811 -5.85943
vt -230.686 233.172
v -47.513 5.89161 -5.86714
f 2858/5751/391 2859/5750/391 2860/6652/391 2861/6653/391 2862/6654/391 2863/6655/391 2864/6656/391 2865/6657/391 2866/6658/391 2867/6659/391 2868/6660/391 2869/6661/391 2870/6662/391 2871/6663/391 2872/6664/391 2873/6665/391 2874/6666/391 2875/6667/391 2876/6668/391 2877/6669/391 2878/6670/391 2879/6671/391 2880/6672/391 2881/6673/391 2882/6674/391 2883/6675/391 2884/6676/391 2885/6677/391 2886/6678/391 2887/6679/391 2888/6680/391 2889/6681/391 2890/6682/391 2891/6683/391 2892/6684/391 2893/6685/391 2894/6686/391 2895/6687/391 2896/6688/391 2897/6689/391 2898/6690/391 2899/6691/391 2900/6692/391 2901/6693/391 2902/6694/391 2903/6695/391 2904/6696/391 2905/6697/391 2906/6698/391 2907/6699/391 2908/6700/391 2909/6701/391 2910/6702/391 2911/6703/391 2912/6704/391 2913/6705/391 2914/6706/391 2915/6707/391 2916/6708/391 2917/6709/391 2918/6710/391 2919/6711/391 2920/6712/391 2921/6713/391 2922/6714/391 2923/6715/391 2924/6716/391 2925/6717/391 2926/6718/391 2927/6719/391 2928/6720/391 2929/6721/391 2930/6722/391 2931/6723/391 2932/6724/391 2933/6725/391 2934/6726/391 2935/6727/391 2936/6728/391 2937/6729/391 2857/6648/391 2856/6638/391 2938/6730/391 2939/5752/391 

v -44.1533 5.89475 -5.89192
vt -1738.2 85.951
vt -1870.47 85.8084
vt -1870.47 85.6044
v -44.1533 5.89025 -5.89449
vt -1738.2 85.747
f 2940/6731/71 2858/6732/71 2859/6733/71 2941/6734/71 

usemtl White1
vt 1738.1 231.965
vn 0.000936004 -1 -7.61966e-16
vt 1738.1 230.99
vt 1870.37 230.99
vt 1870.37 231.965
f 2940/6735/392 2618/6736/392 2939/6737/392 2858/6738/392 

v -44.1533 5.89025 -5.88931
vt 231.862 233.528
vn 1 0.000936835 -9.41102e-09
v -44.1533 5.85275 -5.91073
vt 232.706 232.052
v -44.1533 5.85275 -5.98039
vt 235.449 232.052
v -44.1533 5.86275 -5.99039
vt 235.842 232.446
v -44.1533 5.86275 -6.00432
vt 236.39 232.446
v -44.1533 5.85275 -6.01432
vt 236.784 232.052
v -44.1533 5.85275 -6.07804
vt 239.293 232.052
v -44.1533 5.86275 -6.08804
vt 239.687 232.446
v -44.1533 5.86275 -6.10197
vt 240.235 232.446
v -44.1533 5.85275 -6.11197
vt 240.629 232.052
v -44.1533 5.85275 -6.17644
vt 243.167 232.052
v -44.1533 5.89475 -6.20044
vt 244.112 233.705
v -44.1533 5.89475 -6.22522
vt 245.087 233.705
v -44.1533 5.85275 -6.24922
vt 246.032 232.052
v -44.1533 5.85275 -6.31369
vt 248.571 232.052
v -44.1533 5.86275 -6.32369
vt 248.964 232.446
v -44.1533 5.86275 -6.33767
vt 249.514 232.446
v -44.1533 5.85275 -6.34767
vt 249.908 232.052
v -44.1533 5.85275 -6.41129
vt 252.413 232.052
v -44.1533 5.86275 -6.42129
vt 252.807 232.446
v -44.1533 5.86275 -6.43527
vt 253.357 232.446
v -44.1533 5.85275 -6.44527
vt 253.751 232.052
v -44.1533 5.85275 -6.50974
vt 256.289 232.052
v -44.1533 5.89475 -6.53374
vt 257.234 233.705
v -44.1533 5.89475 -6.55852
vt 258.209 233.705
v -44.1533 5.85275 -6.58252
vt 259.154 232.052
v -44.1533 5.85275 -6.64699
vt 261.693 232.052
v -44.1533 5.86275 -6.65699
vt 262.086 232.446
v -44.1533 5.86275 -6.67097
vt 262.636 232.446
v -44.1533 5.85275 -6.68097
vt 263.03 232.052
v -44.1533 5.85275 -6.74469
vt 265.539 232.052
v -44.1533 5.86275 -6.75469
vt 265.933 232.446
v -44.1533 5.86275 -6.76867
vt 266.483 232.446
v -44.1533 5.85275 -6.77867
vt 266.877 232.052
v -44.1533 5.85275 -6.84043
vt 269.308 232.052
v -44.1533 5.85275 -6.84304
vt 269.411 232.052
v -44.1533 5.86063 -6.84754
vt 269.588 232.362
v -44.1533 5.877 -6.85689
vt 269.956 233.006
v -44.1533 5.8905 -6.86461
vt 270.26 233.538
v -44.1533 5.89475 -6.86704
vt 270.356 233.705
v -44.1533 5.89475 -6.89182
vt 271.331 233.705
v -44.1533 5.89025 -6.89439
vt 271.433 233.528
v -44.1533 5.89025 -6.89714
vt 271.541 233.528
v -44.1533 5.89025 -6.89957
vt 271.637 233.528
v -44.1533 5.89925 -6.89443
vt 271.434 233.883
v -44.1533 5.89925 -6.86443
vt 270.253 233.883
v -44.1533 5.85725 -6.84043
vt 269.308 232.229
v -44.1533 5.85725 -6.78053
vt 266.95 232.229
v -44.1533 5.86725 -6.77053
vt 266.556 232.623
v -44.1533 5.86725 -6.75283
vt 265.859 232.623
v -44.1533 5.85725 -6.74283
vt 265.466 232.229
v -44.1533 5.85725 -6.68283
vt 263.104 232.229
v -44.1533 5.86725 -6.67283
vt 262.71 232.623
v -44.1533 5.86725 -6.65513
vt 262.013 232.623
v -44.1533 5.85725 -6.64513
vt 261.619 232.229
v -44.1533 5.85725 -6.58513
vt 259.257 232.229
v -44.1533 5.89925 -6.56113
vt 258.312 233.883
v -44.1533 5.89925 -6.53113
vt 257.131 233.883
v -44.1533 5.85725 -6.50713
vt 256.186 232.229
v -44.1533 5.85725 -6.44713
vt 253.824 232.229
v -44.1533 5.86725 -6.43713
vt 253.43 232.623
v -44.1533 5.86725 -6.41943
vt 252.733 232.623
v -44.1533 5.85725 -6.40943
vt 252.34 232.229
v -44.1533 5.85725 -6.34953
vt 249.981 232.229
v -44.1533 5.86725 -6.33953
vt 249.588 232.623
v -44.1533 5.86725 -6.32183
vt 248.891 232.623
v -44.1533 5.85725 -6.31183
vt 248.497 232.229
v -44.1533 5.85725 -6.25183
vt 246.135 232.229
v -44.1533 5.89925 -6.22783
vt 245.19 233.883
v -44.1533 5.89925 -6.19783
vt 244.009 233.883
v -44.1533 5.85725 -6.17383
vt 243.064 232.229
v -44.1533 5.85725 -6.11383
vt 240.702 232.229
v -44.1533 5.86725 -6.10383
vt 240.308 232.623
v -44.1533 5.86725 -6.08618
vt 239.613 232.623
v -44.1533 5.85725 -6.07618
vt 239.22 232.229
v -44.1533 5.85725 -6.01618
vt 236.857 232.229
v -44.1533 5.86725 -6.00618
vt 236.464 232.623
v -44.1533 5.86725 -5.98853
vt 235.769 232.623
v -44.1533 5.85725 -5.97853
vt 235.375 232.229
v -44.1533 5.85725 -5.91335
vt 232.809 232.229
vt 232.162 233.361
vt 232.067 233.528
vt 231.965 233.705
vt 230.99 233.705
vt 230.782 233.174
vt 230.887 233.174
vt 231.093 233.528
f 2942/6739/393 2943/6740/393 2944/6741/393 2945/6742/393 2946/6743/393 2947/6744/393 2948/6745/393 2949/6746/393 2950/6747/393 2951/6748/393 2952/6749/393 2953/6750/393 2954/6751/393 2955/6752/393 2956/6753/393 2957/6754/393 2958/6755/393 2959/6756/393 2960/6757/393 2961/6758/393 2962/6759/393 2963/6760/393 2964/6761/393 2965/6762/393 2966/6763/393 2967/6764/393 2968/6765/393 2969/6766/393 2970/6767/393 2971/6768/393 2972/6769/393 2973/6770/393 2974/6771/393 2975/6772/393 2976/6773/393 2977/6774/393 2978/6775/393 2979/6776/393 2980/6777/393 2981/6778/393 2982/6779/393 2983/6780/393 2984/6781/393 2985/6782/393 2986/6783/393 2987/6784/393 2988/6785/393 2989/6786/393 2990/6787/393 2991/6788/393 2992/6789/393 2993/6790/393 2994/6791/393 2995/6792/393 2996/6793/393 2997/6794/393 2998/6795/393 2999/6796/393 3000/6797/393 3001/6798/393 3002/6799/393 3003/6800/393 3004/6801/393 3005/6802/393 3006/6803/393 3007/6804/393 3008/6805/393 3009/6806/393 3010/6807/393 3011/6808/393 3012/6809/393 3013/6810/393 3014/6811/393 3015/6812/393 3016/6813/393 3017/6814/393 3018/6815/393 3019/6816/393 3020/6817/393 3021/6818/393 2702/6819/393 2941/6820/393 2940/6821/393 2618/6822/393 2619/6273/393 2850/6823/393 2849/6824/393 2847/6825/393 

usemtl M_0050_LemonChiffon
vt -1870.47 85.7056
vt -1870.47 84.0052
vt -1738.19 84.1478
vt -1738.2 85.8482
f 2936/6826/71 2935/6827/71 2943/6828/71 2942/6829/71 

usemtl FrontColor
vt 1738.1 232.706
vn 0.000936004 -1 -8.40896e-16
vt 1870.37 232.706
vt 1870.37 235.449
vt 1738.1 235.449
f 2943/6830/394 2935/6831/394 2934/6832/99 2944/6833/99 

usemtl White1
vt 1738.54 328.827
vt 1738.54 328.271
vt 1870.81 328.096
vt 1870.81 328.652
f 2945/6834/99 2944/6835/99 2934/6836/99 2933/6837/99 

vt 1738.1 236.39
vt 1738.1 235.842
vt 1870.37 235.842
vt 1870.37 236.39
f 2946/6838/97 2945/6839/99 2933/6840/99 2932/6841/97 

vt -1738.1 -5.64797
vt -1738.1 -5.09119
vt -1870.37 -5.26628
vt -1870.37 -5.82306
f 2947/6842/97 2946/6843/97 2932/6844/97 2931/6845/97 

vt 1738.1 239.293
vt 1738.1 236.784
vt 1870.37 236.784
vt 1870.37 239.293
f 2948/6846/99 2947/6847/97 2931/6848/97 2930/6849/99 

vt 1738.54 331.546
vt 1738.54 330.989
vt 1870.81 330.814
vt 1870.81 331.371
f 2949/6850/99 2948/6851/99 2930/6852/99 2929/6853/99 

vt 1738.1 240.235
vt 1738.1 239.687
vt 1870.37 239.687
vt 1870.37 240.235
f 2950/6854/97 2949/6855/99 2929/6856/99 2928/6857/97 

vt -1738.09 -8.36643
vt -1738.09 -7.80965
vt -1870.37 -7.98474
vt -1870.36 -8.54152
f 2951/6858/97 2950/6859/97 2928/6860/97 2927/6861/97 

vt 1738.1 243.167
vn 0.000936004 -1 -7.61831e-16
vt 1738.1 240.629
vt 1870.37 240.629
vt 1870.37 243.167
f 2952/6862/395 2951/6863/97 2927/6864/97 2926/6865/395 

vt 1738.45 322.151
vt 1738.45 320.247
vt 1870.72 320.104
vt 1870.72 322.009
f 2953/6866/86 2952/6867/86 2926/6868/86 2925/6869/86 

vt 1738.1 245.087
vt 1738.1 244.112
vt 1870.37 244.112
vt 1870.37 245.087
f 2954/6870/392 2953/6871/392 2925/6872/392 2924/6873/392 

vt -1738.19 77.5362
vt -1738.19 79.4407
vt -1870.46 79.2981
vt -1870.46 77.3936
f 2955/6874/71 2954/6875/71 2924/6876/71 2923/6877/71 

vt 1738.1 248.571
vt 1738.1 246.032
vt 1870.37 246.032
vt 1870.37 248.571
f 2956/6878/99 2955/6879/395 2923/6880/395 2922/6881/99 

vt 1738.55 338.106
vt 1738.55 337.549
vt 1870.82 337.374
vt 1870.82 337.931
f 2957/6882/99 2956/6883/99 2922/6884/99 2921/6885/99 

vt 1738.1 249.514
vt 1738.1 248.964
vt 1870.37 248.964
vt 1870.37 249.514
f 2958/6886/97 2957/6887/99 2921/6888/99 2920/6889/97 

vt -1738.08 -14.928
vt -1738.08 -14.3713
vt -1870.36 -14.5464
vt -1870.36 -15.1031
f 2959/6890/97 2958/6891/97 2920/6892/97 2919/6893/97 

vt 1738.1 252.413
vt 1738.1 249.908
vt 1870.37 249.908
vt 1870.37 252.413
f 2960/6894/99 2959/6895/97 2919/6896/97 2918/6897/99 

vt 1738.55 340.823
vt 1738.55 340.266
vt 1870.83 340.091
vt 1870.83 340.648
f 2961/6898/99 2960/6899/99 2918/6900/99 2917/6901/99 

vt 1738.1 253.357
vt 1738.1 252.807
vt 1870.37 252.807
vt 1870.37 253.357
f 2962/6902/97 2961/6903/99 2917/6904/99 2916/6905/97 

vt -1738.08 -17.6451
vt -1738.08 -17.0883
vt -1870.35 -17.2634
vt -1870.35 -17.8202
f 2963/6906/97 2962/6907/97 2916/6908/97 2915/6909/97 

vt 1738.1 256.289
vt 1738.1 253.751
vt 1870.37 253.751
vt 1870.37 256.289
f 2964/6910/395 2963/6911/97 2915/6912/97 2914/6913/395 

vt 1738.46 328.662
vt 1738.45 326.757
vt 1870.73 326.615
vt 1870.73 328.519
f 2965/6914/86 2964/6915/86 2914/6916/86 2913/6917/86 

vt 1738.1 258.209
vt 1738.1 257.234
vt 1870.37 257.234
vt 1870.37 258.209
f 2966/6918/392 2965/6919/392 2913/6920/392 2912/6921/392 

vt -1738.18 71.0258
vt -1738.18 72.9303
vt -1870.45 72.7877
vt -1870.45 70.8832
f 2967/6922/71 2966/6923/71 2912/6924/71 2911/6925/71 

vt 1738.1 261.693
vt 1738.1 259.154
vt 1870.37 259.154
vt 1870.37 261.693
f 2968/6926/99 2967/6927/395 2911/6928/395 2910/6929/99 

vt 1738.56 347.385
vt 1738.56 346.828
vt 1870.83 346.653
vt 1870.84 347.21
f 2969/6930/99 2968/6931/99 2910/6932/99 2909/6933/99 

vt 1738.1 262.636
vt 1738.1 262.086
vt 1870.37 262.086
vt 1870.37 262.636
f 2970/6934/97 2969/6935/99 2909/6936/99 2908/6937/97 

vt -1738.07 -24.2067
vt -1738.07 -23.6499
vt -1870.34 -23.825
vt -1870.34 -24.3818
f 2971/6938/97 2970/6939/97 2908/6940/97 2907/6941/97 

vt 1738.1 265.539
vt 1738.1 263.03
vt 1870.37 263.03
vt 1870.37 265.539
f 2972/6942/99 2971/6943/97 2907/6944/97 2906/6945/99 

vt 1738.57 350.105
vt 1738.57 349.548
vt 1870.84 349.373
vt 1870.84 349.93
f 2973/6946/99 2972/6947/99 2906/6948/99 2905/6949/99 

vt 1738.1 266.483
vt 1738.1 265.933
vt 1870.37 265.933
vt 1870.37 266.483
f 2974/6950/97 2973/6951/99 2905/6952/99 2904/6953/97 

vt -1738.07 -26.9266
vt -1738.07 -26.3698
vt -1870.34 -26.5449
vt -1870.34 -27.1017
f 2975/6954/97 2974/6955/97 2904/6956/97 2903/6957/97 

usemtl FrontColor
vt 1870.37 266.877
vt 1870.37 269.308
vn 0.000936004 -1 -5.1319e-12
f 2903/6958/97 2902/6959/396 2976/6561/396 2975/6564/97 

vn 0.000936004 -1 -2.77172e-13
vt 1870.37 269.411
f 2977/6562/397 2976/6561/397 2902/6959/397 2901/6960/397 

vt 1738.46 333.625
vt 1738.46 333.267
vt 1870.73 333.125
vt 1870.73 333.482
f 2978/6961/86 2977/6962/86 2901/6963/86 2900/6964/86 

v -44.1533 5.877 -6.85414
vt -269.848 233.004
f 2977/6693/389 3022/6965/389 2978/6692/389

v -44.1533 5.853 -6.84043
vt -269.308 232.059
f 3022/6965/389 2977/6693/389 3023/6966/389

vt -269.411 231.882
f 2778/6967/389 3023/6966/389 2977/6693/389

f 2777/6568/389 3023/6966/389 2778/6967/389

f 2777/6568/389 2781/6567/389 3023/6966/389

usemtl White1
vt -1738.1 266.95
vt -1558.97 266.95
vt -1558.97 269.308
vt -1738.1 269.308
f 2781/6968/75 2709/6969/75 2708/6970/333 3023/6971/333 

vt 1558.93 -26.1779
vt 1558.93 -26.7346
vt 1738.07 -26.9717
vt 1738.07 -26.415
f 2710/6972/75 2709/6973/75 2781/6974/75 2782/6975/75 

vt -1558.97 265.859
vt -1558.97 266.556
vt -1738.1 266.556
vt -1738.1 265.859
f 2711/6976/74 2710/6977/75 2782/6978/75 2785/6979/74 

vt -1559.43 349.74
vt -1559.43 350.297
vt -1738.57 350.059
vt -1738.57 349.503
f 2712/6980/74 2711/6981/74 2785/6982/74 2787/6983/74 

vt -1558.97 263.104
vt -1558.97 265.466
vt -1738.1 265.466
vt -1738.1 263.104
f 2713/6984/75 2712/6985/74 2787/6986/74 2788/6987/75 

vt 1558.94 -23.458
vt 1558.94 -24.0148
vt 1738.07 -24.2519
vt 1738.07 -23.6951
f 2714/6988/75 2713/6989/75 2788/6990/75 2790/6991/75 

vt -1558.97 262.013
vt -1558.97 262.71
vt -1738.1 262.71
vt -1738.1 262.013
f 2715/6992/74 2714/6993/75 2790/6994/75 2793/6995/74 

vt -1559.43 347.02
vt -1559.43 347.577
vt -1738.56 347.34
vt -1738.56 346.783
f 2716/6996/74 2715/6997/74 2793/6998/74 2795/6999/74 

vt -1558.97 259.257
vt -1558.97 261.619
vt -1738.1 261.619
vt -1738.1 259.257
f 2717/7000/334 2716/7001/74 2795/7002/74 2796/7003/334 

vt 1559.05 73.0807
vt 1559.05 71.1762
vt 1738.18 70.9831
vt 1738.18 72.8875
f 2718/7004/79 2717/7005/79 2796/7006/79 2798/7007/79 

vt -1558.97 257.131
vt -1558.97 258.312
vt -1738.1 258.312
vt -1738.1 257.131
f 2719/7008/335 2718/7009/335 2798/7010/335 2801/7011/335 

vt -1559.32 326.907
vt -1559.32 328.812
vt -1738.46 328.619
vt -1738.45 326.714
f 2720/7012/77 2719/7013/77 2801/7014/77 2803/7015/77 

vt -1558.97 253.824
vt -1558.97 256.186
vt -1738.1 256.186
vt -1738.1 253.824
f 2721/7016/75 2720/7017/334 2803/7018/334 2804/7019/75 

vt 1558.95 -16.8964
vt 1558.95 -17.4532
vt 1738.08 -17.6903
vt 1738.08 -17.1335
f 2722/7020/75 2721/7021/75 2804/7022/75 2806/7023/75 

vt -1558.97 252.733
vt -1558.97 253.43
vt -1738.1 253.43
vt -1738.1 252.733
f 2723/7024/74 2722/7025/75 2806/7026/75 2809/7027/74 

vt -1559.42 340.458
vt -1559.42 341.015
vt -1738.55 340.778
vt -1738.55 340.221
f 2724/7028/74 2723/7029/74 2809/7030/74 2811/7031/74 

vt -1558.97 249.981
vt -1558.97 252.34
vt -1738.1 252.34
vt -1738.1 249.981
f 2725/7032/75 2724/7033/74 2811/7034/74 2812/7035/75 

vt 1558.95 -14.1793
vt 1558.95 -14.7361
vt 1738.08 -14.9732
vt 1738.08 -14.4164
f 2726/7036/75 2725/7037/75 2812/7038/75 2814/7039/75 

vt -1558.97 248.891
vt -1558.97 249.588
vt -1738.1 249.588
vt -1738.1 248.891
f 2727/7040/74 2726/7041/75 2814/7042/75 2817/7043/74 

vt -1559.42 337.741
vt -1559.42 338.298
vt -1738.55 338.061
vt -1738.55 337.504
f 2728/7044/74 2727/7045/74 2817/7046/74 2819/7047/74 

vt -1558.97 246.135
vt -1558.97 248.497
vt -1738.1 248.497
vt -1738.1 246.135
f 2729/7048/334 2728/7049/74 2819/7050/74 2820/7051/334 

vt 1559.05 79.591
vt 1559.05 77.6865
vt 1738.19 77.4934
vt 1738.19 79.3979
f 2730/7052/79 2729/7053/79 2820/7054/79 2822/7055/79 

vt -1558.97 244.009
vt -1558.97 245.19
vt -1738.1 245.19
vt -1738.1 244.009
f 2731/7056/336 2730/7057/336 2822/7058/336 2825/7059/336 

vt -1559.31 320.397
vt -1559.32 322.302
vt -1738.45 322.108
vt -1738.45 320.204
f 2732/7060/77 2731/7061/77 2825/7062/77 2827/7063/77 

vt -1558.97 240.702
vt -1558.97 243.064
vt -1738.1 243.064
vt -1738.1 240.702
f 2733/7064/75 2732/7065/8 2827/7066/8 2828/7067/75 

vt 1558.96 -7.61771
vt 1558.96 -8.17448
vt 1738.09 -8.4116
vt 1738.09 -7.85483
f 2734/7068/75 2733/7069/75 2828/7070/75 2830/7071/75 

vt -1558.97 239.613
vt -1558.97 240.308
vt -1738.1 240.308
vt -1738.1 239.613
f 2735/7072/74 2734/7073/75 2830/7074/75 2833/7075/74 

vt -1559.41 331.181
vt -1559.41 331.738
vt -1738.54 331.501
vt -1738.54 330.944
f 2736/7076/74 2735/7077/74 2833/7078/74 2835/7079/74 

vt -1558.97 236.857
vt -1558.97 239.22
vt -1738.1 239.22
vt -1738.1 236.857
f 2737/7080/75 2736/7081/74 2835/7082/74 2836/7083/75 

vt 1558.96 -4.89925
vt 1558.96 -5.45602
vt 1738.1 -5.69314
vt 1738.1 -5.13637
f 2738/7084/75 2737/7085/75 2836/7086/75 2838/7087/75 

vt -1558.97 235.769
vt -1558.97 236.464
vt -1738.1 236.464
vt -1738.1 235.769
f 2739/7088/74 2738/7089/75 2838/7090/75 2841/7091/74 

vt -1559.4 328.463
vt -1559.4 329.019
vt -1738.54 328.782
vt -1738.54 328.225
f 2740/7092/74 2739/7093/74 2841/7094/74 2843/7095/74 

vt -1738.1 232.809
vt -1558.97 232.809
vt -1558.97 235.375
vt -1738.1 235.375
f 2704/7096/73 2703/7097/73 2740/7098/74 2843/7099/74 

usemtl FrontColor
vt -1559.33 333.571
v -39.6033 5.88125 -6.85414
vt -1559.33 334.506
vt -1738.46 334.313
vt -1738.46 333.225
vt -1559.33 333.418
f 2707/7100/77 3024/7101/77 3022/7102/77 3023/7103/77 2708/7104/77 

usemtl White1
v -39.6033 5.88125 -6.85933
vt 270.052 233.005
vn 1 0.000936003 -4.78838e-10
v -39.6033 5.88125 -6.85925
vt 270.049 233.005
vt 269.848 233.005
vt 269.411 231.883
v -39.6033 5.86063 -6.84754
vt 269.588 232.193
f 3025/7105/398 3026/7106/398 3024/7107/398 2707/6488/398 2706/6487/398 2779/7108/398 3027/7109/398 

usemtl M_0050_LemonChiffon
v -44.1533 5.877 -6.85925
vt 1738.1 270.049
v -44.1533 5.877 -6.85933
vt 1738.1 270.052
vt 1558.97 270.052
vt 1558.97 270.049
f 3028/7110/264 3029/7111/264 3025/7112/264 3026/7113/264 

usemtl FrontColor
vt -270.217 232.908
vn -1 -0.000880491 9.68119e-05
vt -270.125 232.908
vt -270.428 233.44
v -44.1533 5.8905 -6.86704
vt -270.524 233.44
v -44.1533 5.886 -6.86447
vt -270.423 233.263
vt -270.221 232.908
f 3028/7114/399 2979/7115/399 2980/7116/399 3030/7117/399 3031/7118/399 3029/7119/399 

usemtl M_0050_LemonChiffon
vt 1738.1 269.956
vn 0.000936004 -1 2.51786e-10
vt 1558.97 269.848
vt 1738.1 269.848
f 2979/7120/400 3028/7110/400 3026/7113/400 3024/7121/400 3022/7122/400 

usemtl FrontColor
vt -270.049 233.004
vt -269.956 233.004
f 3028/7123/389 3022/6965/389 2979/7124/389

f 3028/7123/389 2978/6692/389 3022/6965/389

vt -270.052 233.004
f 3029/7125/389 2978/6692/389 3028/7123/389

v -44.1533 5.85637 -6.84754
vt -269.588 232.192
f 2978/6692/389 3029/7125/389 3032/7126/389

vt 1738.46 333.479
vt 1738.46 334.414
vt 1559.33 334.607
vt 1559.33 333.672
f 3032/7127/86 3029/7128/86 3025/7129/86 3027/7130/86 

usemtl M_0050_LemonChiffon
vt 1738.46 334.822
v -39.6033 5.89025 -6.86447
vt 1559.33 335.015
f 3029/7128/86 3031/7131/86 3033/7132/86 3025/7129/86 

vt 1738.1 270.255
vn 0.000936004 -1 -6.36226e-16
v -44.1533 5.886 -6.88402
vt 1738.1 271.025
v -39.6033 5.89025 -6.88402
vt 1558.97 271.025
vt 1558.97 270.255
f 3031/7133/401 3034/7134/401 3035/7135/401 3033/7136/401 

usemtl FrontColor
vt -271.025 233.359
vn -1 -0.000936004 -4.22024e-13
vt -270.255 233.359
vt -270.356 233.536
v -44.1533 5.8905 -6.88663
vt -271.127 233.536
v -44.1533 5.853 -6.90806
vt -271.971 232.06
v -44.1533 5.853 -6.97325
vt -274.537 232.06
v -44.1533 5.863 -6.98325
vt -274.931 232.454
v -44.1533 5.863 -7.0009
vt -275.626 232.454
v -44.1533 5.853 -7.0109
vt -276.02 232.06
v -44.1533 5.853 -7.0709
vt -278.382 232.06
v -44.1533 5.863 -7.0809
vt -278.775 232.454
v -44.1533 5.863 -7.09855
vt -279.47 232.454
v -44.1533 5.853 -7.10855
vt -279.864 232.06
v -44.1533 5.853 -7.16855
vt -282.226 232.06
v -44.1533 5.895 -7.19255
vt -283.171 233.713
v -44.1533 5.895 -7.22255
vt -284.352 233.713
v -44.1533 5.853 -7.24655
vt -285.297 232.06
v -44.1533 5.853 -7.30655
vt -287.659 232.06
v -44.1533 5.863 -7.31655
vt -288.053 232.454
v -44.1533 5.863 -7.33425
vt -288.75 232.454
v -44.1533 5.853 -7.34425
vt -289.144 232.06
v -44.1533 5.853 -7.40415
vt -291.502 232.06
v -44.1533 5.863 -7.41415
vt -291.896 232.454
v -44.1533 5.863 -7.43185
vt -292.592 232.454
v -44.1533 5.853 -7.44185
vt -292.986 232.06
v -44.1533 5.853 -7.50185
vt -295.348 232.06
v -44.1533 5.895 -7.52585
vt -296.293 233.713
v -44.1533 5.895 -7.55585
vt -297.474 233.713
v -44.1533 5.853 -7.57985
vt -298.419 232.06
v -44.1533 5.853 -7.63985
vt -300.781 232.06
v -44.1533 5.863 -7.64985
vt -301.175 232.454
v -44.1533 5.863 -7.66755
vt -301.872 232.454
v -44.1533 5.853 -7.67755
vt -302.266 232.06
v -44.1533 5.853 -7.73755
vt -304.628 232.06
v -44.1533 5.863 -7.74755
vt -305.022 232.454
v -44.1533 5.863 -7.76525
vt -305.718 232.454
v -44.1533 5.853 -7.77525
vt -306.112 232.06
v -44.1533 5.853 -7.83515
vt -308.47 232.06
v -44.1533 5.895 -7.85915
vt -309.415 233.713
v -44.1533 5.895 -7.88915
vt -310.596 233.713
v -44.1533 5.886 -7.89429
vt -310.799 233.359
v -44.1533 5.886 -7.88911
vt -310.595 233.359
v -44.1533 5.8905 -7.88653
vt -310.493 233.536
v -44.1533 5.8905 -7.86176
vt -309.518 233.536
v -44.1533 5.877 -7.85404
vt -309.214 233.005
v -44.1533 5.85637 -7.84226
vt -308.75 232.193
v -44.1533 5.8485 -7.83776
vt -308.573 231.883
v -44.1533 5.8485 -7.83515
vt -308.47 231.883
v -44.1533 5.8485 -7.77338
vt -306.039 231.883
v -44.1533 5.8585 -7.76338
vt -305.645 232.276
v -44.1533 5.8585 -7.74941
vt -305.095 232.276
v -44.1533 5.8485 -7.73941
vt -304.701 231.883
v -44.1533 5.8485 -7.67568
vt -302.192 231.883
v -44.1533 5.8585 -7.66568
vt -301.799 232.276
v -44.1533 5.8585 -7.65171
vt -301.248 232.276
v -44.1533 5.8485 -7.64171
vt -300.855 231.883
v -44.1533 5.8485 -7.57723
vt -298.316 231.883
v -44.1533 5.8905 -7.55323
vt -297.371 233.536
v -44.1533 5.8905 -7.52846
vt -296.396 233.536
v -44.1533 5.8485 -7.50446
vt -295.451 231.883
v -44.1533 5.8485 -7.43998
vt -292.913 231.883
v -44.1533 5.8585 -7.42998
vt -292.519 232.276
v -44.1533 5.8585 -7.41601
vt -291.969 232.276
v -44.1533 5.8485 -7.40601
vt -291.575 231.883
v -44.1533 5.8485 -7.34238
vt -289.07 231.883
v -44.1533 5.8585 -7.33238
vt -288.676 232.276
v -44.1533 5.8585 -7.31841
vt -288.126 232.276
v -44.1533 5.8485 -7.30841
vt -287.733 231.883
v -44.1533 5.8485 -7.24393
vt -285.194 231.883
v -44.1533 5.8905 -7.21993
vt -284.249 233.536
v -44.1533 5.8905 -7.19516
vt -283.274 233.536
v -44.1533 5.8485 -7.17116
vt -282.329 231.883
v -44.1533 5.8485 -7.10668
vt -279.791 231.883
v -44.1533 5.8585 -7.09668
vt -279.397 232.276
v -44.1533 5.8585 -7.08276
vt -278.849 232.276
v -44.1533 5.8485 -7.07276
vt -278.455 231.883
v -44.1533 5.8485 -7.00903
vt -275.946 231.883
v -44.1533 5.8585 -6.99903
vt -275.552 232.276
v -44.1533 5.8585 -6.98511
vt -275.004 232.276
v -44.1533 5.8485 -6.97511
vt -274.611 231.883
v -44.1533 5.8485 -6.90545
vt -271.868 231.883
f 3034/7137/402 3031/7138/402 3030/7139/402 3036/7140/402 3037/7141/402 3038/7142/402 3039/7143/402 3040/7144/402 3041/7145/402 3042/7146/402 3043/7147/402 3044/7148/402 3045/7149/402 3046/7150/402 3047/7151/402 3048/7152/402 3049/7153/402 3050/7154/402 3051/7155/402 3052/7156/402 3053/7157/402 3054/7158/402 3055/7159/402 3056/7160/402 3057/7161/402 3058/7162/402 3059/7163/402 3060/7164/402 3061/7165/402 3062/7166/402 3063/7167/402 3064/7168/402 3065/7169/402 3066/7170/402 3067/7171/402 3068/7172/402 3069/7173/402 3070/7174/402 3071/7175/402 3072/7176/402 3073/7177/402 3074/7178/402 3075/7179/402 3076/7180/402 3077/7181/402 3078/7182/402 3079/7183/402 3080/7184/402 3081/7185/402 3082/7186/402 3083/7187/402 3084/7188/402 3085/7189/402 3086/7190/402 3087/7191/402 3088/7192/402 3089/7193/402 3090/7194/402 3091/7195/402 3092/7196/402 3093/7197/402 3094/7198/402 3095/7199/402 3096/7200/402 3097/7201/402 3098/7202/402 3099/7203/402 3100/7204/402 3101/7205/402 3102/7206/402 3103/7207/402 3104/7208/402 3105/7209/402 3106/7210/402 3107/7211/402 3108/7212/402 3109/7213/402 3110/7214/402 3111/7215/402 3112/7216/402 3113/7217/402 

v -39.6033 5.89475 -6.86704
vt 1559.33 335.22
vt 1738.46 335.026
f 3114/7218/86 3033/7132/86 3031/7131/86 3030/7219/86 

usemtl White1
vn 1 0.000936004 -3.58863e-10
vt 270.255 233.359
vt 270.356 233.536
v -39.6033 5.89475 -6.86186
vt 270.152 233.536
f 3026/7106/403 3033/7220/403 3114/7221/403 3115/7222/403 3024/7107/403 

usemtl M_0050_LemonChiffon
vn 1 0.000936004 -1.14368e-11
f 3033/7220/404 3026/7106/404 3025/7105/404

usemtl White1
v -39.6033 5.89475 -6.88663
vt 271.127 233.536
vn 1 0.000936004 4.23078e-13
vt 271.025 233.359
v -39.6033 5.85275 -6.90545
vt 271.868 231.883
v -39.6033 5.85275 -6.97511
vt 274.611 231.883
v -39.6033 5.86275 -6.98511
vt 275.004 232.276
v -39.6033 5.86275 -6.99903
vt 275.552 232.276
v -39.6033 5.85275 -7.00903
vt 275.946 231.883
v -39.6033 5.85275 -7.07276
vt 278.455 231.883
v -39.6033 5.86275 -7.08276
vt 278.849 232.276
v -39.6033 5.86275 -7.09668
vt 279.397 232.276
v -39.6033 5.85275 -7.10668
vt 279.791 231.883
v -39.6033 5.85275 -7.17116
vt 282.329 231.883
v -39.6033 5.89475 -7.19516
vt 283.274 233.536
v -39.6033 5.89475 -7.21993
vt 284.249 233.536
v -39.6033 5.85275 -7.24393
vt 285.194 231.883
v -39.6033 5.85275 -7.30841
vt 287.733 231.883
v -39.6033 5.86275 -7.31841
vt 288.126 232.276
v -39.6033 5.86275 -7.33238
vt 288.676 232.276
v -39.6033 5.85275 -7.34238
vt 289.07 231.883
v -39.6033 5.85275 -7.40601
vt 291.575 231.883
v -39.6033 5.86275 -7.41601
vt 291.969 232.276
v -39.6033 5.86275 -7.42998
vt 292.519 232.276
v -39.6033 5.85275 -7.43998
vt 292.913 231.883
v -39.6033 5.85275 -7.50446
vt 295.451 231.883
v -39.6033 5.89475 -7.52846
vt 296.396 233.536
v -39.6033 5.89475 -7.55323
vt 297.371 233.536
v -39.6033 5.85275 -7.57723
vt 298.316 231.883
v -39.6033 5.85275 -7.64171
vt 300.855 231.883
v -39.6033 5.86275 -7.65171
vt 301.248 232.276
v -39.6033 5.86275 -7.66568
vt 301.799 232.276
v -39.6033 5.85275 -7.67568
vt 302.192 231.883
v -39.6033 5.85275 -7.73941
vt 304.701 231.883
v -39.6033 5.86275 -7.74941
vt 305.095 232.276
v -39.6033 5.86275 -7.76338
vt 305.645 232.276
v -39.6033 5.85275 -7.77338
vt 306.039 231.883
v -39.6033 5.85275 -7.83515
vt 308.47 231.883
v -39.6033 5.85275 -7.83776
vt 308.573 231.883
v -39.6033 5.86063 -7.84226
vt 308.75 232.193
v -39.6033 5.88125 -7.85404
vt 309.214 233.005
v -39.6033 5.89475 -7.86176
vt 309.518 233.536
v -39.6033 5.89475 -7.88653
vt 310.493 233.536
v -39.6033 5.89025 -7.88911
vt 310.595 233.359
v -39.6033 5.89025 -7.89429
vt 310.799 233.359
v -39.6033 5.89925 -7.88915
vt 310.596 233.713
v -39.6033 5.89925 -7.85915
vt 309.415 233.713
v -39.6033 5.85725 -7.83515
vt 308.47 232.06
v -39.6033 5.85725 -7.77525
vt 306.112 232.06
v -39.6033 5.86725 -7.76525
vt 305.718 232.454
v -39.6033 5.86725 -7.74755
vt 305.022 232.454
v -39.6033 5.85725 -7.73755
vt 304.628 232.06
v -39.6033 5.85725 -7.67755
vt 302.266 232.06
v -39.6033 5.86725 -7.66755
vt 301.872 232.454
v -39.6033 5.86725 -7.64985
vt 301.175 232.454
v -39.6033 5.85725 -7.63985
vt 300.781 232.06
v -39.6033 5.85725 -7.57985
vt 298.419 232.06
v -39.6033 5.89925 -7.55585
vt 297.474 233.713
v -39.6033 5.89925 -7.52585
vt 296.293 233.713
v -39.6033 5.85725 -7.50185
vt 295.348 232.06
v -39.6033 5.85725 -7.44185
vt 292.986 232.06
v -39.6033 5.86725 -7.43185
vt 292.592 232.454
v -39.6033 5.86725 -7.41415
vt 291.896 232.454
v -39.6033 5.85725 -7.40415
vt 291.502 232.06
v -39.6033 5.85725 -7.34425
vt 289.144 232.06
v -39.6033 5.86725 -7.33425
vt 288.75 232.454
v -39.6033 5.86725 -7.31655
vt 288.053 232.454
v -39.6033 5.85725 -7.30655
vt 287.659 232.06
v -39.6033 5.85725 -7.24655
vt 285.297 232.06
v -39.6033 5.89925 -7.22255
vt 284.352 233.713
v -39.6033 5.89925 -7.19255
vt 283.171 233.713
v -39.6033 5.85725 -7.16855
vt 282.226 232.06
v -39.6033 5.85725 -7.10855
vt 279.864 232.06
v -39.6033 5.86725 -7.09855
vt 279.47 232.454
v -39.6033 5.86725 -7.0809
vt 278.775 232.454
v -39.6033 5.85725 -7.0709
vt 278.382 232.06
v -39.6033 5.85725 -7.0109
vt 276.02 232.06
v -39.6033 5.86725 -7.0009
vt 275.626 232.454
v -39.6033 5.86725 -6.98325
vt 274.931 232.454
v -39.6033 5.85725 -6.97325
vt 274.537 232.06
v -39.6033 5.85725 -6.90806
vt 271.971 232.06
f 3116/7223/405 3114/7221/405 3033/7220/405 3035/7224/405 3117/7225/405 3118/7226/405 3119/7227/405 3120/7228/405 3121/7229/405 3122/7230/405 3123/7231/405 3124/7232/405 3125/7233/405 3126/7234/405 3127/7235/405 3128/7236/405 3129/7237/405 3130/7238/405 3131/7239/405 3132/7240/405 3133/7241/405 3134/7242/405 3135/7243/405 3136/7244/405 3137/7245/405 3138/7246/405 3139/7247/405 3140/7248/405 3141/7249/405 3142/7250/405 3143/7251/405 3144/7252/405 3145/7253/405 3146/7254/405 3147/7255/405 3148/7256/405 3149/7257/405 3150/7258/405 3151/7259/405 3152/7260/405 3153/7261/405 3154/7262/405 3155/7263/405 3156/7264/405 3157/7265/405 3158/7266/405 3159/7267/405 3160/7268/405 3161/7269/405 3162/7270/405 3163/7271/405 3164/7272/405 3165/7273/405 3166/7274/405 3167/7275/405 3168/7276/405 3169/7277/405 3170/7278/405 3171/7279/405 3172/7280/405 3173/7281/405 3174/7282/405 3175/7283/405 3176/7284/405 3177/7285/405 3178/7286/405 3179/7287/405 3180/7288/405 3181/7289/405 3182/7290/405 3183/7291/405 3184/7292/405 3185/7293/405 3186/7294/405 3187/7295/405 3188/7296/405 3189/7297/405 3190/7298/405 3191/7299/405 3192/7300/405 3193/7301/405 

v -39.6033 5.89925 -6.86443
vt 270.253 233.713
vn 1 0.000936004 -7.21731e-11
v -39.6033 5.89475 -6.89182
vt 271.331 233.536
v -39.6033 5.89025 -6.89439
vt 271.433 233.359
v -39.6033 5.89025 -6.89957
vt 271.637 233.359
v -39.6033 5.89925 -6.89443
vt 271.434 233.713
f 3194/7302/406 3115/7222/406 3114/7221/406 3116/7223/406 3195/7303/406 3196/7304/406 3197/7305/406 3198/7306/406 

usemtl FrontColor
v -44.1533 5.895 -6.86443
vt -1738.46 335.129
v -44.1533 5.8905 -6.86186
vt -1738.46 334.925
vt -1559.33 335.118
vt -1559.33 335.322
f 3199/7307/77 3200/7308/77 3115/7309/77 3194/7310/77 

vt -271.128 233.539
vn -1 -0.00093731 3.75831e-07
vt -270.357 233.539
vt -270.261 233.539
vt -270.153 233.539
vt -270.254 233.716
v -44.1533 5.895 -6.89443
vt -271.435 233.716
vt -271.542 233.529
v -44.1533 5.886 -6.89957
vt -271.637 233.361
v -44.1533 5.886 -6.89439
vt -271.433 233.361
v -44.1533 5.8905 -6.89182
vt -271.332 233.539
f 3036/7311/407 3030/7312/407 2980/7313/407 3200/7314/407 3199/7315/407 3201/7316/407 2984/7317/407 3202/7318/407 3203/7319/407 3204/7320/407 

usemtl White1
vt 1558.97 271.127
vn 0.000936004 -1 1.63852e-11
vt 1558.97 270.356
vt 1738.1 270.356
vt 1738.1 271.127
f 3116/7321/408 3114/7322/408 3030/7323/408 3036/7324/408 

vt 1738.1 270.152
vn 0.000936004 -1 -6.19874e-11
vt 1738.1 270.26
vt 1558.97 270.152
f 3200/7325/409 2980/7326/409 3030/7323/409 3114/7322/409 3115/7327/409 

usemtl FrontColor
vt -270.004 233.621
vn -1 -0.000984639 -8.51124e-05
vt -270.112 233.621
vt -269.808 233.089
vt -269.7 233.089
f 3200/7328/410 2980/7329/410 2979/7330/410 3022/7331/410 

vt 1738.46 334.367
vt 1870.74 335.029
vt 1738.46 335.172
vt 1738.46 334.979
f 2979/7332/86 2978/6961/86 2900/6964/86 2899/7333/86 2981/7334/86 2980/7335/86 

usemtl Color_007
vn -3.36009e-13 7.89457e-12 -1
v -44.1532 5.81225 -6.84754
v -47.513 5.80911 -6.84754
vt 1870.59 230.61
f 3032/4378/411 3205/4379/411 3206/6288/411 2900/7336/411 2978/4383/411 

vt 269.571 230.476
vn 1 0.000947541 1.00951e-05
vt 269.571 232.213
vt 269.393 231.903
v -44.1532 5.81225 -6.84304
vt 269.393 230.476
f 3205/7337/412 3032/7338/412 2778/7339/412 3207/7340/412 

vn -2.4869e-13 7.89465e-12 -1
v -39.6032 5.81225 -6.84754
v -44.1532 5.808 -6.84754
f 3027/4388/413 3208/3038/413 3209/3037/413 3205/4379/413 3032/4378/413 

vt 269.588 230.288
v -39.6032 5.81225 -6.84304
vt 269.411 230.288
f 3208/7341/284 3027/7109/284 2779/7108/284 3210/7342/284 

usemtl FrontColor
vt 1559.33 333.315
vt 1738.46 333.122
f 3027/7130/86 2779/7343/86 2778/7344/86 3032/7127/86 

vn -6.35603e-14 -3.78684e-12 1
v -44.1532 5.808 -6.84304
f 3210/4918/414 2779/4919/414 2778/4370/414 3207/4375/414 3211/4920/414 

vn -1.12188e-13 -5.58901e-12 1
vt -1870.59 230.3
v -47.513 5.80911 -6.84304
f 2778/4370/415 2977/4371/415 2901/7345/415 3212/6285/415 3207/4375/415 

usemtl Color_007
vt -269.402 231.891
vn -1 -0.000940624 -5.39072e-06
vt -269.402 232.058
vt -269.579 232.368
vt -269.579 232.201
f 2778/7346/416 2977/7347/416 2978/7348/416 3032/7349/416 

vn -1 -0.000936004 4.2028e-12
vt -269.588 230.456
vt -269.411 230.456
f 2900/6692/417 3206/7350/417 3212/7351/417 2901/6693/417 

vt 1738.1 269.588
vn 0.000936004 -1 -8.82341e-10
vt 1870.37 269.588
f 3205/7352/418 3207/6562/418 3212/6960/418 3206/7353/418 

vt -269.411 230.097
vn -1 -0.000826114 5.04219e-12
vt -269.411 230.265
vt -269.588 230.265
vt -269.588 230.097
f 3211/7354/419 3207/7355/419 3205/7356/419 3209/7357/419 

vt 1558.97 269.588
f 3208/7358/318 3210/6563/318 3211/6562/318 3209/7352/318 

usemtl FrontColor
vt 1738.1 271.331
vn 0.000936004 -1 -7.56599e-16
vt 1870.37 270.356
vt 1870.37 271.331
f 2982/7359/420 2981/7323/420 2899/7360/420 2898/7361/420 

vt -1738.17 66.2159
vt -1738.17 66.42
vt -1870.45 66.2774
vt -1870.45 66.0733
f 2983/7362/71 2982/7363/71 2898/7364/71 2897/7365/71 

vt 1738.1 271.541
vn 0.000936004 -1 -3.25203e-15
vt 1738.1 271.433
vt 1870.37 271.433
vt 1870.37 271.637
vt 1738.1 271.637
f 2984/7366/421 2983/7367/421 2897/7368/421 2896/7369/421 2985/7370/421 

vt 1738.17 66.5228
vt 1738.17 66.1147
vt 1870.45 65.9721
vt 1870.45 66.3802
f 2986/7371/79 2985/7372/79 2896/7373/79 2895/7374/79 

vt -1738.1 270.253
vn -0.000936004 1 2.4823e-14
vt -1738.1 271.434
vt -1870.37 271.434
vt -1870.37 270.253
f 2987/7375/422 2986/7376/422 2895/7377/422 2894/7378/422 

vt -1738.46 333.37
vt -1738.46 335.275
vt -1870.74 335.132
vt -1870.73 333.228
f 2988/7379/77 2987/7380/77 2894/7381/77 2893/7382/77 

usemtl White1
vt -1870.37 266.95
vn -0.000936004 1 5.3038e-12
vt -1870.37 269.308
f 2892/7383/75 2989/6968/75 2988/6971/423 2893/7384/423 

vt 1738.07 -26.2964
vt 1738.07 -26.8532
vt 1870.34 -27.0283
vt 1870.34 -26.4715
f 2990/7385/75 2989/7386/75 2892/7387/75 2891/7388/75 

vt -1870.37 266.556
vt -1870.37 265.859
f 2991/6979/74 2990/6978/75 2891/7389/75 2890/7390/74 

vt -1738.57 349.621
vt -1738.57 350.178
vt -1870.84 350.003
vt -1870.84 349.446
f 2992/7391/74 2991/7392/74 2890/7393/74 2889/7394/74 

vt -1870.37 265.466
vt -1870.37 263.104
f 2993/6987/75 2992/6986/74 2889/7395/74 2888/7396/75 

vt 1738.07 -23.5766
vt 1738.07 -24.1333
vt 1870.34 -24.3084
vt 1870.34 -23.7516
f 2994/7397/75 2993/7398/75 2888/7399/75 2887/7400/75 

vt -1870.37 262.71
vt -1870.37 262.013
f 2995/6995/74 2994/6994/75 2887/7401/75 2886/7402/74 

vt -1738.56 346.901
vt -1738.56 347.458
vt -1870.84 347.283
vt -1870.83 346.726
f 2996/7403/74 2995/7404/74 2886/7405/74 2885/7406/74 

vn -0.000936004 1 7.64053e-16
vt -1870.37 261.619
vt -1870.37 259.257
f 2997/7003/424 2996/7002/74 2885/7407/74 2884/7408/424 

vt 1738.18 73.0331
vt 1738.18 71.1286
vt 1870.45 70.9861
vt 1870.45 72.8905
f 2998/7409/79 2997/7410/79 2884/7411/79 2883/7412/79 

vn -0.000936004 1 7.61017e-16
vt -1870.37 258.312
vt -1870.37 257.131
f 2999/7011/425 2998/7010/425 2883/7413/425 2882/7414/425 

vt -1738.46 326.86
vt -1738.46 328.764
vt -1870.73 328.622
vt -1870.73 326.717
f 3000/7415/77 2999/7416/77 2882/7417/77 2881/7418/77 

vn -0.000936004 1 7.60909e-16
vt -1870.37 256.186
vt -1870.37 253.824
f 3001/7019/75 3000/7018/426 2881/7419/426 2880/7420/75 

vt 1738.08 -17.0149
vt 1738.08 -17.5717
vt 1870.35 -17.7468
vt 1870.35 -17.19
f 3002/7421/75 3001/7422/75 2880/7423/75 2879/7424/75 

vt -1870.37 253.43
vt -1870.37 252.733
f 3003/7027/74 3002/7026/75 2879/7425/75 2878/7426/74 

vt -1738.55 340.34
vt -1738.55 340.897
vt -1870.83 340.721
vt -1870.83 340.165
f 3004/7427/74 3003/7428/74 2878/7429/74 2877/7430/74 

vt -1870.37 252.34
vt -1870.37 249.981
f 3005/7035/75 3004/7034/74 2877/7431/74 2876/7432/75 

vt 1738.08 -14.2979
vt 1738.08 -14.8547
vt 1870.36 -15.0297
vt 1870.36 -14.473
f 3006/7433/75 3005/7434/75 2876/7435/75 2875/7436/75 

vt -1870.37 249.588
vt -1870.37 248.891
f 3007/7043/74 3006/7042/75 2875/7437/75 2874/7438/74 

vt -1738.55 337.623
vt -1738.55 338.179
vt -1870.82 338.004
vt -1870.82 337.448
f 3008/7439/74 3007/7440/74 2874/7441/74 2873/7442/74 

vt -1870.37 248.497
vt -1870.37 246.135
f 3009/7051/426 3008/7050/74 2873/7443/74 2872/7444/426 

vt 1738.19 79.5435
vt 1738.19 77.639
vt 1870.46 77.4964
vt 1870.46 79.4009
f 3010/7445/79 3009/7446/79 2872/7447/79 2871/7448/79 

vt -1870.37 245.19
vt -1870.37 244.009
f 3011/7059/425 3010/7058/425 2871/7449/425 2870/7450/425 

vt -1738.45 320.35
vt -1738.45 322.254
vt -1870.72 322.111
vt -1870.72 320.207
f 3012/7451/77 3011/7452/77 2870/7453/77 2869/7454/77 

vt -1870.37 243.064
vt -1870.37 240.702
f 3013/7067/75 3012/7066/424 2869/7455/424 2868/7456/75 

vt 1738.09 -7.73627
vt 1738.09 -8.29304
vt 1870.36 -8.46813
vt 1870.37 -7.91136
f 3014/7457/75 3013/7458/75 2868/7459/75 2867/7460/75 

vt -1870.37 240.308
vt -1870.37 239.613
f 3015/7075/74 3014/7074/75 2867/7461/75 2866/7462/74 

vt -1738.54 331.062
vt -1738.54 331.619
vt -1870.81 331.444
vt -1870.81 330.887
f 3016/7463/74 3015/7464/74 2866/7465/74 2865/7466/74 

vt -1870.37 239.22
vt -1870.37 236.857
f 3017/7083/75 3016/7082/74 2865/7467/74 2864/7468/75 

vt 1738.1 -5.01781
vt 1738.1 -5.57458
vt 1870.37 -5.74967
vt 1870.37 -5.1929
f 3018/7469/75 3017/7470/75 2864/7471/75 2863/7472/75 

vt -1870.37 236.464
vt -1870.37 235.769
f 3019/7091/74 3018/7090/75 2863/7473/75 2862/7474/74 

vt -1738.54 328.344
vt -1738.54 328.901
vt -1870.81 328.726
vt -1870.81 328.169
f 3020/7475/74 3019/7476/74 2862/7477/74 2861/7478/74 

vt -1870.37 232.809
vt -1870.37 235.375
f 2860/7479/73 3021/7096/73 3020/7099/74 2861/7480/74 

vt -1738.19 85.5539
vt -1870.47 84.108
vt -1738.19 84.2506
f 2702/7481/71 2941/6734/71 2859/6733/71 2860/7482/71 3021/7483/71 

usemtl FrontColor
vt 1738.1 232.175
vn 0.000936004 -1 -9.73709e-14
vt 1870.37 232.066
vt 1874.37 232.066
vt 1874.37 232.271
v -44.1533 5.89025 -5.89967
f 2700/7484/427 2941/6479/427 2859/7485/427 2405/7486/427 2404/7487/427 3213/6481/427 

usemtl White1
vt 232.066 233.529
vt 232.175 233.529
f 2617/6272/361 2941/7488/361 2700/7489/361

vt 231.965 233.706
f 2617/6272/361 2940/7490/361 2941/7488/361

f 2617/6272/361 2618/6271/361 2940/7490/361

vt 232.27 233.529
f 2617/6272/361 2700/7489/361 3213/7491/361

usemtl FrontColor
vt 1738.2 86.0538
vt 1738.2 85.6457
vt 1874.46 85.4988
vt 1874.46 85.9069
f 2617/7492/79 3213/7493/79 2404/7494/79 2403/7495/79 

vt -1874.46 85.6001
vt -1874.46 85.8041
f 2405/7496/71 2859/6733/71 2858/6732/71 2406/7497/71 

vt 1874.37 231.965
vt 1874.37 230.99
f 2406/7498/392 2858/6738/392 2939/6737/392 2407/7499/392 

vt 1738.44 315.029
vt 1874.71 315.494
vt 1870.72 315.498
vt 1870.71 314.886
f 2619/7500/86 2620/6275/86 2408/6278/86 2407/7501/86 2939/7502/86 2938/7503/86 

usemtl M_0024_OrangeRed
vt 1738.44 315.641
f 2618/7504/86 2619/7500/86 2938/7503/86 2939/7502/86 

usemtl M_0050_LemonChiffon
vt 1870.37 230.686
vn 0.000936004 -1 2.5145e-10
vt 1738.1 230.782
f 2938/7505/428 2856/6650/428 2849/6643/428 2850/7506/428 2619/6642/428 

usemtl M_0024_OrangeRed
vt 1559.33 335.118
vt 1559.33 334.506
vt 1738.46 334.313
vt 1738.46 334.925
f 3115/7507/86 3024/7508/86 3022/7509/86 3200/7510/86 

usemtl FrontColor
vt 1558.97 271.331
vn 0.000936004 -1 -6.19483e-11
f 3195/7511/429 3116/7321/429 3036/7324/429 3204/7359/429 

usemtl White1
vt -1738.17 66.3756
vt -1738.17 64.6752
vt -1559.04 64.8683
vt -1559.04 66.5687
f 3036/7512/71 3037/7513/71 3193/7514/71 3116/7515/71 

vt -1738.1 271.971
vt -1558.97 271.971
vt -1558.97 274.537
vt -1738.1 274.537
f 3037/7516/73 3193/7517/73 3192/7518/74 3038/7519/74 

vt -1559.44 356.154
vt -1559.44 356.711
vt -1738.58 356.474
vt -1738.57 355.917
f 3192/7520/74 3191/7521/74 3039/7522/74 3038/7523/74 

vt -1558.97 274.931
vt -1558.97 275.626
vt -1738.1 275.626
vt -1738.1 274.931
f 3191/7524/74 3190/7525/75 3040/7526/75 3039/7527/74 

vt 1558.93 -32.591
vt 1558.93 -33.1478
vt 1738.06 -33.3849
vt 1738.06 -32.8281
f 3190/7528/75 3189/7529/75 3041/7530/75 3040/7531/75 

vt -1558.97 276.02
vt -1558.97 278.382
vt -1738.1 278.382
vt -1738.1 276.02
f 3189/7532/75 3188/7533/74 3042/7534/74 3041/7535/75 

vt -1559.44 358.873
vt -1559.44 359.43
vt -1738.58 359.192
vt -1738.58 358.636
f 3188/7536/74 3187/7537/74 3043/7538/74 3042/7539/74 

vt -1558.97 278.775
vt -1558.97 279.47
vt -1738.1 279.47
vt -1738.1 278.775
f 3187/7540/74 3186/7541/75 3044/7542/75 3043/7543/74 

vt 1558.92 -35.3095
vt 1558.92 -35.8662
vt 1738.06 -36.1034
vt 1738.06 -35.5466
f 3186/7544/75 3185/7545/75 3045/7546/75 3044/7547/75 

vt -1558.97 279.864
vt -1558.97 282.226
vt -1738.1 282.226
vt -1738.1 279.864
f 3185/7548/75 3184/7549/8 3046/7550/8 3045/7551/75 

vt -1559.34 339.827
vt -1559.34 341.731
vt -1738.47 341.538
vt -1738.47 339.634
f 3184/7552/77 3183/7553/77 3047/7554/77 3046/7555/77 

vt -1558.97 283.171
vn -0.000936004 1 7.61668e-16
vt -1558.97 284.352
vt -1738.1 284.352
vt -1738.1 283.171
f 3183/7556/430 3182/7557/430 3048/7558/430 3047/7559/430 

vt 1559.03 60.1612
vt 1559.03 58.2567
vt 1738.17 58.0636
vt 1738.17 59.9681
f 3182/7560/79 3181/7561/79 3049/7562/79 3048/7563/79 

vt -1558.97 285.297
vt -1558.97 287.659
vt -1738.1 287.659
vt -1738.1 285.297
f 3181/7564/8 3180/7565/74 3050/7566/74 3049/7567/8 

vt -1559.45 365.433
vt -1559.45 365.99
vt -1738.59 365.753
vt -1738.59 365.196
f 3180/7568/74 3179/7569/74 3051/7570/74 3050/7571/74 

vt -1558.97 288.053
vt -1558.97 288.75
vt -1738.1 288.75
vt -1738.1 288.053
f 3179/7572/74 3178/7573/75 3052/7574/75 3051/7575/74 

vt 1558.91 -41.8711
vt 1558.91 -42.4279
vt 1738.05 -42.665
vt 1738.05 -42.1082
f 3178/7576/75 3177/7577/75 3053/7578/75 3052/7579/75 

vt -1558.97 289.144
vt -1558.97 291.502
vt -1738.1 291.502
vt -1738.1 289.144
f 3177/7580/75 3176/7581/74 3054/7582/74 3053/7583/75 

vt -1559.46 368.15
vt -1559.46 368.707
vt -1738.59 368.47
vt -1738.59 367.913
f 3176/7584/74 3175/7585/74 3055/7586/74 3054/7587/74 

vt -1558.97 291.896
vt -1558.97 292.592
vt -1738.1 292.592
vt -1738.1 291.896
f 3175/7588/74 3174/7589/75 3056/7590/75 3055/7591/74 

vt 1558.91 -44.5881
vt 1558.91 -45.1449
vt 1738.04 -45.382
vt 1738.04 -44.8253
f 3174/7592/75 3173/7593/75 3057/7594/75 3056/7595/75 

vt -1558.97 292.986
vt -1558.97 295.348
vt -1738.1 295.348
vt -1738.1 292.986
f 3173/7596/75 3172/7597/8 3058/7598/8 3057/7599/75 

vt -1559.34 346.337
vt -1559.34 348.242
vt -1738.48 348.049
vt -1738.48 346.144
f 3172/7600/77 3171/7601/77 3059/7602/77 3058/7603/77 

vt -1558.97 296.293
vt -1558.97 297.474
vt -1738.1 297.474
vt -1738.1 296.293
f 3171/7604/430 3170/7605/430 3060/7606/430 3059/7607/430 

vt 1559.03 53.6508
vt 1559.02 51.7464
vt 1738.16 51.5532
vt 1738.16 53.4577
f 3170/7608/79 3169/7609/79 3061/7610/79 3060/7611/79 

vt -1558.97 298.419
vt -1558.97 300.781
vt -1738.1 300.781
vt -1738.1 298.419
f 3169/7612/8 3168/7613/74 3062/7614/74 3061/7615/8 

vt -1559.47 374.712
vt -1559.47 375.268
vt -1738.6 375.031
vt -1738.6 374.475
f 3168/7616/74 3167/7617/74 3063/7618/74 3062/7619/74 

vt -1558.97 301.175
vt -1558.97 301.872
vt -1738.1 301.872
vt -1738.1 301.175
f 3167/7620/74 3166/7621/75 3064/7622/75 3063/7623/74 

vt 1558.9 -51.1498
vt 1558.9 -51.7065
vt 1738.03 -51.9437
vt 1738.04 -51.3869
f 3166/7624/75 3165/7625/75 3065/7626/75 3064/7627/75 

vt -1558.97 302.266
vt -1558.97 304.628
vt -1738.1 304.628
vt -1738.1 302.266
f 3165/7628/75 3164/7629/74 3066/7630/74 3065/7631/75 

vt -1559.47 377.432
vt -1559.47 377.988
vt -1738.6 377.751
vt -1738.6 377.194
f 3164/7632/74 3163/7633/74 3067/7634/74 3066/7635/74 

vt -1558.97 305.022
vt -1558.97 305.718
vt -1738.1 305.718
vt -1738.1 305.022
f 3163/7636/74 3162/7637/75 3068/7638/75 3067/7639/74 

vt 1558.9 -53.8696
vt 1558.9 -54.4264
vt 1738.03 -54.6635
vt 1738.03 -54.1067
f 3162/7640/75 3161/7641/75 3069/7642/75 3068/7643/75 

vt -1738.1 306.112
vt -1558.97 306.112
vt -1558.97 308.47
vt -1738.1 308.47
f 3069/7644/75 3161/7645/75 3160/7646/249 3070/7647/249 

usemtl FrontColor
vt -1559.35 352.848
vt -1559.35 354.752
vt -1738.48 354.559
vt -1738.48 352.655
f 3160/7648/77 3159/7649/77 3071/7650/77 3070/7651/77 

vt -1558.97 309.415
vn -0.000936004 1 4.87272e-14
vt -1558.97 310.596
vt -1738.1 310.596
vt -1738.1 309.415
f 3159/7652/431 3158/7653/431 3072/7654/431 3071/7655/431 

vt 1559.02 47.1405
vt 1559.02 46.7324
vt 1738.15 46.5393
vt 1738.15 46.9474
f 3158/7656/79 3157/7657/79 3073/7658/79 3072/7659/79 

vt 1558.97 310.799
vn 0.000936004 -1 -7.27732e-16
vt 1558.97 310.595
vt 1738.1 310.595
vt 1738.1 310.799
f 3157/7660/432 3156/7661/432 3074/7662/432 3073/7663/432 

usemtl White1
v -39.6033 5.85725 -7.90796
vt -1559.02 45.3372
vt -1559.02 46.8336
vt -1738.15 46.6405
v -44.1533 5.853 -7.90796
vt -1738.15 45.1441
f 3214/7664/71 3156/7665/71 3074/7666/71 3215/7667/71 

v -39.6033 5.86063 -8.83868
vt 347.98 232.193
v -39.6033 5.88125 -8.85148
vt 348.483 233.005
v -39.6033 5.89475 -8.85985
vt 348.813 233.536
v -39.6033 5.89475 -8.86166
vt 348.884 233.536
v -39.6033 5.89475 -8.88643
vt 349.86 233.536
v -39.6033 5.89475 -8.88674
vt 349.872 233.536
v -39.6033 5.89025 -8.88954
vt 349.982 233.359
v -39.6033 5.89025 -8.89419
vt 350.165 233.359
v -39.6033 5.89925 -8.88905
vt 349.962 233.713
v -39.6033 5.89925 -8.85905
vt 348.781 233.713
v -39.6033 5.85725 -8.83505
vt 347.836 232.06
v -39.6033 5.85725 -8.77515
vt 345.478 232.06
v -39.6033 5.86725 -8.76515
vt 345.084 232.454
v -39.6033 5.86725 -8.74745
vt 344.388 232.454
v -39.6033 5.85725 -8.73745
vt 343.994 232.06
v -39.6033 5.85725 -8.67745
vt 341.632 232.06
v -39.6033 5.86725 -8.66745
vt 341.238 232.454
v -39.6033 5.86725 -8.64975
vt 340.541 232.454
v -39.6033 5.85725 -8.63975
vt 340.147 232.06
v -39.6033 5.85725 -8.57975
vt 337.785 232.06
v -39.6033 5.89925 -8.55575
vt 336.84 233.713
v -39.6033 5.89925 -8.52575
vt 335.659 233.713
v -39.6033 5.85725 -8.50175
vt 334.714 232.06
v -39.6033 5.85725 -8.44175
vt 332.352 232.06
v -39.6033 5.86725 -8.43175
vt 331.959 232.454
v -39.6033 5.86725 -8.41405
vt 331.262 232.454
v -39.6033 5.85725 -8.40405
vt 330.868 232.06
v -39.6033 5.85725 -8.34415
vt 328.51 232.06
v -39.6033 5.86725 -8.33415
vt 328.116 232.454
v -39.6033 5.86725 -8.31645
vt 327.419 232.454
v -39.6033 5.85725 -8.30645
vt 327.025 232.06
v -39.6033 5.85725 -8.24645
vt 324.663 232.06
v -39.6033 5.89925 -8.22245
vt 323.718 233.713
v -39.6033 5.89925 -8.19245
vt 322.537 233.713
v -39.6033 5.85725 -8.16845
vt 321.592 232.06
v -39.6033 5.85725 -8.10845
vt 319.23 232.06
v -39.6033 5.86725 -8.09845
vt 318.836 232.454
v -39.6033 5.86725 -8.0808
vt 318.142 232.454
v -39.6033 5.85725 -8.0708
vt 317.748 232.06
v -39.6033 5.85725 -8.0108
vt 315.386 232.06
v -39.6033 5.86725 -8.0008
vt 314.992 232.454
v -39.6033 5.86725 -7.98315
vt 314.297 232.454
v -39.6033 5.85725 -7.97315
vt 313.903 232.06
vt 311.337 232.06
v -39.6033 5.88125 -7.85915
vt 309.415 233.005
v -39.6033 5.89025 -7.86437
vt 309.621 233.359
v -39.6033 5.89025 -7.88392
vt 310.391 233.359
v -39.6033 5.85275 -7.90535
vt 311.234 231.883
v -39.6033 5.85275 -7.97501
vt 313.977 231.883
v -39.6033 5.86275 -7.98501
vt 314.37 232.276
v -39.6033 5.86275 -7.99893
vt 314.919 232.276
v -39.6033 5.85275 -8.00893
vt 315.312 231.883
v -39.6033 5.85275 -8.07266
vt 317.821 231.883
v -39.6033 5.86275 -8.08266
vt 318.215 232.276
v -39.6033 5.86275 -8.09658
vt 318.763 232.276
v -39.6033 5.85275 -8.10658
vt 319.157 231.883
v -39.6033 5.85275 -8.17106
vt 321.695 231.883
v -39.6033 5.89475 -8.19506
vt 322.64 233.536
v -39.6033 5.89475 -8.21983
vt 323.616 233.536
v -39.6033 5.85275 -8.24383
vt 324.56 231.883
v -39.6033 5.85275 -8.30831
vt 327.099 231.883
v -39.6033 5.86275 -8.31831
vt 327.493 232.276
v -39.6033 5.86275 -8.33228
vt 328.043 232.276
v -39.6033 5.85275 -8.34228
vt 328.436 231.883
v -39.6033 5.85275 -8.40591
vt 330.941 231.883
v -39.6033 5.86275 -8.41591
vt 331.335 232.276
v -39.6033 5.86275 -8.42988
vt 331.885 232.276
v -39.6033 5.85275 -8.43988
vt 332.279 231.883
v -39.6033 5.85275 -8.50436
vt 334.817 231.883
v -39.6033 5.89475 -8.52836
vt 335.762 233.536
v -39.6033 5.89475 -8.55313
vt 336.738 233.536
v -39.6033 5.85275 -8.57713
vt 337.682 231.883
v -39.6033 5.85275 -8.64161
vt 340.221 231.883
v -39.6033 5.86275 -8.65161
vt 340.615 232.276
v -39.6033 5.86275 -8.66558
vt 341.165 232.276
v -39.6033 5.85275 -8.67558
vt 341.558 231.883
v -39.6033 5.85275 -8.73931
vt 344.067 231.883
v -39.6033 5.86275 -8.74931
vt 344.461 232.276
v -39.6033 5.86275 -8.76328
vt 345.011 232.276
v -39.6033 5.85275 -8.77328
vt 345.405 231.883
v -39.6033 5.85275 -8.83505
vt 347.836 231.883
v -39.6033 5.85275 -8.83766
vt 347.939 231.883
v -39.6033 5.85455 -8.83868
vt 347.98 231.953
f 3216/7668/254 3217/7669/254 3218/7670/254 3219/7671/254 3220/7672/254 3221/7673/254 3222/7674/254 3223/7675/254 3224/7676/254 3225/7677/254 3226/7678/254 3227/7679/254 3228/7680/254 3229/7681/254 3230/7682/254 3231/7683/254 3232/7684/254 3233/7685/254 3234/7686/254 3235/7687/254 3236/7688/254 3237/7689/254 3238/7690/254 3239/7691/254 3240/7692/254 3241/7693/254 3242/7694/254 3243/7695/254 3244/7696/254 3245/7697/254 3246/7698/254 3247/7699/254 3248/7700/254 3249/7701/254 3250/7702/254 3251/7703/254 3252/7704/254 3253/7705/254 3254/7706/254 3255/7707/254 3256/7708/254 3257/7709/254 3258/7710/254 3214/7711/254 3156/7264/254 3155/7263/254 3154/7262/254 3153/7261/254 3259/7712/254 3260/7713/254 3261/7714/254 3262/7715/254 3263/7716/254 3264/7717/254 3265/7718/254 3266/7719/254 3267/7720/254 3268/7721/254 3269/7722/254 3270/7723/254 3271/7724/254 3272/7725/254 3273/7726/254 3274/7727/254 3275/7728/254 3276/7729/254 3277/7730/254 3278/7731/254 3279/7732/254 3280/7733/254 3281/7734/254 3282/7735/254 3283/7736/254 3284/7737/254 3285/7738/254 3286/7739/254 3287/7740/254 3288/7741/254 3289/7742/254 3290/7743/254 3291/7744/254 3292/7745/254 3293/7746/254 3294/7747/254 3295/7748/254 3296/7749/254 3297/7750/254 

v -39.6033 5.86063 -8.84216
vt 348.116 232.193
vn 1 0.000936004 -5.85235e-12
v -39.6033 5.88125 -8.85394
vt 348.58 233.005
f 3298/7751/433 3299/7752/433 3217/7669/433 3216/7668/433 3297/7750/433 

usemtl FrontColor
vt 1559.37 373.568
vt 1559.37 372.633
v -44.1533 5.85637 -8.84216
vt 1738.5 372.44
v -44.1533 5.877 -8.85394
vt 1738.51 373.375
v -44.1533 5.8905 -8.86166
vt 1738.51 373.987
vt 1559.37 374.18
f 3299/7753/86 3298/7754/86 3300/7755/86 3301/7756/86 3302/7757/86 3219/7758/86 

usemtl Color_007
vn -3.43114e-13 4.40184e-16 -1
v -39.6032 5.81225 -8.84216
v -44.1532 5.808 -8.84216
f 3298/4388/434 3303/3038/434 3304/3037/434 3300/4378/434 

vn 1 0.000936004 -7.6314e-12
v -39.6032 5.81225 -8.83868
vt 347.98 230.288
vt 348.116 230.288
f 3298/7751/435 3297/7750/435 3305/7759/435 3303/7760/435 

usemtl FrontColor
vt 1559.37 372.357
vt 1559.37 372.276
v -44.1533 5.8485 -8.83766
vt 1738.5 372.083
f 3297/7761/86 3296/7762/86 3306/7763/86 3300/7755/86 3298/7754/86 

usemtl Color_007
v -39.6032 5.81225 -8.83766
vt 347.939 230.288
vn 1 0.000936004 2.95765e-11
f 3307/7764/436 3305/7759/436 3297/7750/436 3296/7749/436 

v -44.1532 5.808 -8.83766
vt 1738.1 347.939
vn 0.000936004 -1 -4.53822e-09
v -44.1532 5.808 -8.83868
vt 1738.1 347.98
vt 1558.97 347.98
vt 1558.97 347.939
f 3308/7765/437 3309/7766/437 3305/7767/437 3307/7768/437 

vt -348.116 232.193
vn -1 -0.000936004 6.0226e-12
vt -348.116 230.288
vt -347.98 230.288
vt -347.939 230.288
vt -347.939 231.883
f 3300/7769/438 3304/7770/438 3309/7771/438 3308/7772/438 3306/7773/438 

vt 1558.97 348.116
vn 0.000936004 -1 1.97836e-10
vt 1738.1 348.116
f 3303/7774/439 3305/7767/439 3309/7766/439 3304/7775/439 

usemtl M_0050_LemonChiffon
v -44.1532 5.803 -8.83868
vn -2.3917e-12 2.50705e-09 -1
v -39.6032 5.80725 -8.83868
f 3310/3036/440 3309/3037/440 3305/3038/440 3311/3039/440 

usemtl FrontColor
v -44.1532 5.804 -8.81697
vt -347.125 230.131
vn -1 -0.000936004 -4.93744e-13
v -44.1532 5.807 -8.81697
vt -347.125 230.249
v -44.1532 5.80725 -8.81701
vt -347.126 230.259
v -44.1532 5.8075 -8.81712
vt -347.131 230.269
v -44.1532 5.8077 -8.81729
vt -347.138 230.277
v -44.1532 5.80786 -8.81752
vt -347.146 230.283
v -44.1532 5.80796 -8.81778
vt -347.157 230.287
v -44.1532 5.808 -8.81806
vt -347.168 230.288
vt -347.98 230.091
v -44.1532 5.803 -8.81806
vt -347.168 230.091
v -44.1532 5.80303 -8.81778
vt -347.157 230.093
v -44.1532 5.80313 -8.81752
vt -347.146 230.097
v -44.1532 5.80329 -8.81729
vt -347.138 230.103
v -44.1532 5.8035 -8.81712
vt -347.131 230.111
v -44.1532 5.80374 -8.81701
vt -347.126 230.121
f 3312/7776/441 3313/7777/441 3314/7778/441 3315/7779/441 3316/7780/441 3317/7781/441 3318/7782/441 3319/7783/441 3308/7772/441 3309/7771/441 3310/7784/441 3320/7785/441 3321/7786/441 3322/7787/441 3323/7788/441 3324/7789/441 3325/7790/441 

usemtl M_0050_LemonChiffon
v -39.6032 5.80825 -8.81697
vn 6.63737e-05 -0.0709117 0.997483
v -39.6032 5.81125 -8.81697
vn -6.63737e-05 0.0709117 0.997483
f 3326/3056/442 3327/3057/443 3313/3058/443 3312/3059/442 

v -39.6032 5.80725 -8.81806
vt 347.168 230.091
vn 1 0.000936004 -8.43872e-12
v -39.6032 5.80725 -8.82316
vt 347.368 230.091
v -39.6032 5.80729 -8.8229
vt 347.358 230.093
v -39.6032 5.80739 -8.82266
vt 347.349 230.097
v -39.6032 5.80755 -8.82245
vt 347.341 230.103
v -39.6032 5.80775 -8.82229
vt 347.334 230.111
v -39.6032 5.808 -8.82219
vt 347.33 230.121
v -39.6032 5.80825 -8.82216
vt 347.329 230.131
v -39.6032 5.81125 -8.82216
vt 347.329 230.249
v -39.6032 5.81151 -8.82219
vt 347.33 230.259
v -39.6032 5.81175 -8.82229
vt 347.334 230.269
v -39.6032 5.81196 -8.82245
vt 347.341 230.277
v -39.6032 5.81212 -8.82266
vt 347.349 230.283
v -39.6032 5.81222 -8.8229
vt 347.358 230.287
v -39.6032 5.81225 -8.82316
vt 347.368 230.288
v -39.6032 5.81225 -8.81806
vt 347.168 230.288
v -39.6032 5.81222 -8.81778
vt 347.157 230.287
v -39.6032 5.81212 -8.81752
vt 347.146 230.283
v -39.6032 5.81196 -8.81729
vt 347.138 230.277
v -39.6032 5.81175 -8.81712
vt 347.131 230.269
v -39.6032 5.81151 -8.81701
vt 347.126 230.259
vt 347.125 230.249
vt 347.125 230.131
v -39.6032 5.808 -8.81701
vt 347.126 230.121
v -39.6032 5.80775 -8.81712
vt 347.131 230.111
v -39.6032 5.80755 -8.81729
vt 347.138 230.103
v -39.6032 5.80739 -8.81752
vt 347.146 230.097
v -39.6032 5.80729 -8.81778
vt 347.157 230.093
f 3328/7791/444 3329/7792/444 3330/7793/444 3331/7794/444 3332/7795/444 3333/7796/444 3334/7797/444 3335/7798/444 3336/7799/444 3337/7800/444 3338/7801/444 3339/7802/444 3340/7803/444 3341/7804/444 3342/7805/444 3343/7806/444 3344/7807/444 3345/7808/444 3346/7809/444 3347/7810/444 3348/7811/444 3327/7812/444 3326/7813/444 3349/7814/444 3350/7815/444 3351/7816/444 3352/7817/444 3353/7818/444 

vt 1558.97 347.368
vn 0.000936004 -1 1.18512e-10
vt 1558.97 347.168
vn 0.0009343 -0.998179 0.0603122
vt 1738.1 347.168
f 3329/7819/445 3328/7820/446 3320/7821/446 3310/7766/445 3311/7767/445 

vt -1556.46 -329.047
vt -1556.46 -329.036
vn 0.00090859 -0.970711 0.240248
vt -1735.59 -330.428
vt -1735.59 -330.44
f 3328/7822/446 3353/7823/447 3321/7824/447 3320/7825/446 

vt -1558.33 -246.402
vt -1558.33 -246.391
vn 0.00082589 -0.882357 0.47058
vt -1737.46 -246.861
vt -1737.46 -246.872
f 3353/7826/447 3352/7827/448 3322/7828/448 3321/7829/447 

vt -1558.72 -153.175
vt -1558.72 -153.164
vn 0.000687517 -0.734524 0.678583
vt -1737.86 -153.455
vt -1737.86 -153.466
f 3352/7830/448 3351/7831/449 3323/7832/449 3322/7833/448 

vt -1558.91 -47.2561
vt -1558.91 -47.2454
vn 0.000496009 -0.529921 0.848047
vt -1738.05 -47.4637
vt -1738.05 -47.4743
f 3351/7834/449 3350/7835/450 3324/7836/450 3323/7837/449 

vt -1559.04 65.9255
vt -1559.04 65.9359
vn 0.000260682 -0.278505 0.960435
vt -1738.17 65.7521
vt -1738.17 65.7416
f 3350/7838/450 3349/7839/451 3325/7840/451 3324/7841/450 

vt -1559.14 177.225
vt -1559.14 177.236
vt -1738.27 177.066
vt -1738.27 177.056
f 3349/7842/451 3326/7843/442 3312/7844/442 3325/7845/451 

vn 1 0.000936004 1.74546e-12
vt 347.98 230.091
f 3307/7764/452 3342/7805/452 3341/7804/452 3340/7803/452 3339/7802/452 3338/7801/452 3337/7800/452 3336/7799/452 3335/7798/452 3334/7797/452 3333/7796/452 3332/7795/452 3331/7794/452 3330/7793/452 3329/7792/452 3311/7846/452 3305/7759/452 

vt -1558.97 347.368
vn -0.000936004 1 -2.28884e-10
vt -1558.97 347.939
vt -1738.1 347.939
vt -1738.1 347.168
vn -0.0009343 0.998179 0.0603122
vt -1558.97 347.168
f 3342/7847/453 3307/7848/453 3308/7849/453 3319/7850/454 3343/7851/454 

usemtl FrontColor
vn -1.02973e-13 -7.55865e-12 1
f 3307/4918/455 3296/4919/455 3306/4370/455 3308/4920/455 

vn 0.000936004 -1 -5.54219e-13
vt 1558.97 347.836
v -44.1533 5.8485 -8.83505
vt 1738.1 347.836
f 3296/7768/456 3295/7852/456 3354/7853/456 3306/7765/456 

v -44.1533 5.8485 -8.77328
vt 1738.1 345.405
vt 1558.97 345.405
f 3355/7854/97 3354/7853/286 3295/7852/286 3294/7855/97 

v -44.1533 5.886 -8.89419
vt -350.165 233.359
vn -1 -0.000936004 3.77473e-15
v -44.1533 5.886 -8.88954
vt -349.982 233.359
v -44.1533 5.8905 -8.88674
vt -349.872 233.536
v -44.1533 5.8905 -8.88643
vt -349.86 233.536
vt -348.884 233.536
v -44.1533 5.8905 -8.85985
vt -348.813 233.536
v -44.1533 5.877 -8.85148
vt -348.483 233.005
vt -348.58 233.005
vt -347.836 231.883
vt -345.405 231.883
v -44.1533 5.8585 -8.76328
vt -345.011 232.276
v -44.1533 5.8585 -8.74931
vt -344.461 232.276
v -44.1533 5.8485 -8.73931
vt -344.067 231.883
v -44.1533 5.8485 -8.67558
vt -341.558 231.883
v -44.1533 5.8585 -8.66558
vt -341.165 232.276
v -44.1533 5.8585 -8.65161
vt -340.615 232.276
v -44.1533 5.8485 -8.64161
vt -340.221 231.883
v -44.1533 5.8485 -8.57713
vt -337.682 231.883
v -44.1533 5.8905 -8.55313
vt -336.738 233.536
v -44.1533 5.8905 -8.52836
vt -335.762 233.536
v -44.1533 5.8485 -8.50436
vt -334.817 231.883
v -44.1533 5.8485 -8.43988
vt -332.279 231.883
v -44.1533 5.8585 -8.42988
vt -331.885 232.276
v -44.1533 5.8585 -8.41591
vt -331.335 232.276
v -44.1533 5.8485 -8.40591
vt -330.941 231.883
v -44.1533 5.8485 -8.34228
vt -328.436 231.883
v -44.1533 5.8585 -8.33228
vt -328.043 232.276
v -44.1533 5.8585 -8.31831
vt -327.493 232.276
v -44.1533 5.8485 -8.30831
vt -327.099 231.883
v -44.1533 5.8485 -8.24383
vt -324.56 231.883
v -44.1533 5.8905 -8.21983
vt -323.616 233.536
v -44.1533 5.8905 -8.19506
vt -322.64 233.536
v -44.1533 5.8485 -8.17106
vt -321.695 231.883
v -44.1533 5.8485 -8.10658
vt -319.157 231.883
v -44.1533 5.8585 -8.09658
vt -318.763 232.276
v -44.1533 5.8585 -8.08266
vt -318.215 232.276
v -44.1533 5.8485 -8.07266
vt -317.821 231.883
v -44.1533 5.8485 -8.00893
vt -315.312 231.883
v -44.1533 5.8585 -7.99893
vt -314.919 232.276
v -44.1533 5.8585 -7.98501
vt -314.37 232.276
v -44.1533 5.8485 -7.97501
vt -313.977 231.883
v -44.1533 5.8485 -7.90535
vt -311.234 231.883
v -44.1533 5.886 -7.88392
vt -310.391 233.359
v -44.1533 5.886 -7.86437
vt -309.621 233.359
v -44.1533 5.877 -7.85923
vt -309.418 233.005
v -44.1533 5.877 -7.85915
vt -309.415 233.005
vt -311.337 232.06
v -44.1533 5.853 -7.97315
vt -313.903 232.06
v -44.1533 5.863 -7.98315
vt -314.297 232.454
v -44.1533 5.863 -8.0008
vt -314.992 232.454
v -44.1533 5.853 -8.0108
vt -315.386 232.06
v -44.1533 5.853 -8.0708
vt -317.748 232.06
v -44.1533 5.863 -8.0808
vt -318.142 232.454
v -44.1533 5.863 -8.09845
vt -318.836 232.454
v -44.1533 5.853 -8.10845
vt -319.23 232.06
v -44.1533 5.853 -8.16845
vt -321.592 232.06
v -44.1533 5.895 -8.19245
vt -322.537 233.713
v -44.1533 5.895 -8.22245
vt -323.718 233.713
v -44.1533 5.853 -8.24645
vt -324.663 232.06
v -44.1533 5.853 -8.30645
vt -327.025 232.06
v -44.1533 5.863 -8.31645
vt -327.419 232.454
v -44.1533 5.863 -8.33415
vt -328.116 232.454
v -44.1533 5.853 -8.34415
vt -328.51 232.06
v -44.1533 5.853 -8.40405
vt -330.868 232.06
v -44.1533 5.863 -8.41405
vt -331.262 232.454
v -44.1533 5.863 -8.43175
vt -331.959 232.454
v -44.1533 5.853 -8.44175
vt -332.352 232.06
v -44.1533 5.853 -8.50175
vt -334.714 232.06
v -44.1533 5.895 -8.52575
vt -335.659 233.713
v -44.1533 5.895 -8.55575
vt -336.84 233.713
v -44.1533 5.853 -8.57975
vt -337.785 232.06
v -44.1533 5.853 -8.63975
vt -340.147 232.06
v -44.1533 5.863 -8.64975
vt -340.541 232.454
v -44.1533 5.863 -8.66745
vt -341.238 232.454
v -44.1533 5.853 -8.67745
vt -341.632 232.06
v -44.1533 5.853 -8.73745
vt -343.994 232.06
v -44.1533 5.863 -8.74745
vt -344.388 232.454
v -44.1533 5.863 -8.76515
vt -345.084 232.454
v -44.1533 5.853 -8.77515
vt -345.478 232.06
v -44.1533 5.853 -8.83505
vt -347.836 232.06
v -44.1533 5.895 -8.85905
vt -348.781 233.713
v -44.1533 5.895 -8.88905
vt -349.962 233.713
f 3356/7856/457 3357/7857/457 3358/7858/457 3359/7859/457 3302/7860/457 3360/7861/457 3361/7862/457 3301/7863/457 3300/7769/457 3306/7773/457 3354/7864/457 3355/7865/457 3362/7866/457 3363/7867/457 3364/7868/457 3365/7869/457 3366/7870/457 3367/7871/457 3368/7872/457 3369/7873/457 3370/7874/457 3371/7875/457 3372/7876/457 3373/7877/457 3374/7878/457 3375/7879/457 3376/7880/457 3377/7881/457 3378/7882/457 3379/7883/457 3380/7884/457 3381/7885/457 3382/7886/457 3383/7887/457 3384/7888/457 3385/7889/457 3386/7890/457 3387/7891/457 3388/7892/457 3389/7893/457 3390/7894/457 3391/7895/457 3392/7896/457 3393/7897/457 3394/7898/457 3395/7899/457 3396/7900/457 3397/7901/457 3077/7181/457 3076/7180/457 3075/7179/457 3074/7178/457 3215/7902/457 3398/7903/457 3399/7904/457 3400/7905/457 3401/7906/457 3402/7907/457 3403/7908/457 3404/7909/457 3405/7910/457 3406/7911/457 3407/7912/457 3408/7913/457 3409/7914/457 3410/7915/457 3411/7916/457 3412/7917/457 3413/7918/457 3414/7919/457 3415/7920/457 3416/7921/457 3417/7922/457 3418/7923/457 3419/7924/457 3420/7925/457 3421/7926/457 3422/7927/457 3423/7928/457 3424/7929/457 3425/7930/457 3426/7931/457 3427/7932/457 3428/7933/457 3429/7934/457 3430/7935/457 3431/7936/457 3432/7937/457 

vt 1558.97 349.982
vn 0.000936004 -1 -1.60979e-15
v -39.6033 5.89025 -8.88901
vt 1558.97 349.961
v -44.1533 5.886 -8.88901
vt 1738.1 349.961
vt 1738.1 349.982
vt 1738.1 350.165
vt 1558.97 350.165
f 3222/7938/458 3433/7939/458 3434/7940/458 3357/7941/458 3356/7942/458 3223/7943/458 

usemtl White1
vt 349.961 233.359
vn 1 0.000936004 2.62809e-11
f 3433/7944/459 3222/7674/459 3221/7673/459 3220/7672/459 

vn 1 0.000936004 6.96667e-15
v -39.6033 5.88125 -8.85702
vt 348.701 233.005
v -39.6033 5.89025 -8.86269
vt 348.925 233.359
v -39.6033 5.89025 -8.88391
vt 349.76 233.359
v -39.6033 5.85275 -8.90717
vt 350.676 231.883
v -39.6033 5.85275 -8.98278
vt 353.653 231.883
v -39.6033 5.86275 -8.99364
vt 354.08 232.276
v -39.6033 5.86275 -9.00875
vt 354.675 232.276
v -39.6033 5.85275 -9.0196
vt 355.102 231.883
v -39.6033 5.85275 -9.08878
vt 357.826 231.883
v -39.6033 5.86275 -9.09963
vt 358.253 232.276
v -39.6033 5.86275 -9.11474
vt 358.848 232.276
v -39.6033 5.85275 -9.1256
vt 359.276 231.883
v -39.6033 5.85275 -9.19558
vt 362.031 231.883
v -39.6033 5.89475 -9.22163
vt 363.056 233.536
v -39.6033 5.89475 -9.24853
vt 364.115 233.536
v -39.6033 5.85275 -9.27458
vt 365.141 231.883
v -39.6033 5.85275 -9.34457
vt 367.896 231.883
v -39.6033 5.86275 -9.35542
vt 368.324 232.276
v -39.6033 5.86275 -9.37059
vt 368.921 232.276
v -39.6033 5.85275 -9.38144
vt 369.348 231.883
v -39.6033 5.85275 -9.45051
vt 372.067 231.883
v -39.6033 5.86275 -9.46136
vt 372.495 232.276
v -39.6033 5.86275 -9.47653
vt 373.092 232.276
v -39.6033 5.85275 -9.48738
vt 373.519 231.883
v -39.6033 5.85275 -9.55737
vt 376.274 231.883
v -39.6033 5.89475 -9.58342
vt 377.3 233.536
v -39.6033 5.89475 -9.61031
vt 378.359 233.536
v -39.6033 5.85275 -9.63636
vt 379.384 231.883
v -39.6033 5.85275 -9.70635
vt 382.14 231.883
v -39.6033 5.86275 -9.7172
vt 382.567 232.276
v -39.6033 5.86275 -9.73237
vt 383.164 232.276
v -39.6033 5.85275 -9.74323
vt 383.592 231.883
v -39.6033 5.85275 -9.8124
vt 386.315 231.883
v -39.6033 5.86275 -9.82325
vt 386.742 232.276
v -39.6033 5.86275 -9.83842
vt 387.339 232.276
v -39.6033 5.85275 -9.84927
vt 387.767 231.883
v -39.6033 5.85275 -9.91632
vt 390.406 231.883
v -39.6033 5.85275 -9.91915
vt 390.518 231.883
v -39.6033 5.86063 -9.92404
vt 390.71 232.193
v -39.6033 5.89475 -9.9452
vt 391.543 233.536
v -39.6033 5.89475 -9.9721
vt 392.602 233.536
v -39.6033 5.89025 -9.97489
vt 392.712 233.359
v -39.6033 5.89025 -9.98051
vt 392.934 233.359
v -39.6033 5.89925 -9.97493
vt 392.714 233.713
v -39.6033 5.89925 -9.94237
vt 391.432 233.713
v -39.6033 5.85725 -9.91632
vt 390.406 232.06
v -39.6033 5.85725 -9.8513
vt 387.846 232.06
v -39.6033 5.86725 -9.84044
vt 387.419 232.454
v -39.6033 5.86725 -9.82123
vt 386.663 232.454
v -39.6033 5.85725 -9.81038
vt 386.235 232.06
v -39.6033 5.85725 -9.74525
vt 383.671 232.06
v -39.6033 5.86725 -9.73439
vt 383.244 232.454
v -39.6033 5.86725 -9.71518
vt 382.487 232.454
v -39.6033 5.85725 -9.70433
vt 382.06 232.06
v -39.6033 5.85725 -9.6392
vt 379.496 232.06
v -39.6033 5.89925 -9.61315
vt 378.47 233.713
v -39.6033 5.89925 -9.58058
vt 377.188 233.713
v -39.6033 5.85725 -9.55453
vt 376.163 232.06
v -39.6033 5.85725 -9.48941
vt 373.599 232.06
v -39.6033 5.86725 -9.47855
vt 373.171 232.454
v -39.6033 5.86725 -9.45934
vt 372.415 232.454
v -39.6033 5.85725 -9.44848
vt 371.988 232.06
v -39.6033 5.85725 -9.38346
vt 369.428 232.06
v -39.6033 5.86725 -9.37261
vt 369 232.454
v -39.6033 5.86725 -9.3534
vt 368.244 232.454
v -39.6033 5.85725 -9.34254
vt 367.817 232.06
v -39.6033 5.85725 -9.27741
vt 365.253 232.06
v -39.6033 5.89925 -9.25136
vt 364.227 233.713
v -39.6033 5.89925 -9.2188
vt 362.945 233.713
v -39.6033 5.85725 -9.19275
vt 361.919 232.06
v -39.6033 5.85725 -9.12762
vt 359.355 232.06
v -39.6033 5.86725 -9.11677
vt 358.928 232.454
v -39.6033 5.86725 -9.09761
vt 358.174 232.454
v -39.6033 5.85725 -9.08675
vt 357.746 232.06
v -39.6033 5.85725 -9.02163
vt 355.182 232.06
v -39.6033 5.86725 -9.01077
vt 354.755 232.454
v -39.6033 5.86725 -8.99161
vt 354.001 232.454
v -39.6033 5.85725 -8.98076
vt 353.573 232.06
v -39.6033 5.85725 -8.91
vt 350.788 232.06
f 3220/7672/460 3219/7671/460 3299/7752/460 3435/7945/460 3436/7946/460 3437/7947/460 3438/7948/460 3439/7949/460 3440/7950/460 3441/7951/460 3442/7952/460 3443/7953/460 3444/7954/460 3445/7955/460 3446/7956/460 3447/7957/460 3448/7958/460 3449/7959/460 3450/7960/460 3451/7961/460 3452/7962/460 3453/7963/460 3454/7964/460 3455/7965/460 3456/7966/460 3457/7967/460 3458/7968/460 3459/7969/460 3460/7970/460 3461/7971/460 3462/7972/460 3463/7973/460 3464/7974/460 3465/7975/460 3466/7976/460 3467/7977/460 3468/7978/460 3469/7979/460 3470/7980/460 3471/7981/460 3472/7982/460 3473/7983/460 3474/7984/460 3475/7985/460 3476/7986/460 3477/7987/460 3478/7988/460 3479/7989/460 3480/7990/460 3481/7991/460 3482/7992/460 3483/7993/460 3484/7994/460 3485/7995/460 3486/7996/460 3487/7997/460 3488/7998/460 3489/7999/460 3490/8000/460 3491/8001/460 3492/8002/460 3493/8003/460 3494/8004/460 3495/8005/460 3496/8006/460 3497/8007/460 3498/8008/460 3499/8009/460 3500/8010/460 3501/8011/460 3502/8012/460 3503/8013/460 3504/8014/460 3505/8015/460 3506/8016/460 3507/8017/460 3508/8018/460 3509/8019/460 3510/8020/460 3511/8021/460 3512/8022/460 3513/8023/460 3222/7674/460 3433/7944/460 

usemtl FrontColor
vt 1558.97 349.86
vn 0.000936004 -1 -7.45839e-16
vt 1558.97 348.884
vt 1738.1 348.884
vt 1738.1 349.86
f 3220/8024/461 3219/8025/461 3302/8026/461 3359/8027/461 

usemtl White1
vt 1738.1 348.813
vn 0.000936004 -1 -1.74585e-10
vt 1558.97 348.813
f 3360/8028/462 3302/8026/462 3219/8025/462 3218/8029/462 

usemtl FrontColor
vn -1 -0.000936004 1.60035e-11
f 3302/7860/463 3301/7863/463 3361/7862/463 3360/7861/463 

v -44.1533 5.877 -8.85702
vt -348.701 233.005
vn -1 -0.000936004 3.88554e-16
vt -349.961 233.359
v -44.1533 5.853 -8.91
vt -350.788 232.06
v -44.1533 5.853 -8.98076
vt -353.573 232.06
v -44.1533 5.863 -8.99161
vt -354.001 232.454
v -44.1533 5.863 -9.01077
vt -354.755 232.454
v -44.1533 5.853 -9.02163
vt -355.182 232.06
v -44.1533 5.853 -9.08675
vt -357.746 232.06
v -44.1533 5.863 -9.09761
vt -358.174 232.454
v -44.1533 5.863 -9.11677
vt -358.928 232.454
v -44.1533 5.853 -9.12762
vt -359.355 232.06
v -44.1533 5.853 -9.19275
vt -361.919 232.06
v -44.1533 5.895 -9.2188
vt -362.945 233.713
v -44.1533 5.895 -9.25136
vt -364.227 233.713
v -44.1533 5.853 -9.27741
vt -365.253 232.06
v -44.1533 5.853 -9.34254
vt -367.817 232.06
v -44.1533 5.863 -9.3534
vt -368.244 232.454
v -44.1533 5.863 -9.37261
vt -369 232.454
v -44.1533 5.853 -9.38346
vt -369.428 232.06
v -44.1533 5.853 -9.44848
vt -371.988 232.06
v -44.1533 5.863 -9.45934
vt -372.415 232.454
v -44.1533 5.863 -9.47855
vt -373.171 232.454
v -44.1533 5.853 -9.48941
vt -373.599 232.06
v -44.1533 5.853 -9.55453
vt -376.163 232.06
v -44.1533 5.895 -9.58058
vt -377.188 233.713
v -44.1533 5.895 -9.61315
vt -378.47 233.713
v -44.1533 5.853 -9.6392
vt -379.496 232.06
v -44.1533 5.853 -9.70433
vt -382.06 232.06
v -44.1533 5.863 -9.71518
vt -382.487 232.454
v -44.1533 5.863 -9.73439
vt -383.244 232.454
v -44.1533 5.853 -9.74525
vt -383.671 232.06
v -44.1533 5.853 -9.81038
vt -386.235 232.06
v -44.1533 5.863 -9.82123
vt -386.663 232.454
v -44.1533 5.863 -9.84044
vt -387.419 232.454
v -44.1533 5.853 -9.8513
vt -387.846 232.06
v -44.1533 5.853 -9.91632
vt -390.406 232.06
v -44.1533 5.895 -9.94237
vt -391.432 233.713
v -44.1533 5.895 -9.97493
vt -392.714 233.713
v -44.1533 5.886 -9.98051
vt -392.934 233.359
v -44.1533 5.886 -9.97489
vt -392.712 233.359
v -44.1533 5.8905 -9.9721
vt -392.602 233.536
v -44.1533 5.8905 -9.9452
vt -391.543 233.536
v -44.1533 5.85637 -9.92404
vt -390.71 232.193
v -44.1533 5.8485 -9.91915
vt -390.518 231.883
v -44.1533 5.8485 -9.91632
vt -390.406 231.883
v -44.1533 5.8485 -9.84927
vt -387.767 231.883
v -44.1533 5.8585 -9.83842
vt -387.339 232.276
v -44.1533 5.8585 -9.82325
vt -386.742 232.276
v -44.1533 5.8485 -9.8124
vt -386.315 231.883
v -44.1533 5.8485 -9.74323
vt -383.592 231.883
v -44.1533 5.8585 -9.73237
vt -383.164 232.276
v -44.1533 5.8585 -9.7172
vt -382.567 232.276
v -44.1533 5.8485 -9.70635
vt -382.14 231.883
v -44.1533 5.8485 -9.63636
vt -379.384 231.883
v -44.1533 5.8905 -9.61031
vt -378.359 233.536
v -44.1533 5.8905 -9.58342
vt -377.3 233.536
v -44.1533 5.8485 -9.55737
vt -376.274 231.883
v -44.1533 5.8485 -9.48738
vt -373.519 231.883
v -44.1533 5.8585 -9.47653
vt -373.092 232.276
v -44.1533 5.8585 -9.46136
vt -372.495 232.276
v -44.1533 5.8485 -9.45051
vt -372.067 231.883
v -44.1533 5.8485 -9.38144
vt -369.348 231.883
v -44.1533 5.8585 -9.37059
vt -368.921 232.276
v -44.1533 5.8585 -9.35542
vt -368.324 232.276
v -44.1533 5.8485 -9.34457
vt -367.896 231.883
v -44.1533 5.8485 -9.27458
vt -365.141 231.883
v -44.1533 5.8905 -9.24853
vt -364.115 233.536
v -44.1533 5.8905 -9.22163
vt -363.056 233.536
v -44.1533 5.8485 -9.19558
vt -362.031 231.883
v -44.1533 5.8485 -9.1256
vt -359.276 231.883
v -44.1533 5.8585 -9.11474
vt -358.848 232.276
v -44.1533 5.8585 -9.09963
vt -358.253 232.276
v -44.1533 5.8485 -9.08878
vt -357.826 231.883
v -44.1533 5.8485 -9.0196
vt -355.102 231.883
v -44.1533 5.8585 -9.00875
vt -354.675 232.276
v -44.1533 5.8585 -8.99364
vt -354.08 232.276
v -44.1533 5.8485 -8.98278
vt -353.653 231.883
v -44.1533 5.8485 -8.90717
vt -350.676 231.883
v -44.1533 5.886 -8.88391
vt -349.76 233.359
v -44.1533 5.886 -8.86269
vt -348.925 233.359
v -44.1533 5.877 -8.8571
vt -348.705 233.005
f 3514/8030/464 3301/7863/464 3302/7860/464 3359/7859/464 3434/8031/464 3357/7857/464 3515/8032/464 3516/8033/464 3517/8034/464 3518/8035/464 3519/8036/464 3520/8037/464 3521/8038/464 3522/8039/464 3523/8040/464 3524/8041/464 3525/8042/464 3526/8043/464 3527/8044/464 3528/8045/464 3529/8046/464 3530/8047/464 3531/8048/464 3532/8049/464 3533/8050/464 3534/8051/464 3535/8052/464 3536/8053/464 3537/8054/464 3538/8055/464 3539/8056/464 3540/8057/464 3541/8058/464 3542/8059/464 3543/8060/464 3544/8061/464 3545/8062/464 3546/8063/464 3547/8064/464 3548/8065/464 3549/8066/464 3550/8067/464 3551/8068/464 3552/8069/464 3553/8070/464 3554/8071/464 3555/8072/464 3556/8073/464 3557/8074/464 3558/8075/464 3559/8076/464 3560/8077/464 3561/8078/464 3562/8079/464 3563/8080/464 3564/8081/464 3565/8082/464 3566/8083/464 3567/8084/464 3568/8085/464 3569/8086/464 3570/8087/464 3571/8088/464 3572/8089/464 3573/8090/464 3574/8091/464 3575/8092/464 3576/8093/464 3577/8094/464 3578/8095/464 3579/8096/464 3580/8097/464 3581/8098/464 3582/8099/464 3583/8100/464 3584/8101/464 3585/8102/464 3586/8103/464 3587/8104/464 3588/8105/464 3589/8106/464 3590/8107/464 3591/8108/464 3592/8109/464 3593/8110/464 

usemtl M_0050_LemonChiffon
vt 1738.1 348.58
vn 0.000936004 -1 2.31731e-10
vt 1738.1 348.701
vt 1558.97 348.701
vt 1558.97 348.58
vt 1558.97 348.483
vt 1738.1 348.483
f 3301/8111/465 3514/8112/465 3435/8113/465 3299/8114/465 3217/8115/465 3361/8116/465 

vn 0.000936004 -1 -2.68952e-08
vt 1738.1 348.705
v -39.6033 5.88125 -8.8571
vt 1558.97 348.705
f 3514/8112/466 3593/8117/466 3594/8118/466 3435/8113/466 

vt 1738.52 379.896
vn 0.000493369 -0.527101 -0.849802
vt 1738.52 380.313
vt 1559.39 380.51
vt 1559.39 380.093
f 3593/8119/467 3592/8120/467 3436/8121/467 3594/8122/467 

vt 1738.1 348.925
vn 0.000936004 -1 -6.28121e-16
vt 1738.1 349.76
vt 1558.97 349.76
vt 1558.97 348.925
f 3592/8123/468 3591/8124/468 3437/8125/468 3436/8126/468 

vt -1738.12 12.0356
vn 0.000493369 -0.527101 0.849802
vt -1738.11 10.2983
vt -1558.98 10.4956
vt -1558.98 12.2329
f 3591/8127/469 3590/8128/469 3438/8129/469 3437/8130/469 

usemtl FrontColor
vt 1558.97 350.676
vn 0.000936004 -1 -7.8861e-16
vt 1738.1 350.676
vt 1738.1 353.653
vn 0.000871908 -0.931522 -0.363685
vt 1558.97 353.653
f 3438/8131/470 3590/8132/470 3589/8133/471 3439/8134/471 

usemtl White1
vt 1559.54 415.642
vt 1559.54 415.06
vt 1738.68 414.813
vt 1738.68 415.394
f 3440/8135/471 3439/8136/471 3589/8137/471 3588/8138/471 

vt 1558.97 354.675
vn 0.000871908 -0.931522 0.363685
vt 1558.97 354.08
vt 1738.1 354.08
vt 1738.1 354.675
f 3441/8139/472 3440/8140/471 3588/8141/471 3587/8142/472 

vt -1558.82 -106.205
vt -1558.82 -105.624
vt -1737.96 -105.871
vt -1737.96 -106.452
f 3442/8143/472 3441/8144/472 3587/8145/472 3586/8146/472 

vt 1558.97 357.826
vt 1558.97 355.102
vt 1738.1 355.102
vt 1738.1 357.826
f 3443/8147/471 3442/8148/472 3586/8149/472 3585/8150/471 

vt 1559.55 418.711
vt 1559.55 418.13
vt 1738.68 417.882
vt 1738.68 418.463
f 3444/8151/471 3443/8152/471 3585/8153/471 3584/8154/471 

vt 1558.97 358.848
vt 1558.97 358.253
vt 1738.1 358.253
vt 1738.1 358.848
f 3445/8155/472 3444/8156/471 3584/8157/471 3583/8158/472 

vt -1558.82 -109.274
vt -1558.82 -108.693
vt -1737.95 -108.94
vt -1737.95 -109.521
f 3446/8159/472 3445/8160/472 3583/8161/472 3582/8162/472 

vt 1558.97 362.031
vn 0.000936004 -1 -7.61343e-16
vt 1558.97 359.276
vt 1738.1 359.276
vt 1738.1 362.031
f 3447/8163/473 3446/8164/472 3582/8165/472 3581/8166/473 

vt 1559.4 388.11
vt 1559.39 386.164
vt 1738.53 385.967
vt 1738.53 387.913
f 3448/8167/467 3447/8168/467 3581/8169/467 3580/8170/467 

vt 1558.97 364.115
vn 0.000936004 -1 -7.61695e-16
vt 1558.97 363.056
vt 1738.1 363.056
vt 1738.1 364.115
f 3449/8171/474 3448/8172/474 3580/8173/474 3579/8174/474 

vt -1558.97 2.87108
vt -1558.97 4.81688
vt -1738.11 4.61957
vt -1738.11 2.67378
f 3450/8175/469 3449/8176/469 3579/8177/469 3578/8178/469 

vt 1558.97 367.896
vt 1558.97 365.141
vt 1738.1 365.141
vt 1738.1 367.896
f 3451/8179/471 3450/8180/473 3578/8181/473 3577/8182/471 

vt 1559.56 426.117
vt 1559.56 425.536
vt 1738.69 425.289
vt 1738.69 425.87
f 3452/8183/471 3451/8184/471 3577/8185/471 3576/8186/471 

vt 1558.97 368.921
vt 1558.97 368.324
vt 1738.1 368.324
vt 1738.1 368.921
f 3453/8187/472 3452/8188/471 3576/8189/471 3575/8190/472 

vt -1558.81 -116.682
vt -1558.81 -116.101
vt -1737.94 -116.348
vt -1737.94 -116.929
f 3454/8191/472 3453/8192/472 3575/8193/472 3574/8194/472 

vt 1558.97 372.067
vt 1558.97 369.348
vt 1738.1 369.348
vt 1738.1 372.067
f 3455/8195/471 3454/8196/472 3574/8197/472 3573/8198/471 

vt 1559.56 429.185
vt 1559.56 428.604
vt 1738.7 428.356
vt 1738.7 428.937
f 3456/8199/471 3455/8200/471 3573/8201/471 3572/8202/471 

vt 1558.97 373.092
vt 1558.97 372.495
vt 1738.1 372.495
vt 1738.1 373.092
f 3457/8203/472 3456/8204/471 3572/8205/471 3571/8206/472 

vt -1558.8 -119.749
vt -1558.8 -119.168
vt -1737.94 -119.416
vt -1737.94 -119.997
f 3458/8207/472 3457/8208/472 3571/8209/472 3570/8210/472 

vt 1558.97 376.274
vt 1558.97 373.519
vt 1738.1 373.519
vt 1738.1 376.274
f 3459/8211/473 3458/8212/472 3570/8213/472 3569/8214/473 

vt 1559.4 395.618
vt 1559.4 393.672
vt 1738.54 393.475
vt 1738.54 395.42
f 3460/8215/467 3459/8216/467 3569/8217/467 3568/8218/467 

vt 1558.97 378.359
vn 0.000936004 -1 -2.76041e-14
vt 1558.97 377.3
vt 1738.1 377.3
vt 1738.1 378.359
f 3461/8219/475 3460/8220/475 3568/8221/475 3567/8222/475 

vt -1558.96 -4.63667
vt -1558.97 -2.69087
vt -1738.1 -2.88817
vt -1738.1 -4.83397
f 3462/8223/469 3461/8224/469 3567/8225/469 3566/8226/469 

vt 1558.97 382.14
vt 1558.97 379.384
vt 1738.1 379.384
vt 1738.1 382.14
f 3463/8227/471 3462/8228/473 3566/8229/473 3565/8230/471 

vt 1559.57 436.593
vt 1559.57 436.012
vt 1738.71 435.764
vt 1738.71 436.345
f 3464/8231/471 3463/8232/471 3565/8233/471 3564/8234/471 

vt 1558.97 383.164
vt 1558.97 382.567
vt 1738.1 382.567
vt 1738.1 383.164
f 3465/8235/472 3464/8236/471 3564/8237/471 3563/8238/472 

vt -1558.79 -127.157
vt -1558.79 -126.576
vt -1737.93 -126.824
vt -1737.93 -127.405
f 3466/8239/472 3465/8240/472 3563/8241/472 3562/8242/472 

vt 1558.97 386.315
vt 1558.97 383.592
vt 1738.1 383.592
vt 1738.1 386.315
f 3467/8243/471 3466/8244/472 3562/8245/472 3561/8246/471 

vt 1559.58 439.663
vt 1559.58 439.082
vt 1738.71 438.835
vt 1738.71 439.416
f 3468/8247/471 3467/8248/471 3561/8249/471 3560/8250/471 

vt 1558.97 387.339
vt 1558.97 386.742
vt 1738.1 386.742
vt 1738.1 387.339
f 3469/8251/472 3468/8252/471 3560/8253/471 3559/8254/472 

vt -1558.79 -130.228
vt -1558.79 -129.647
vt -1737.92 -129.895
vt -1737.92 -130.476
f 3470/8255/472 3469/8256/472 3559/8257/472 3558/8258/472 

usemtl FrontColor
vt 1738.1 387.767
vt 1738.1 390.406
vn 0.000936004 -1 -4.71715e-12
vt 1558.97 390.406
vt 1558.97 387.767
f 3558/8259/472 3557/8260/476 3471/8261/476 3470/8262/472 

vt 1558.97 390.518
vn 0.000936004 -1 -2.559e-13
vt 1738.1 390.518
f 3472/8263/477 3471/8261/477 3557/8260/477 3556/8264/477 

vt 1559.41 401.544
vt 1559.41 401.18
vt 1738.54 400.982
vt 1738.54 401.347
f 3473/8265/467 3472/8266/467 3556/8267/467 3555/8268/467 

usemtl Color_007
v -39.6032 5.81225 -9.92404
vt 390.71 230.288
vn 1 0.000936004 6.95888e-13
v -39.6032 5.81225 -9.91915
vt 390.518 230.288
f 3595/8269/478 3473/7983/478 3472/7982/478 3596/8270/478 

vn -3.7273e-13 4.12859e-16 -1
v -44.1532 5.808 -9.92404
f 3473/4388/479 3595/3038/479 3597/3037/479 3555/4378/479 

vt 1558.97 390.71
vn 0.000936004 -1 -8.12578e-10
v -44.1532 5.808 -9.91915
vt 1738.1 390.71
f 3595/8271/480 3596/8263/480 3598/8264/480 3597/8272/480 

usemtl FrontColor
vn -1.12188e-13 -8.20036e-12 1
f 3596/4918/481 3472/4919/481 3556/4370/481 3598/4920/481 

usemtl Color_007
vn -1 -0.000936004 6.13332e-12
vt -390.71 230.288
vt -390.518 230.288
f 3555/8072/482 3597/8273/482 3598/8274/482 3556/8073/482 

usemtl FrontColor
vt 1559.41 403.125
vt 1738.55 402.928
f 3474/8275/467 3473/8265/467 3555/8268/467 3554/8276/467 

vt 1558.97 392.602
vn 0.000936004 -1 -5.4409e-14
vt 1558.97 391.543
vt 1738.1 391.543
vt 1738.1 392.602
f 3475/8277/483 3474/8278/483 3554/8279/483 3553/8280/483 

vt -1558.96 -10.4071
vt -1558.96 -10.1986
vt -1738.09 -10.3959
vt -1738.09 -10.6044
f 3476/8281/469 3475/8282/469 3553/8283/469 3552/8284/469 

vt 1558.97 392.934
vn 0.000936004 -1 -7.79205e-16
vt 1558.97 392.712
vt 1738.1 392.712
vt 1738.1 392.934
f 3477/8285/484 3476/8286/484 3552/8287/484 3551/8288/484 

vt 1558.96 -10.1069
vn -0.000493369 0.527101 -0.849802
vt 1558.96 -10.5238
vt 1738.09 -10.7211
vt 1738.09 -10.3042
f 3478/8289/485 3477/8290/485 3551/8291/485 3550/8292/485 

vt -1558.97 391.432
vn -0.000936004 1 4.49506e-14
vt -1558.97 392.714
vt -1738.1 392.714
vt -1738.1 391.432
f 3479/8293/486 3478/8294/486 3550/8295/486 3549/8296/486 

vt -1559.41 401.271
vn -0.000493369 0.527101 0.849802
vt -1559.41 403.217
vt -1738.55 403.02
vt -1738.54 401.074
f 3480/8297/487 3479/8298/487 3549/8299/487 3548/8300/487 

usemtl White1
vt -1738.1 387.846
vn -0.000871908 0.931522 -0.363685
vt -1558.97 387.846
vt -1558.97 390.406
vn -0.000936004 1 4.9085e-12
vt -1738.1 390.406
f 3547/8301/488 3481/8302/488 3480/8303/489 3548/8304/489 

vt 1558.79 -129.586
vt 1558.79 -130.167
vt 1737.92 -130.414
vt 1737.92 -129.833
f 3482/8305/488 3481/8306/488 3547/8307/488 3546/8308/488 

vt -1558.97 386.663
vn -0.000871908 0.931522 0.363685
vt -1558.97 387.419
vt -1738.1 387.419
vt -1738.1 386.663
f 3483/8309/490 3482/8310/488 3546/8311/488 3545/8312/490 

vt -1559.58 439.144
vt -1559.58 439.725
vt -1738.71 439.477
vt -1738.71 438.896
f 3484/8313/490 3483/8314/490 3545/8315/490 3544/8316/490 

vt -1558.97 383.671
vt -1558.97 386.235
vt -1738.1 386.235
vt -1738.1 383.671
f 3485/8317/488 3484/8318/490 3544/8319/490 3543/8320/488 

vt 1558.79 -126.515
vt 1558.79 -127.096
vt 1737.93 -127.343
vt 1737.93 -126.762
f 3486/8321/488 3485/8322/488 3543/8323/488 3542/8324/488 

vt -1558.97 382.487
vt -1558.97 383.244
vt -1738.1 383.244
vt -1738.1 382.487
f 3487/8325/490 3486/8326/488 3542/8327/488 3541/8328/490 

vt -1559.57 436.073
vt -1559.57 436.654
vt -1738.71 436.407
vt -1738.71 435.826
f 3488/8329/490 3487/8330/490 3541/8331/490 3540/8332/490 

vt -1558.97 379.496
vt -1558.97 382.06
vt -1738.1 382.06
vt -1738.1 379.496
f 3489/8333/8 3488/8334/490 3540/8335/490 3539/8336/8 

vt 1558.97 -2.59914
vt 1558.96 -4.54494
vt 1738.1 -4.74224
vt 1738.1 -2.79644
f 3490/8337/485 3489/8338/485 3539/8339/485 3538/8340/485 

vt -1558.97 377.188
vt -1558.97 378.47
vt -1738.1 378.47
vt -1738.1 377.188
f 3491/8341/430 3490/8342/430 3538/8343/430 3537/8344/430 

vt -1559.4 393.764
vt -1559.4 395.709
vt -1738.54 395.512
vt -1738.54 393.566
f 3492/8345/487 3491/8346/487 3537/8347/487 3536/8348/487 

vt -1558.97 373.599
vt -1558.97 376.163
vt -1738.1 376.163
vt -1738.1 373.599
f 3493/8349/488 3492/8350/8 3536/8351/8 3535/8352/488 

vt 1558.8 -119.107
vt 1558.8 -119.688
vt 1737.94 -119.935
vt 1737.94 -119.354
f 3494/8353/488 3493/8354/488 3535/8355/488 3534/8356/488 

vt -1558.97 372.415
vt -1558.97 373.171
vt -1738.1 373.171
vt -1738.1 372.415
f 3495/8357/490 3494/8358/488 3534/8359/488 3533/8360/490 

vt -1559.56 428.665
vt -1559.56 429.246
vt -1738.7 428.999
vt -1738.7 428.418
f 3496/8361/490 3495/8362/490 3533/8363/490 3532/8364/490 

vt -1558.97 369.428
vt -1558.97 371.988
vt -1738.1 371.988
vt -1738.1 369.428
f 3497/8365/488 3496/8366/490 3532/8367/490 3531/8368/488 

vt 1558.81 -116.039
vt 1558.81 -116.62
vt 1737.94 -116.868
vt 1737.94 -116.287
f 3498/8369/488 3497/8370/488 3531/8371/488 3530/8372/488 

vt -1558.97 368.244
vt -1558.97 369
vt -1738.1 369
vt -1738.1 368.244
f 3499/8373/490 3498/8374/488 3530/8375/488 3529/8376/490 

vt -1559.56 425.598
vt -1559.56 426.179
vt -1738.69 425.931
vt -1738.69 425.35
f 3500/8377/490 3499/8378/490 3529/8379/490 3528/8380/490 

vt -1558.97 365.253
vt -1558.97 367.817
vt -1738.1 367.817
vt -1738.1 365.253
f 3501/8381/8 3500/8382/490 3528/8383/490 3527/8384/8 

vt 1558.97 4.90861
vt 1558.97 2.96281
vt 1738.11 2.76551
vt 1738.11 4.7113
f 3502/8385/485 3501/8386/485 3527/8387/485 3526/8388/485 

vt -1558.97 362.945
vt -1558.97 364.227
vt -1738.1 364.227
vt -1738.1 362.945
f 3503/8389/430 3502/8390/430 3526/8391/430 3525/8392/430 

vt -1559.39 386.256
vt -1559.4 388.202
vt -1738.53 388.004
vt -1738.53 386.059
f 3504/8393/487 3503/8394/487 3525/8395/487 3524/8396/487 

vt -1558.97 359.355
vt -1558.97 361.919
vt -1738.1 361.919
vt -1738.1 359.355
f 3505/8397/488 3504/8398/8 3524/8399/8 3523/8400/488 

vt 1558.82 -108.631
vt 1558.82 -109.212
vt 1737.95 -109.46
vt 1737.95 -108.879
f 3506/8401/488 3505/8402/488 3523/8403/488 3522/8404/488 

vt -1558.97 358.174
vt -1558.97 358.928
vt -1738.1 358.928
vt -1738.1 358.174
f 3507/8405/490 3506/8406/488 3522/8407/488 3521/8408/490 

vt -1559.55 418.191
vt -1559.55 418.772
vt -1738.68 418.525
vt -1738.68 417.944
f 3508/8409/490 3507/8410/490 3521/8411/490 3520/8412/490 

vt -1558.97 355.182
vt -1558.97 357.746
vt -1738.1 357.746
vt -1738.1 355.182
f 3509/8413/488 3508/8414/490 3520/8415/490 3519/8416/488 

vt 1558.82 -105.562
vt 1558.82 -106.143
vt 1737.96 -106.391
vt 1737.96 -105.81
f 3510/8417/488 3509/8418/488 3519/8419/488 3518/8420/488 

vt -1558.97 354.001
vt -1558.97 354.755
vt -1738.1 354.755
vt -1738.1 354.001
f 3511/8421/490 3510/8422/488 3518/8423/488 3517/8424/490 

vt -1559.54 415.122
vt -1559.54 415.703
vt -1738.68 415.456
vt -1738.68 414.874
f 3512/8425/490 3511/8426/490 3517/8427/490 3516/8428/490 

vt -1738.1 350.788
vn -0.000936004 1 -1.91608e-11
vt -1558.97 350.788
vt -1558.97 353.573
vt -1738.1 353.573
f 3515/8429/491 3513/8430/491 3512/8431/490 3516/8432/490 

vt -1738.12 12.1273
vt -1738.12 11.9188
vt -1738.11 10.39
vt -1558.98 10.5873
vt -1558.98 12.1161
vt -1558.98 12.3246
f 3358/8433/469 3357/8434/469 3515/8435/469 3513/8436/469 3222/8437/469 3221/8438/469 

usemtl FrontColor
vn -1 -0.000936004 -5.23631e-11
f 3358/7858/492 3357/7857/492 3434/8031/492 3359/7859/492 

vt -1559 27.3025
vt -1559 27.5066
vt -1738.13 27.3135
vt -1738.13 27.1094
f 3433/8439/71 3220/8440/71 3359/8441/71 3434/8442/71 

usemtl White1
vt 1558.97 349.872
vn 0.000936004 -1 1.01676e-09
vt 1738.1 349.872
f 3221/8443/493 3220/8024/493 3359/8027/493 3358/8444/493 

usemtl M_0050_LemonChiffon
vn 1 0.000936004 -1.05365e-11
vt 348.705 233.005
f 3436/7946/494 3435/7945/494 3594/8445/494

usemtl White1
vn 1 0.000936004 -1.07331e-11
f 3217/7669/495 3299/7752/495 3219/7671/495 3218/7670/495 

usemtl M_0024_OrangeRed
vt 1559.39 380.602
vt 1559.39 379.977
vt 1738.52 379.779
vt 1738.52 380.405
f 3218/8446/467 3217/8447/467 3361/8448/467 3360/8449/467 

usemtl FrontColor
vt 1559 27.6094
vt 1559 27.2013
vt 1738.13 27.0082
vt 1738.13 27.4163
f 3224/8450/79 3223/8451/79 3356/8452/79 3432/8453/79 

vt -1558.97 348.781
vn -0.000936004 1 4.87278e-14
vt -1558.97 349.962
vt -1738.1 349.962
vt -1738.1 348.781
f 3225/8454/496 3224/8455/496 3432/8456/496 3431/8457/496 

vt -1559.37 372.379
vt -1559.37 374.283
vt -1738.51 374.09
vt -1738.5 372.186
f 3226/8458/77 3225/8459/77 3431/8460/77 3430/8461/77 

usemtl White1
vt -1738.1 345.478
vt -1558.97 345.478
vt -1558.97 347.836
vn -0.000936004 1 5.30382e-12
vt -1738.1 347.836
f 3429/8462/75 3227/8463/75 3226/8464/497 3430/8465/497 

vt 1558.86 -81.7056
vt 1558.86 -82.2624
vt 1737.99 -82.4995
vt 1737.99 -81.9428
f 3228/8466/75 3227/8467/75 3429/8468/75 3428/8469/75 

vt -1558.97 344.388
vt -1558.97 345.084
vt -1738.1 345.084
vt -1738.1 344.388
f 3229/8470/74 3228/8471/75 3428/8472/75 3427/8473/74 

vt -1559.51 405.268
vt -1559.51 405.824
vt -1738.64 405.587
vt -1738.64 405.03
f 3230/8474/74 3229/8475/74 3427/8476/74 3426/8477/74 

vt -1558.97 341.632
vt -1558.97 343.994
vt -1738.1 343.994
vt -1738.1 341.632
f 3231/8478/75 3230/8479/74 3426/8480/74 3425/8481/75 

vt 1558.86 -78.9858
vt 1558.86 -79.5426
vt 1738 -79.7797
vt 1738 -79.2229
f 3232/8482/75 3231/8483/75 3425/8484/75 3424/8485/75 

vt -1558.97 340.541
vt -1558.97 341.238
vt -1738.1 341.238
vt -1738.1 340.541
f 3233/8486/74 3232/8487/75 3424/8488/75 3423/8489/74 

vt -1559.5 402.548
vt -1559.5 403.104
vt -1738.64 402.867
vt -1738.64 402.311
f 3234/8490/74 3233/8491/74 3423/8492/74 3422/8493/74 

vt -1558.97 337.785
vt -1558.97 340.147
vt -1738.1 340.147
vt -1738.1 337.785
f 3235/8494/8 3234/8495/74 3422/8496/74 3421/8497/8 

vt 1559.01 34.1198
vt 1559 32.2153
vt 1738.14 32.0222
vt 1738.14 33.9266
f 3236/8498/79 3235/8499/79 3421/8500/79 3420/8501/79 

vt -1558.97 335.659
vn -0.000936004 1 7.61505e-16
vt -1558.97 336.84
vt -1738.1 336.84
vt -1738.1 335.659
f 3237/8502/498 3236/8503/498 3420/8504/498 3419/8505/498 

vt -1559.36 365.868
vt -1559.37 367.773
vt -1738.5 367.58
vt -1738.5 365.675
f 3238/8506/77 3237/8507/77 3419/8508/77 3418/8509/77 

vt -1558.97 332.352
vt -1558.97 334.714
vt -1738.1 334.714
vt -1738.1 332.352
f 3239/8510/75 3238/8511/8 3418/8512/8 3417/8513/75 

vt 1558.87 -72.4242
vt 1558.87 -72.981
vt 1738.01 -73.2181
vt 1738.01 -72.6613
f 3240/8514/75 3239/8515/75 3417/8516/75 3416/8517/75 

vt -1558.97 331.262
vt -1558.97 331.959
vt -1738.1 331.959
vt -1738.1 331.262
f 3241/8518/74 3240/8519/75 3416/8520/75 3415/8521/74 

vt -1559.49 395.986
vt -1559.49 396.543
vt -1738.63 396.306
vt -1738.63 395.749
f 3242/8522/74 3241/8523/74 3415/8524/74 3414/8525/74 

vt -1558.97 328.51
vt -1558.97 330.868
vt -1738.1 330.868
vt -1738.1 328.51
f 3243/8526/75 3242/8527/74 3414/8528/74 3413/8529/75 

vt 1558.88 -69.7071
vt 1558.88 -70.2639
vt 1738.01 -70.501
vt 1738.01 -69.9442
f 3244/8530/75 3243/8531/75 3413/8532/75 3412/8533/75 

vt -1558.97 327.419
vt -1558.97 328.116
vt -1738.1 328.116
vt -1738.1 327.419
f 3245/8534/74 3244/8535/75 3412/8536/75 3411/8537/74 

vt -1559.49 393.269
vt -1559.49 393.826
vt -1738.62 393.589
vt -1738.62 393.032
f 3246/8538/74 3245/8539/74 3411/8540/74 3410/8541/74 

vt -1558.97 324.663
vt -1558.97 327.025
vt -1738.1 327.025
vt -1738.1 324.663
f 3247/8542/8 3246/8543/74 3410/8544/74 3409/8545/8 

vt 1559.01 40.6301
vt 1559.01 38.7256
vt 1738.14 38.5325
vt 1738.15 40.437
f 3248/8546/79 3247/8547/79 3409/8548/79 3408/8549/79 

vt -1558.97 322.537
vt -1558.97 323.718
vt -1738.1 323.718
vt -1738.1 322.537
f 3249/8550/498 3248/8551/498 3408/8552/498 3407/8553/498 

vt -1559.36 359.358
vt -1559.36 361.262
vt -1738.49 361.069
vt -1738.49 359.165
f 3250/8554/77 3249/8555/77 3407/8556/77 3406/8557/77 

vt -1558.97 319.23
vt -1558.97 321.592
vt -1738.1 321.592
vt -1738.1 319.23
f 3251/8558/75 3250/8559/8 3406/8560/8 3405/8561/75 

vt 1558.89 -63.1455
vt 1558.88 -63.7023
vt 1738.02 -63.9394
vt 1738.02 -63.3826
f 3252/8562/75 3251/8563/75 3405/8564/75 3404/8565/75 

vt -1558.97 318.142
vt -1558.97 318.836
vt -1738.1 318.836
vt -1738.1 318.142
f 3253/8566/74 3252/8567/75 3404/8568/75 3403/8569/74 

vt -1559.48 386.709
vt -1559.48 387.266
vt -1738.62 387.028
vt -1738.61 386.472
f 3254/8570/74 3253/8571/74 3403/8572/74 3402/8573/74 

vt -1558.97 315.386
vt -1558.97 317.748
vt -1738.1 317.748
vt -1738.1 315.386
f 3255/8574/75 3254/8575/74 3402/8576/74 3401/8577/75 

vt 1558.89 -60.427
vt 1558.89 -60.9838
vt 1738.02 -61.2209
vt 1738.02 -60.6642
f 3256/8578/75 3255/8579/75 3401/8580/75 3400/8581/75 

vt -1558.97 314.297
vt -1558.97 314.992
vt -1738.1 314.992
vt -1738.1 314.297
f 3257/8582/74 3256/8583/75 3400/8584/75 3399/8585/74 

vt -1559.48 383.99
vt -1559.48 384.547
vt -1738.61 384.31
vt -1738.61 383.753
f 3258/8586/74 3257/8587/74 3399/8588/74 3398/8589/74 

vt -1738.1 311.337
vn -0.000936004 1 -2.07983e-11
vt -1558.97 311.337
vt -1558.97 313.903
vt -1738.1 313.903
f 3215/8590/499 3214/8591/499 3258/8592/74 3398/8593/74 

vt -1558.86 -82.3358
vt -1558.86 -81.779
vt -1737.99 -82.0162
vt -1737.99 -82.5729
f 3294/8594/97 3293/8595/97 3362/8596/97 3355/8597/97 

vt 1558.97 345.011
vt 1558.97 344.461
vt 1738.1 344.461
vt 1738.1 345.011
f 3293/8598/97 3292/8599/99 3363/8600/99 3362/8601/97 

vt 1559.51 405.751
vt 1559.51 405.194
vt 1738.64 404.957
vt 1738.64 405.514
f 3292/8602/99 3291/8603/99 3364/8604/99 3363/8605/99 

vt 1558.97 344.067
vt 1558.97 341.558
vt 1738.1 341.558
vt 1738.1 344.067
f 3291/8606/99 3290/8607/97 3365/8608/97 3364/8609/99 

vt -1558.86 -79.616
vt -1558.86 -79.0592
vt -1738 -79.2963
vt -1738 -79.8531
f 3290/8610/97 3289/8611/97 3366/8612/97 3365/8613/97 

vt 1558.97 341.165
vt 1558.97 340.615
vt 1738.1 340.615
vt 1738.1 341.165
f 3289/8614/97 3288/8615/99 3367/8616/99 3366/8617/97 

vt 1559.5 403.031
vt 1559.5 402.474
vt 1738.64 402.237
vt 1738.64 402.794
f 3288/8618/99 3287/8619/99 3368/8620/99 3367/8621/99 

vt 1558.97 340.221
vt 1558.97 337.682
vt 1738.1 337.682
vt 1738.1 340.221
f 3287/8622/99 3286/8623/228 3369/8624/228 3368/8625/99 

vt -1559 32.1125
vt -1559.01 34.0169
vt -1738.14 33.8238
vt -1738.14 31.9194
f 3286/8626/71 3285/8627/71 3370/8628/71 3369/8629/71 

vt 1558.97 336.738
vn 0.000936004 -1 -7.89424e-16
vt 1558.97 335.762
vt 1738.1 335.762
vt 1738.1 336.738
f 3285/8630/500 3284/8631/500 3371/8632/500 3370/8633/500 

vt 1559.37 367.67
vt 1559.36 365.766
vt 1738.5 365.572
vt 1738.5 367.477
f 3284/8634/86 3283/8635/86 3372/8636/86 3371/8637/86 

vt 1558.97 334.817
vt 1558.97 332.279
vt 1738.1 332.279
vt 1738.1 334.817
f 3283/8638/228 3282/8639/97 3373/8640/97 3372/8641/228 

vt -1558.87 -73.0543
vt -1558.87 -72.4976
vt -1738.01 -72.7347
vt -1738.01 -73.2915
f 3282/8642/97 3281/8643/97 3374/8644/97 3373/8645/97 

vt 1558.97 331.885
vt 1558.97 331.335
vt 1738.1 331.335
vt 1738.1 331.885
f 3281/8646/97 3280/8647/99 3375/8648/99 3374/8649/97 

vt 1559.49 396.469
vt 1559.49 395.913
vt 1738.63 395.676
vt 1738.63 396.232
f 3280/8650/99 3279/8651/99 3376/8652/99 3375/8653/99 

vt 1558.97 330.941
vt 1558.97 328.436
vt 1738.1 328.436
vt 1738.1 330.941
f 3279/8654/99 3278/8655/97 3377/8656/97 3376/8657/99 

vt -1558.88 -70.3373
vt -1558.88 -69.7805
vt -1738.01 -70.0176
vt -1738.01 -70.5744
f 3278/8658/97 3277/8659/97 3378/8660/97 3377/8661/97 

vt 1558.97 328.043
vt 1558.97 327.493
vt 1738.1 327.493
vt 1738.1 328.043
f 3277/8662/97 3276/8663/99 3379/8664/99 3378/8665/97 

vt 1559.49 393.752
vt 1559.49 393.196
vt 1738.62 392.959
vt 1738.62 393.515
f 3276/8666/99 3275/8667/99 3380/8668/99 3379/8669/99 

vt 1558.97 327.099
vt 1558.97 324.56
vn 0.000936004 -1 -7.60882e-16
vt 1738.1 324.56
vt 1738.1 327.099
f 3275/8670/99 3274/8671/501 3381/8672/501 3380/8673/99 

vt -1559.01 38.6228
vt -1559.01 40.5273
vt -1738.15 40.3342
vt -1738.14 38.4297
f 3274/8674/71 3273/8675/71 3382/8676/71 3381/8677/71 

vt 1558.97 323.616
vn 0.000936004 -1 -7.54323e-16
vt 1558.97 322.64
vt 1738.1 322.64
vt 1738.1 323.616
f 3273/8678/502 3272/8679/502 3383/8680/502 3382/8681/502 

vt 1559.36 361.16
vt 1559.36 359.255
vt 1738.49 359.062
vt 1738.49 360.967
f 3272/8682/86 3271/8683/86 3384/8684/86 3383/8685/86 

vt 1558.97 321.695
vt 1558.97 319.157
vt 1738.1 319.157
vt 1738.1 321.695
f 3271/8686/501 3270/8687/97 3385/8688/97 3384/8689/501 

vt -1558.88 -63.7757
vt -1558.89 -63.2189
vt -1738.02 -63.456
vt -1738.02 -64.0128
f 3270/8690/97 3269/8691/97 3386/8692/97 3385/8693/97 

vt 1558.97 318.763
vt 1558.97 318.215
vt 1738.1 318.215
vt 1738.1 318.763
f 3269/8694/97 3268/8695/99 3387/8696/99 3386/8697/97 

vt 1559.48 387.192
vt 1559.48 386.635
vt 1738.61 386.398
vt 1738.62 386.955
f 3268/8698/99 3267/8699/99 3388/8700/99 3387/8701/99 

vt 1558.97 317.821
vt 1558.97 315.312
vt 1738.1 315.312
vt 1738.1 317.821
f 3267/8702/99 3266/8703/97 3389/8704/97 3388/8705/99 

vt -1558.89 -61.0572
vt -1558.89 -60.5004
vt -1738.02 -60.7375
vt -1738.02 -61.2943
f 3266/8706/97 3265/8707/97 3390/8708/97 3389/8709/97 

vt 1558.97 314.919
vt 1558.97 314.37
vt 1738.1 314.37
vt 1738.1 314.919
f 3265/8710/97 3264/8711/99 3391/8712/99 3390/8713/97 

vt 1559.48 384.474
vt 1559.48 383.917
vt 1738.61 383.68
vt 1738.61 384.237
f 3264/8714/99 3263/8715/99 3392/8716/99 3391/8717/99 

usemtl FrontColor
vt 1558.97 311.234
vn 0.000936004 -1 -8.27073e-16
vt 1738.1 311.234
vt 1738.1 313.977
vt 1558.97 313.977
f 3262/8718/503 3393/8719/503 3392/8720/99 3263/8721/99 

usemtl M_0050_LemonChiffon
vt -1738.15 46.7417
vt -1738.15 45.0413
vt -1559.02 45.2344
vt -1559.02 46.9348
f 3394/8722/71 3393/8723/71 3262/8724/71 3261/8725/71 

vt 1738.1 309.621
vt 1738.1 310.391
vt 1558.97 310.391
vt 1558.97 309.621
f 3395/8726/293 3394/8727/293 3261/8728/293 3260/8729/293 

vt 1738.48 353.945
vt 1738.48 354.353
vt 1559.35 354.547
v -39.6033 5.88125 -7.85923
vt 1559.35 354.138
f 3396/8730/86 3395/8731/86 3260/8732/86 3599/8733/86 

vt 309.418 233.005
f 3260/7713/294 3259/7712/294 3599/8734/294

vt 1738.1 309.415
vt 1738.1 309.418
vt 1558.97 309.418
vt 1558.97 309.415
f 3397/8735/257 3396/8736/257 3599/8737/257 3259/8738/257 

vt 1738.1 309.214
vt 1558.97 309.214
f 3077/8739/256 3397/8735/256 3259/8738/256 3153/8740/256 

usemtl M_0024_OrangeRed
vt 1559.35 354.649
vt 1559.35 354.037
vt 1738.48 353.844
vt 1738.48 354.456
f 3154/8741/86 3153/8742/86 3077/8743/86 3076/8744/86 

usemtl FrontColor
vt 1559.35 353.102
vt 1738.48 352.909
f 3153/8742/86 3152/8745/86 3078/8746/86 3077/8743/86 

vt 1559.35 352.745
vt 1738.48 352.552
f 3152/8745/86 3151/8747/86 3079/8748/86 3078/8746/86 

usemtl Color_007
v -39.6032 5.81225 -7.84226
vt 308.75 230.288
v -39.6032 5.81225 -7.83776
vt 308.573 230.288
f 3600/8749/383 3152/7260/383 3151/7259/383 3601/8750/383 

vn -1.36702e-12 -1.05418e-10 -1
v -44.1532 5.808 -7.84226
f 3152/4388/504 3600/3038/504 3602/3037/504 3078/4378/504 

usemtl M_0050_LemonChiffon
v -44.1532 5.803 -7.84226
vn -2.20932e-12 2.31243e-09 -1
v -39.6032 5.80725 -7.84226
f 3603/3036/505 3602/3037/505 3600/3038/505 3604/3039/505 

usemtl FrontColor
v -44.1532 5.804 -7.82226
vt -307.963 230.131
vn -1 -0.000936004 -1.18669e-12
v -44.1532 5.807 -7.82226
vt -307.963 230.249
v -44.1532 5.80725 -7.82229
vt -307.964 230.259
v -44.1532 5.8075 -7.82239
vt -307.968 230.269
v -44.1532 5.8077 -7.82255
vt -307.974 230.277
v -44.1532 5.80786 -7.82276
vt -307.983 230.283
v -44.1532 5.80796 -7.823
vt -307.992 230.287
v -44.1532 5.808 -7.82326
vt -308.002 230.288
v -44.1532 5.808 -7.83776
vt -308.573 230.288
vt -308.75 230.288
vt -308.75 230.091
v -44.1532 5.803 -7.82326
vt -308.002 230.091
v -44.1532 5.80303 -7.823
vt -307.992 230.093
v -44.1532 5.80313 -7.82276
vt -307.983 230.097
v -44.1532 5.80329 -7.82255
vt -307.974 230.103
v -44.1532 5.8035 -7.82239
vt -307.968 230.111
v -44.1532 5.80374 -7.82229
vt -307.964 230.121
f 3605/8751/506 3606/8752/506 3607/8753/506 3608/8754/506 3609/8755/506 3610/8756/506 3611/8757/506 3612/8758/506 3613/8759/506 3602/8760/506 3603/8761/506 3614/8762/506 3615/8763/506 3616/8764/506 3617/8765/506 3618/8766/506 3619/8767/506 

usemtl M_0050_LemonChiffon
v -39.6032 5.80825 -7.82226
v -39.6032 5.81125 -7.82226
f 3620/3056/52 3621/3057/53 3606/3058/53 3605/3059/52 

v -39.6032 5.80725 -7.82326
vt 308.002 230.091
vn 1 0.000936004 -1.11883e-13
vt 308.75 230.091
v -39.6032 5.81225 -7.82326
vt 308.002 230.288
v -39.6032 5.81222 -7.823
vt 307.992 230.287
v -39.6032 5.81212 -7.82276
vt 307.983 230.283
v -39.6032 5.81196 -7.82255
vt 307.974 230.277
v -39.6032 5.81175 -7.82239
vt 307.968 230.269
v -39.6032 5.81151 -7.82229
vt 307.964 230.259
vt 307.963 230.249
vt 307.963 230.131
v -39.6032 5.808 -7.82229
vt 307.964 230.121
v -39.6032 5.80775 -7.82239
vt 307.968 230.111
v -39.6032 5.80755 -7.82255
vt 307.974 230.103
v -39.6032 5.80739 -7.82276
vt 307.983 230.097
v -39.6032 5.80729 -7.823
vt 307.992 230.093
f 3622/8768/507 3604/8769/507 3600/8749/507 3601/8750/507 3623/8770/507 3624/8771/507 3625/8772/507 3626/8773/507 3627/8774/507 3628/8775/507 3621/8776/507 3620/8777/507 3629/8778/507 3630/8779/507 3631/8780/507 3632/8781/507 3633/8782/507 

vt 1558.97 308.75
vn 0.000936004 -1 1.27018e-10
vt 1558.97 308.002
vt 1738.1 308.002
vt 1738.1 308.75
f 3604/8783/508 3622/8784/56 3614/8785/56 3603/8786/508 

vt -1556.95 -286.506
vt -1556.95 -286.496
vt -1736.08 -287.781
vt -1736.08 -287.791
f 3622/8787/56 3633/8788/57 3615/8789/57 3614/8790/56 

vt -1558.48 -200.307
vt -1558.48 -200.297
vt -1737.62 -200.735
vt -1737.62 -200.746
f 3633/8791/57 3632/8792/58 3616/8793/58 3615/8794/57 

vt -1558.81 -106.662
vt -1558.81 -106.652
vt -1737.94 -106.927
vt -1737.94 -106.937
f 3632/8795/58 3631/8796/59 3617/8797/59 3616/8798/58 

vt -1558.96 -6.76934
vt -1558.96 -6.75906
vt -1738.09 -6.97041
vt -1738.09 -6.98068
f 3631/8799/59 3630/8800/60 3618/8801/60 3617/8802/59 

vt -1559.06 93.1611
vt -1559.06 93.1714
vt -1738.2 92.9899
vt -1738.2 92.9796
f 3630/8803/60 3629/8804/61 3619/8805/61 3618/8806/60 

vt -1559.14 186.483
vt -1559.14 186.493
vt -1738.28 186.324
vt -1738.28 186.313
f 3629/8807/61 3620/8808/52 3605/8809/52 3619/8810/61 

usemtl Color_007
vt -1558.97 308.573
vn -0.000936004 1 1.03443e-09
vt -1558.97 308.75
vt -1738.1 308.75
vt -1738.1 308.573
f 3601/8811/509 3600/8812/509 3602/8813/509 3613/8814/509 

vn -1 -0.000936004 7.9082e-12
f 3078/7182/510 3602/8760/510 3613/8759/510 3079/7183/510 

usemtl FrontColor
f 3601/4918/455 3151/4919/455 3079/4370/455 3613/4920/455 

vt 1558.97 308.573
vn 0.000936004 -1 -2.77697e-13
vt 1558.97 308.47
vt 1738.1 308.47
vt 1738.1 308.573
f 3151/8815/511 3150/8816/511 3080/8817/511 3079/8818/511 

vt 1738.1 306.039
vt 1558.97 306.039
f 3081/8819/97 3080/8817/98 3150/8816/98 3149/8820/97 

usemtl White1
vt -1558.9 -54.4998
vt -1558.9 -53.943
vt -1738.03 -54.1801
vt -1738.03 -54.7369
f 3149/8821/97 3148/8822/97 3082/8823/97 3081/8824/97 

vt 1558.97 305.645
vt 1558.97 305.095
vt 1738.1 305.095
vt 1738.1 305.645
f 3148/8825/97 3147/8826/99 3083/8827/99 3082/8828/97 

vt 1559.47 377.915
vt 1559.47 377.358
vt 1738.6 377.121
vt 1738.6 377.678
f 3147/8829/99 3146/8830/99 3084/8831/99 3083/8832/99 

vt 1558.97 304.701
vt 1558.97 302.192
vt 1738.1 302.192
vt 1738.1 304.701
f 3146/8833/99 3145/8834/97 3085/8835/97 3084/8836/99 

vt -1558.9 -51.7799
vt -1558.9 -51.2231
vt -1738.04 -51.4603
vt -1738.03 -52.017
f 3145/8837/97 3144/8838/97 3086/8839/97 3085/8840/97 

vt 1558.97 301.799
vt 1558.97 301.248
vt 1738.1 301.248
vt 1738.1 301.799
f 3144/8841/97 3143/8842/99 3087/8843/99 3086/8844/97 

vt 1559.47 375.195
vt 1559.47 374.638
vt 1738.6 374.401
vt 1738.6 374.958
f 3143/8845/99 3142/8846/99 3088/8847/99 3087/8848/99 

vt 1558.97 300.855
vt 1558.97 298.316
vt 1738.1 298.316
vt 1738.1 300.855
f 3142/8849/99 3141/8850/473 3089/8851/473 3088/8852/99 

vt -1559.02 51.6435
vt -1559.03 53.548
vt -1738.16 53.3549
vt -1738.16 51.4504
f 3141/8853/71 3140/8854/71 3090/8855/71 3089/8856/71 

vt 1558.97 297.371
vn 0.000936004 -1 -2.99015e-14
vt 1558.97 296.396
vt 1738.1 296.396
vt 1738.1 297.371
f 3140/8857/512 3139/8858/512 3091/8859/512 3090/8860/512 

vt 1559.34 348.139
vt 1559.34 346.235
vt 1738.48 346.041
vt 1738.48 347.946
f 3139/8861/86 3138/8862/86 3092/8863/86 3091/8864/86 

vt 1558.97 295.451
vt 1558.97 292.913
vt 1738.1 292.913
vt 1738.1 295.451
f 3138/8865/473 3137/8866/97 3093/8867/97 3092/8868/473 

vt -1558.91 -45.2183
vt -1558.91 -44.6615
vt -1738.04 -44.8986
vt -1738.04 -45.4554
f 3137/8869/97 3136/8870/97 3094/8871/97 3093/8872/97 

vt 1558.97 292.519
vt 1558.97 291.969
vt 1738.1 291.969
vt 1738.1 292.519
f 3136/8873/97 3135/8874/99 3095/8875/99 3094/8876/97 

vt 1559.46 368.633
vt 1559.46 368.077
vt 1738.59 367.84
vt 1738.59 368.396
f 3135/8877/99 3134/8878/99 3096/8879/99 3095/8880/99 

vt 1558.97 291.575
vt 1558.97 289.07
vt 1738.1 289.07
vt 1738.1 291.575
f 3134/8881/99 3133/8882/97 3097/8883/97 3096/8884/99 

vt -1558.91 -42.5012
vt -1558.91 -41.9445
vt -1738.05 -42.1816
vt -1738.05 -42.7384
f 3133/8885/97 3132/8886/97 3098/8887/97 3097/8888/97 

vt 1558.97 288.676
vt 1558.97 288.126
vt 1738.1 288.126
vt 1738.1 288.676
f 3132/8889/97 3131/8890/99 3099/8891/99 3098/8892/97 

vt 1559.45 365.916
vt 1559.45 365.36
vt 1738.59 365.122
vt 1738.59 365.679
f 3131/8893/99 3130/8894/99 3100/8895/99 3099/8896/99 

vt 1558.97 287.733
vt 1558.97 285.194
vt 1738.1 285.194
vt 1738.1 287.733
f 3130/8897/99 3129/8898/473 3101/8899/473 3100/8900/99 

vt -1559.03 58.1539
vt -1559.03 60.0584
vt -1738.17 59.8653
vt -1738.17 57.9608
f 3129/8901/71 3128/8902/71 3102/8903/71 3101/8904/71 

vt 1558.97 284.249
vn 0.000936004 -1 -7.48224e-16
vt 1558.97 283.274
vt 1738.1 283.274
vt 1738.1 284.249
f 3128/8905/513 3127/8906/513 3103/8907/513 3102/8908/513 

vt 1559.34 341.629
vt 1559.33 339.724
vt 1738.47 339.531
vt 1738.47 341.436
f 3127/8909/86 3126/8910/86 3104/8911/86 3103/8912/86 

vt 1558.97 282.329
vt 1558.97 279.791
vt 1738.1 279.791
vt 1738.1 282.329
f 3126/8913/473 3125/8914/97 3105/8915/97 3104/8916/473 

vt -1558.92 -35.9396
vt -1558.92 -35.3828
vt -1738.06 -35.62
vt -1738.06 -36.1767
f 3125/8917/97 3124/8918/97 3106/8919/97 3105/8920/97 

vt 1558.97 279.397
vt 1558.97 278.849
vt 1738.1 278.849
vt 1738.1 279.397
f 3124/8921/97 3123/8922/99 3107/8923/99 3106/8924/97 

vt 1559.44 359.356
vt 1559.44 358.799
vt 1738.58 358.562
vt 1738.58 359.119
f 3123/8925/99 3122/8926/99 3108/8927/99 3107/8928/99 

vt 1558.97 278.455
vt 1558.97 275.946
vt 1738.1 275.946
vt 1738.1 278.455
f 3122/8929/99 3121/8930/97 3109/8931/97 3108/8932/99 

vt -1558.93 -33.2212
vt -1558.93 -32.6644
vt -1738.06 -32.9015
vt -1738.06 -33.4583
f 3121/8933/97 3120/8934/97 3110/8935/97 3109/8936/97 

vt 1558.97 275.552
vt 1558.97 275.004
vt 1738.1 275.004
vt 1738.1 275.552
f 3120/8937/97 3119/8938/99 3111/8939/99 3110/8940/97 

vt 1559.44 356.638
vt 1559.44 356.081
vt 1738.57 355.844
vt 1738.57 356.401
f 3119/8941/99 3118/8942/99 3112/8943/99 3111/8944/99 

usemtl FrontColor
vt 1558.97 271.868
vn 0.000936004 -1 -7.90914e-16
vt 1738.1 271.868
vt 1738.1 274.611
vt 1558.97 274.611
f 3117/8945/514 3113/8946/514 3112/8947/99 3118/8948/99 

usemtl M_0050_LemonChiffon
vt -1738.17 66.2728
vt -1738.17 64.5724
vt -1559.04 64.7655
vt -1559.04 66.4659
f 3034/8949/71 3113/8950/71 3117/8951/71 3035/8952/71 

vt -1558.97 308.002
vn -0.000936004 1 -3.21077e-10
vt -1738.1 308.002
f 3623/8953/62 3601/8811/515 3613/8814/515 3612/8954/62 

vt -1561.33 324.228
vt -1561.33 324.238
vt -1740.46 322.954
vt -1740.46 322.943
f 3624/8955/64 3623/8956/62 3612/8957/62 3611/8958/64 

vt -1559.87 368.85
vt -1559.87 368.86
vt -1739.01 368.422
vt -1739.01 368.412
f 3625/8959/65 3624/8960/64 3611/8961/64 3610/8962/65 

vt -1559.56 382.119
vt -1559.56 382.129
vt -1738.69 381.853
vt -1738.69 381.843
f 3626/8963/66 3625/8964/65 3610/8965/65 3609/8966/66 

vt -1559.4 368.324
vt -1559.4 368.334
vt -1738.54 368.123
vt -1738.54 368.113
f 3627/8967/67 3626/8968/66 3609/8969/66 3608/8970/67 

vt -1559.3 329.005
vt -1559.3 329.015
vt -1738.44 328.834
vt -1738.44 328.823
f 3628/8971/68 3627/8972/67 3608/8973/67 3607/8974/68 

vt -1559.22 267.004
vt -1559.22 267.015
vt -1738.35 266.845
vt -1738.35 266.835
f 3621/8975/53 3628/8976/68 3607/8977/68 3606/8978/53 

usemtl FrontColor
vt 1558.97 310.493
vt 1558.97 309.518
vt 1738.1 309.518
vt 1738.1 310.493
f 3155/8979/291 3154/8980/291 3076/8981/291 3075/8982/291 

vt -1559.02 47.0377
vt -1738.15 46.8445
f 3156/7665/71 3155/8983/71 3075/8984/71 3074/7666/71 

usemtl M_0050_LemonChiffon
vt -1561.82 360.229
vn -0.00090859 0.970711 0.240248
vt -1561.82 360.24
vt -1740.94 358.847
vt -1740.94 358.836
f 3344/8985/516 3343/8986/454 3319/8987/454 3318/8988/516 

vt -1560.03 402.341
vn -0.00082589 0.882357 0.47058
vt -1560.03 402.352
vt -1739.16 401.882
vt -1739.16 401.871
f 3345/8989/517 3344/8990/516 3318/8991/516 3317/8992/517 

vt -1559.64 413.86
vn -0.000687517 0.734524 0.678583
vt -1559.64 413.871
vt -1738.77 413.58
vt -1738.77 413.57
f 3346/8993/518 3345/8994/517 3317/8995/517 3316/8996/518 

vt -1559.45 397.195
vn -0.000496009 0.529921 0.848047
vt -1559.45 397.206
vt -1738.59 396.988
vt -1738.59 396.977
f 3347/8997/519 3346/8998/518 3316/8999/518 3315/9000/519 

vt -1559.33 350.755
vn -0.000260682 0.278505 0.960435
vt -1559.33 350.765
vt -1738.46 350.582
vt -1738.46 350.571
f 3348/9001/520 3347/9002/519 3315/9003/519 3314/9004/520 

vt -1559.23 275.566
vt -1559.23 275.576
vt -1738.36 275.407
vt -1738.36 275.396
f 3327/9005/443 3348/9006/520 3314/9007/520 3313/9008/443 

usemtl FrontColor
vt -1559.04 66.2634
vt -1559.04 66.4675
vt -1738.17 66.2744
vt -1738.17 66.0703
f 3196/9009/71 3195/9010/71 3204/9011/71 3203/9012/71 

vt 1558.97 271.637
vn 0.000936004 -1 -7.26784e-16
vt 1558.97 271.433
f 3197/9013/521 3196/9014/521 3203/7367/521 3202/7370/521 

vt 1559.04 66.5703
vt 1559.04 66.1622
vt 1738.17 65.9691
vt 1738.17 66.1622
vt 1738.17 66.3772
f 3198/9015/79 3197/9016/79 3202/9017/79 2984/9018/79 3201/9019/79 

vt -1558.97 270.253
vt -1558.97 271.434
f 3194/9020/332 3198/9021/332 3201/7376/332 3199/7375/332 

usemtl M_0050_LemonChiffon
vt 1870.37 231.093
vn 0.000936004 -1 -6.2411e-16
vt 1870.37 231.862
vt 1738.1 231.862
vt 1738.1 231.093
f 2937/9022/522 2936/9023/522 2942/9024/522 2847/9025/522 

vt 1870.71 314.987
vt 1870.72 315.395
vt 1738.44 315.538
vt 1738.44 315.13
f 2857/9026/86 2937/9027/86 2847/9028/86 2855/9029/86 

usemtl FrontColor
v -44.1533 5.886 -5.86975
vt -231.093 233.358
f 3634/9030/389 2855/6648/389 2847/6636/389

f 2853/6649/389 2855/6648/389 3634/9030/389

usemtl M_0050_LemonChiffon
vt 1738.44 314.984
vt 1738.44 315.393
vt 1559.31 315.586
vt 1559.31 315.178
f 2853/9031/86 3634/9032/86 2742/9033/86 2854/9034/86 

vt 1558.97 231.862
vt 1558.97 231.093
f 3634/9025/293 2846/9024/293 2743/9035/293 2742/9036/293 

usemtl FrontColor
f 3634/9030/389 2847/6636/389 2846/6635/389

usemtl M_0050_LemonChiffon
vt -1738.2 85.7026
vt -1738.19 84.0022
vt -1559.06 84.1953
vt -1559.06 85.8957
f 2846/9037/71 2844/9038/71 2744/9039/71 2743/9040/71 

usemtl FrontColor
vt 1558.97 232.706
vt 1558.97 235.449
f 2744/9041/292 2844/6830/292 2842/6833/99 2745/9042/99 

usemtl White1
vt 1559.4 328.946
vt 1559.4 328.389
vt 1738.54 328.152
vt 1738.54 328.709
f 2746/9043/99 2745/9044/99 2842/9045/99 2840/9046/99 

vt 1558.97 236.39
vt 1558.97 235.842
f 2747/9047/97 2746/9048/99 2840/6839/99 2839/6838/97 

vt -1558.96 -5.52941
vt -1558.96 -4.97263
vt -1738.1 -5.20975
vt -1738.1 -5.76653
f 2748/9049/97 2747/9050/97 2839/9051/97 2837/9052/97 

vt 1558.97 239.293
vt 1558.97 236.784
f 2749/9053/99 2748/9054/97 2837/6847/97 2834/6846/99 

vt 1559.41 331.664
vt 1559.41 331.108
vt 1738.54 330.871
vt 1738.54 331.427
f 2750/9055/99 2749/9056/99 2834/9057/99 2832/9058/99 

vt 1558.97 240.235
vt 1558.97 239.687
f 2751/9059/97 2750/9060/99 2832/6855/99 2831/6854/97 

vt -1558.96 -8.24787
vt -1558.96 -7.69109
vt -1738.09 -7.92821
vt -1738.09 -8.48499
f 2752/9061/97 2751/9062/97 2831/9063/97 2829/9064/97 

vt 1558.97 243.167
vt 1558.97 240.629
f 2753/9065/290 2752/9066/97 2829/6863/97 2826/6862/290 

vt 1559.32 322.199
vt 1559.31 320.294
vt 1738.45 320.101
vt 1738.45 322.006
f 2754/9067/86 2753/9068/86 2826/9069/86 2824/9070/86 

vt 1558.97 245.087
vt 1558.97 244.112
f 2755/9071/291 2754/9072/291 2824/6871/291 2823/6870/291 

vt -1559.05 77.5837
vt -1559.05 79.4882
vt -1738.19 79.2951
vt -1738.19 77.3906
f 2756/9073/71 2755/9074/71 2823/9075/71 2821/9076/71 

vt 1558.97 248.571
vt 1558.97 246.032
f 2757/9077/99 2756/9078/290 2821/6879/290 2818/6878/99 

vt 1559.42 338.225
vt 1559.42 337.668
vt 1738.55 337.431
vt 1738.55 337.988
f 2758/9079/99 2757/9080/99 2818/9081/99 2816/9082/99 

vt 1558.97 249.514
vt 1558.97 248.964
f 2759/9083/97 2758/9084/99 2816/6887/99 2815/6886/97 

vt -1558.95 -14.8095
vt -1558.95 -14.2527
vt -1738.08 -14.4898
vt -1738.08 -15.0466
f 2760/9085/97 2759/9086/97 2815/9087/97 2813/9088/97 

vt 1558.97 252.413
vt 1558.97 249.908
f 2761/9089/99 2760/9090/97 2813/6895/97 2810/6894/99 

vt 1559.42 340.942
vt 1559.42 340.385
vt 1738.55 340.148
vt 1738.55 340.705
f 2762/9091/99 2761/9092/99 2810/9093/99 2808/9094/99 

vt 1558.97 253.357
vt 1558.97 252.807
f 2763/9095/97 2762/9096/99 2808/6903/99 2807/6902/97 

vt -1558.95 -17.5265
vt -1558.95 -16.9698
vt -1738.08 -17.2069
vt -1738.08 -17.7637
f 2764/9097/97 2763/9098/97 2807/9099/97 2805/9100/97 

vt 1558.97 256.289
vt 1558.97 253.751
f 2765/9101/289 2764/9102/97 2805/6911/97 2802/6910/289 

vt 1559.32 328.709
vt 1559.32 326.805
vt 1738.45 326.612
vt 1738.46 328.516
f 2766/9103/86 2765/9104/86 2802/9105/86 2800/9106/86 

vt 1558.97 258.209
vt 1558.97 257.234
f 2767/9107/288 2766/9108/288 2800/6919/288 2799/6918/288 

vt -1559.05 71.0734
vt -1559.05 72.9778
vt -1738.18 72.7847
vt -1738.18 70.8803
f 2768/9109/71 2767/9110/71 2799/9111/71 2797/9112/71 

vt 1558.97 261.693
vt 1558.97 259.154
f 2769/9113/99 2768/9114/287 2797/6927/287 2794/6926/99 

vt 1559.43 347.503
vt 1559.43 346.947
vt 1738.56 346.709
vt 1738.56 347.266
f 2770/9115/99 2769/9116/99 2794/9117/99 2792/9118/99 

vt 1558.97 262.636
vt 1558.97 262.086
f 2771/9119/97 2770/9120/99 2792/6935/99 2791/6934/97 

vt -1558.94 -24.0882
vt -1558.94 -23.5314
vt -1738.07 -23.7685
vt -1738.07 -24.3253
f 2772/9121/97 2771/9122/97 2791/9123/97 2789/9124/97 

vt 1558.97 265.539
vt 1558.97 263.03
f 2773/9125/99 2772/9126/97 2789/6943/97 2786/6942/99 

vt 1559.43 350.223
vt 1559.43 349.666
vt 1738.57 349.429
vt 1738.57 349.986
f 2774/9127/99 2773/9128/99 2786/9129/99 2784/9130/99 

vt 1558.97 266.483
vt 1558.97 265.933
f 2775/9131/97 2774/9132/99 2784/6951/99 2783/6950/97 

vt -1558.93 -26.808
vt -1558.93 -26.2512
vt -1738.07 -26.4884
vt -1738.07 -27.0451
f 2776/9133/97 2775/9134/97 2783/9135/97 2780/9136/97 

usemtl M_0050_LemonChiffon
vt 230.89 233.005
f 2742/6524/294 2741/6523/294 2854/9137/294

vn -1 -0.000936004 1.19647e-10
f 2849/6638/523 2847/6729/523 2855/6648/523

usemtl M_0024_OrangeRed
vt 1559.31 315.688
vt 1559.31 315.076
vt 1738.44 314.883
vt 1738.44 315.076
vt 1738.44 315.495
f 2307/9138/86 2306/9139/86 2852/9140/86 2850/9141/86 2848/9142/86 

usemtl FrontColor
f 2306/9139/86 2305/6297/86 2622/6300/86 2852/9140/86 

vt -230.222 232.191
vt -230.887 233.711
vt -230.686 233.003
f 2622/9143/367 2697/9144/367 2852/9145/367

vt -230.045 231.881
f 2621/9146/367 2697/9144/367 2622/9143/367

vt -229.942 232.058
f 2621/9146/367 2696/9147/367 2697/9144/367

f 2632/6306/367 2696/9147/367 2621/9146/367

f 2632/6306/367 2634/6305/367 2696/9147/367

vt -230.782 233.17
f 2852/9145/367 2697/9144/367 2850/9148/367

vt -230.99 233.534
f 2850/9148/367 2697/9144/367 2848/9149/367

vt -232.068 233.711
f 2848/9149/367 2697/9144/367 2698/9150/367

vt -231.965 233.534
f 2848/9149/367 2698/9150/367 2845/9151/367

vt -232.066 233.357
f 2845/9151/367 2698/9150/367 2701/9152/367

vt -232.162 233.357
f 2701/9152/367 2698/9150/367 2702/9153/367

vt -232.175 233.525
f 2702/9153/367 2698/9150/367 2700/9154/367

vt -232.271 233.357
f 2702/9153/367 2700/9154/367 2699/9155/367

vt -1559.06 85.9986
vt -1738.2 85.8054
f 2309/6483/71 2308/9156/71 2845/9157/71 2701/6484/71 

vt 1558.97 231.965
vt 1558.97 230.99
f 2308/9158/291 2307/9159/291 2848/6736/291 2845/6735/291 

usemtl White1
vt 1559.37 301.11
vt 1559.37 300.553
vt 1738.5 300.316
vt 1738.5 300.873
f 2272/9160/99 2271/9161/99 2549/9162/99 2693/9163/99 

vt 1558.97 197.024
vt 1558.97 196.476
f 2273/9164/97 2272/9165/99 2693/5984/99 2692/5983/97 

vt -1559 22.3066
vt -1559 22.8634
vt -1738.13 22.6263
vt -1738.13 22.0695
f 2274/9166/97 2273/9167/97 2692/9168/97 2690/9169/97 

vt 1558.97 199.927
vt 1558.97 197.418
f 2275/9170/99 2274/9171/97 2690/5995/97 2687/5994/99 

vt 1559.37 303.828
vt 1559.37 303.272
vt 1738.5 303.034
vt 1738.51 303.591
f 2276/9172/99 2275/9173/99 2687/9174/99 2685/9175/99 

vt 1558.97 200.869
vt 1558.97 200.321
f 2277/9176/97 2276/9177/99 2685/6020/99 2684/6019/97 

vt -1559 19.5882
vt -1559 20.145
vt -1738.13 19.9078
vt -1738.13 19.3511
f 2278/9178/97 2277/9179/97 2684/9180/97 2682/9181/97 

vt 1558.97 203.801
vt 1558.97 201.262
f 2279/9182/348 2278/9183/97 2682/6031/97 2679/6030/348 

vt 1559.3 302.668
vt 1559.29 300.763
vt 1738.43 300.57
vt 1738.43 302.475
f 2280/9184/86 2279/9185/86 2679/9186/86 2677/9187/86 

vt 1558.97 205.721
vt 1558.97 204.746
f 2281/9188/349 2280/9189/349 2677/6056/349 2676/6055/349 

vt -1559.07 97.1148
vt -1559.08 99.0193
vt -1738.21 98.8261
vt -1738.21 96.9217
f 2282/9190/71 2281/9191/71 2676/9192/71 2674/9193/71 

vt 1558.97 209.204
vt 1558.97 206.666
f 2283/9194/99 2282/9195/348 2674/6067/348 2671/6066/99 

vt 1559.38 310.389
vt 1559.38 309.832
vt 1738.51 309.595
vt 1738.51 310.151
f 2284/9196/99 2283/9197/99 2671/9198/99 2669/9199/99 

vt 1558.97 210.148
vt 1558.97 209.598
f 2285/9200/97 2284/9201/99 2669/6092/99 2668/6091/97 

vt -1558.99 13.0266
vt -1558.99 13.5833
vt -1738.12 13.3462
vt -1738.12 12.7894
f 2286/9202/97 2285/9203/97 2668/9204/97 2666/9205/97 

vt 1558.97 213.047
vt 1558.97 210.542
f 2287/9206/99 2286/9207/97 2666/6103/97 2663/6102/99 

vt 1559.38 313.106
vt 1559.38 312.549
vt 1738.52 312.312
vt 1738.52 312.869
f 2288/9208/99 2287/9209/99 2663/9210/99 2661/9211/99 

vt 1558.97 213.991
vt 1558.97 213.441
f 2289/9212/97 2288/9213/99 2661/6128/99 2660/6127/97 

vt -1558.98 10.3095
vt -1558.98 10.8663
vt -1738.12 10.6291
vt -1738.12 10.0724
f 2290/9214/97 2289/9215/97 2660/9216/97 2658/9217/97 

vt 1558.97 216.923
vt 1558.97 214.384
f 2291/9218/350 2290/9219/97 2658/6139/97 2655/6138/350 

vt 1559.3 309.178
vt 1559.3 307.274
vt 1738.43 307.081
vt 1738.44 308.985
f 2292/9220/86 2291/9221/86 2655/9222/86 2653/9223/86 

vt 1558.97 218.843
vt 1558.97 217.868
f 2293/9224/351 2292/9225/351 2653/6164/351 2652/6163/351 

vt -1559.07 90.6044
vt -1559.07 92.5089
vt -1738.2 92.3158
vt -1738.2 90.4113
f 2294/9226/71 2293/9227/71 2652/9228/71 2650/9229/71 

vt 1558.97 222.326
vt 1558.97 219.788
f 2295/9230/99 2294/9231/350 2650/6175/350 2647/6174/99 

vt 1559.39 319.667
vt 1559.39 319.11
vt 1738.53 318.873
vt 1738.53 319.43
f 2296/9232/99 2295/9233/99 2647/9234/99 2645/9235/99 

vt 1558.97 223.27
vt 1558.97 222.72
f 2297/9236/97 2296/9237/99 2645/6200/99 2644/6199/97 

vt -1558.97 3.74788
vt -1558.97 4.30466
vt -1738.11 4.06754
vt -1738.11 3.51076
f 2298/9238/97 2297/9239/97 2644/9240/97 2642/9241/97 

vt 1558.97 226.173
vt 1558.97 223.664
f 2299/9242/99 2298/9243/97 2642/6211/97 2639/6210/99 

vt 1559.4 322.387
vt 1559.4 321.83
vt 1738.53 321.593
vt 1738.53 322.15
f 2300/9244/99 2299/9245/99 2639/9246/99 2637/9247/99 

vt 1558.97 227.117
vt 1558.97 226.567
f 2301/9248/97 2300/9249/99 2637/6236/99 2636/6235/97 

vt -1558.97 1.02803
vt -1558.97 1.58481
vt -1738.1 1.34768
vt -1738.1 0.790908
f 2302/9250/97 2301/9251/97 2636/9252/97 2633/9253/97 

usemtl FrontColor
vn -1.11272e-13 -8.2752e-12 1
v -44.1532 5.808 -5.84314
f 2631/4918/524 2304/4919/524 2621/4370/524 2625/4375/524 3635/4920/524 

usemtl Color_007
vt -230 230.145
vn -1 -0.000853586 -2.60001e-05
vt -230 230.313
vt -230.177 230.313
vt -230.177 230.145
f 3635/9254/525 2625/9255/525 2627/9256/525 2630/9257/525 

usemtl M_0050_LemonChiffon
v -44.1532 5.80725 -5.82864
vt 229.488 230.245
vn 1 0.000927801 -8.30739e-06
v -44.1532 5.80725 -5.84764
vt 230.237 230.245
vt 230.237 230.274
vt 230.237 230.442
vt 230.059 230.442
v -44.1532 5.81225 -5.82864
vt 229.488 230.442
v -44.1532 5.81222 -5.82838
vt 229.478 230.44
v -44.1532 5.81212 -5.82814
vt 229.469 230.436
v -44.1532 5.81196 -5.82793
vt 229.461 230.43
v -44.1532 5.81175 -5.82777
vt 229.454 230.422
v -44.1532 5.81151 -5.82767
vt 229.45 230.412
v -44.1532 5.81125 -5.82764
vt 229.449 230.402
v -44.1532 5.80825 -5.82764
vt 229.449 230.284
v -44.1532 5.808 -5.82767
vt 229.45 230.274
v -44.1532 5.80775 -5.82777
vt 229.454 230.264
v -44.1532 5.80762 -5.82787
vt 229.458 230.259
v -44.1532 5.80755 -5.82793
vt 229.461 230.256
v -44.1532 5.80739 -5.82814
vt 229.469 230.25
v -44.1532 5.80729 -5.82838
vt 229.478 230.246
f 3636/9258/526 3637/9259/526 2630/9260/526 2627/9261/526 2625/9262/526 3638/9263/526 3639/9264/526 3640/9265/526 3641/9266/526 3642/9267/526 3643/9268/526 3644/9269/526 3645/9270/526 3646/9271/526 3647/9272/526 3648/9273/526 3649/9274/526 3650/9275/526 3651/9276/526 

vt 1738.1 230.222
vn 0.000936004 -1 1.2698e-10
vt 1738.1 229.474
v -47.513 5.80411 -5.82864
vt 1870.37 229.474
v -47.513 5.80411 -5.84764
vt 1870.37 230.222
f 3637/9277/527 3636/9278/56 3652/9279/56 3653/9280/527 

vt -1736.64 -209.915
vt -1736.64 -209.904
v -47.513 5.80414 -5.82838
vt -1868.91 -210.853
vt -1868.91 -210.863
f 3636/9281/56 3651/9282/57 3654/9283/57 3652/9284/56 

vt -1737.79 -128.131
vt -1737.79 -128.121
v -47.513 5.80424 -5.82814
vt -1870.07 -128.444
vt -1870.07 -128.454
f 3651/9285/57 3650/9286/58 3655/9287/58 3654/9288/57 

vt -1738.04 -44.5347
vt -1738.04 -44.5244
v -47.513 5.8044 -5.82793
vt -1870.31 -44.7278
vt -1870.31 -44.7381
f 3650/9289/58 3649/9290/59 3656/9291/59 3655/9292/58 

vt -1738.15 40.9611
vt -1738.15 40.9675
v -47.513 5.80461 -5.82777
vt -1870.42 40.8115
vt -1870.42 40.8012
vt -1738.15 40.9573
f 3648/9293/311 3647/9294/60 3657/9295/60 3656/9296/59 3649/9297/59 

vt -1738.23 123.186
vt -1738.23 123.196
v -47.513 5.80485 -5.82767
vt -1870.5 123.062
vt -1870.5 123.052
f 3647/9298/60 3646/9299/61 3658/9300/61 3657/9301/60 

vt -1738.29 196.73
vt -1738.29 196.74
v -47.513 5.80511 -5.82764
vt -1870.56 196.615
vt -1870.56 196.605
f 3646/9302/61 3645/9303/52 3659/9304/52 3658/9305/61 

v -47.513 5.80811 -5.82764
vt -1870.59 228.666
vt -1870.59 228.548
f 3645/4787/52 3644/4788/53 3660/9306/53 3659/9307/52 

vt -1738.34 256.751
vt -1738.34 256.762
v -47.513 5.80837 -5.82767
vt -1870.62 256.637
vt -1870.62 256.627
f 3644/9308/53 3643/9309/68 3661/9310/68 3660/9311/53 

vt -1738.41 298.927
vt -1738.41 298.937
v -47.513 5.80861 -5.82777
vt -1870.68 298.803
vt -1870.68 298.793
f 3643/9312/68 3642/9313/67 3662/9314/67 3661/9315/68 

vt -1738.48 320.441
vt -1738.48 320.451
v -47.513 5.80882 -5.82793
vt -1870.75 320.295
vt -1870.75 320.285
f 3642/9316/67 3641/9317/66 3663/9318/66 3662/9319/67 

vt -1738.6 319.645
vt -1738.6 319.655
v -47.513 5.80898 -5.82814
vt -1870.87 319.452
vt -1870.87 319.441
f 3641/9320/66 3640/9321/65 3664/9322/65 3663/9323/66 

vt -1738.83 295.926
vt -1738.83 295.936
v -47.513 5.80908 -5.82838
vt -1871.1 295.612
vt -1871.1 295.602
f 3640/9324/65 3639/9325/64 3665/9326/64 3664/9327/65 

vt -1739.9 245.111
vt -1739.9 245.121
v -47.513 5.80911 -5.82864
vt -1872.17 244.173
vt -1872.17 244.162
f 3639/9328/64 3638/9329/62 3666/9330/62 3665/9331/64 

vt -1738.1 229.474
vt -1738.1 230.045
vn -0.000936004 1 -1.56807e-10
vt -1870.37 230.045
vt -1870.37 229.474
f 3638/9332/62 2625/9333/528 2624/9334/528 3666/9335/62 

vt -1870.37 230.222
vn -0.000936004 1 5.05271e-10
vt -1738.1 230.222
f 2628/9336/529 2624/9334/529 2625/9333/529 2627/9337/529 

usemtl FrontColor
vt -229.435 230.298
vn -1 -0.000936004 -3.8558e-13
vt -229.435 230.417
vt -229.436 230.427
vt -229.44 230.436
vt -229.446 230.444
vt -229.454 230.451
vt -229.464 230.455
vt -229.474 230.456
vt -230.222 230.259
vt -229.474 230.259
vt -229.464 230.26
vt -229.454 230.264
vt -229.446 230.271
vt -229.44 230.279
vt -229.436 230.288
f 3659/9338/530 3660/9339/530 3661/9340/530 3662/9341/530 3663/9342/530 3664/9343/530 3665/9344/530 3666/9345/530 2624/6287/530 2628/6286/530 3653/9346/530 3652/9347/530 3654/9348/530 3655/9349/530 3656/9350/530 3657/9351/530 3658/9352/530 

usemtl Color_007
vt 1874.37 230.222
vn 0.000936004 -1 -1.38736e-09
vt 1870.37 230.045
f 2626/9353/531 2628/9280/531 2624/9354/531 2623/6251/531 

usemtl M_0050_LemonChiffon
vt 1870.59 228.508
vn -8.8865e-13 1.87422e-09 -1
f 3653/9355/532 2628/6288/532 2627/4379/532 2630/3037/532 3637/4841/532 

usemtl FrontColor
v -44.1532 5.804 -5.82764
vt -229.425 230.114
vn -1 -0.000926641 -5.44396e-06
v -44.1532 5.807 -5.82764
vt -229.425 230.233
v -44.1532 5.80725 -5.82767
vt -229.427 230.243
v -44.1532 5.8075 -5.82777
vt -229.43 230.252
vt -229.434 230.257
v -44.1532 5.8077 -5.82793
vt -229.437 230.26
v -44.1532 5.80786 -5.82814
vt -229.445 230.267
v -44.1532 5.80796 -5.82838
vt -229.454 230.271
v -44.1532 5.808 -5.82864
vt -229.465 230.272
vt -230.035 230.272
vt -230.213 230.272
vt -230.213 230.243
v -44.1532 5.803 -5.84764
vt -230.213 230.075
v -44.1532 5.803 -5.82864
vt -229.465 230.075
v -44.1532 5.80303 -5.82838
vt -229.454 230.076
v -44.1532 5.80313 -5.82814
vt -229.445 230.08
v -44.1532 5.80329 -5.82793
vt -229.437 230.087
v -44.1532 5.8035 -5.82777
vt -229.43 230.095
v -44.1532 5.80374 -5.82767
vt -229.427 230.104
f 3667/9356/533 3668/9357/533 3669/9358/533 3670/9359/533 3648/9360/533 3671/9361/533 3672/9362/533 3673/9363/533 3674/9364/533 3635/9365/533 2630/9366/533 3637/9367/533 3675/9368/533 3676/9369/533 3677/9370/533 3678/9371/533 3679/9372/533 3680/9373/533 3681/9374/533 

usemtl M_0050_LemonChiffon
v -39.6032 5.80825 -5.82764
v -39.6032 5.81125 -5.82764
f 3682/3056/52 3683/3057/53 3668/3058/53 3667/3059/52 

v -39.6032 5.80725 -5.82864
vt 229.474 230.091
v -39.6032 5.80725 -5.84764
vt 230.222 230.091
v -39.6032 5.81225 -5.82864
vt 229.474 230.288
v -39.6032 5.81222 -5.82838
vt 229.464 230.287
v -39.6032 5.81212 -5.82814
vt 229.454 230.283
v -39.6032 5.81196 -5.82793
vt 229.446 230.277
v -39.6032 5.81175 -5.82777
vt 229.44 230.269
v -39.6032 5.81151 -5.82767
vt 229.436 230.259
vt 229.435 230.249
vt 229.435 230.131
v -39.6032 5.808 -5.82767
vt 229.436 230.121
v -39.6032 5.80775 -5.82777
vt 229.44 230.111
v -39.6032 5.80755 -5.82793
vt 229.446 230.103
v -39.6032 5.80739 -5.82814
vt 229.454 230.097
v -39.6032 5.80729 -5.82838
vt 229.464 230.093
f 3684/9375/507 3685/9376/507 2629/6295/507 2631/6296/507 3686/9377/507 3687/9378/507 3688/9379/507 3689/9380/507 3690/9381/507 3691/9382/507 3683/9383/507 3682/9384/507 3692/9385/507 3693/9386/507 3694/9387/507 3695/9388/507 3696/9389/507 

vt 1558.97 230.222
vn 0.000936004 -1 1.27019e-10
vt 1558.97 229.474
f 3685/9390/534 3684/9391/56 3676/9278/56 3675/9277/534 

vt -1557.51 -208.652
vt -1557.51 -208.642
vt -1736.64 -209.926
vt -1736.64 -209.936
f 3684/9392/56 3696/9393/57 3677/9394/57 3676/9395/56 

vt -1558.66 -127.757
vt -1558.66 -127.747
vt -1737.79 -128.185
vt -1737.79 -128.195
f 3696/9396/57 3695/9397/58 3678/9398/58 3677/9399/57 

vt -1558.9 -44.3614
vt -1558.9 -44.3511
vt -1738.04 -44.6265
vt -1738.04 -44.6368
f 3695/9400/58 3694/9401/59 3679/9402/59 3678/9403/58 

vt -1559.02 41.0356
vt -1559.02 41.0459
vt -1738.15 40.8345
vt -1738.15 40.8242
f 3694/9404/59 3693/9405/60 3680/9406/60 3679/9407/59 

vt -1559.09 123.213
vt -1559.09 123.223
vt -1738.23 123.041
vt -1738.23 123.031
f 3693/9408/60 3692/9409/61 3681/9410/61 3680/9411/60 

vt -1559.15 196.733
vt -1559.15 196.743
vt -1738.29 196.574
vt -1738.29 196.563
f 3692/9412/61 3682/9413/52 3667/9414/52 3681/9415/61 

vn -1.13221e-12 1.88122e-09 -1
f 3637/4841/535 2630/3037/535 2629/3038/535 3685/3039/535 3675/3036/535 

usemtl Color_007
vt -1558.97 230.045
vt -1558.97 230.222
f 2631/9416/509 2629/9417/509 2630/9337/509 3635/9333/509 

usemtl M_0050_LemonChiffon
vt -1558.97 229.474
f 3686/9418/62 2631/9416/515 3635/9333/515 3674/9332/62 

vt -1560.77 246.374
vt -1560.77 246.384
vt -1739.9 245.099
vt -1739.9 245.089
f 3687/9419/64 3686/9420/62 3674/9421/62 3673/9422/64 

vt -1559.7 296.3
vt -1559.7 296.31
vt -1738.83 295.872
vt -1738.83 295.862
f 3688/9423/65 3687/9424/64 3673/9425/64 3672/9426/65 

vt -1559.46 319.818
vt -1559.46 319.828
vt -1738.6 319.553
vt -1738.6 319.543
f 3689/9427/66 3688/9428/65 3672/9429/65 3671/9430/66 

vt -1559.35 320.519
vt -1559.35 320.529
vt -1738.48 320.318
vt -1738.48 320.314
vt -1738.48 320.308
f 3690/9431/67 3689/9432/66 3671/9433/66 3648/9434/322 3670/9435/67 

vt -1559.27 298.953
vt -1559.27 298.964
vt -1738.41 298.782
vt -1738.41 298.772
f 3691/9436/68 3690/9437/67 3670/9438/67 3669/9439/68 

vt -1559.21 256.754
vt -1559.21 256.765
vt -1738.34 256.596
vt -1738.34 256.585
f 3683/9440/53 3691/9441/68 3669/9442/68 3668/9443/53 

usemtl White1
vt 1738.11 4.25948
vt 1738.11 3.70271
vt 1874.38 3.52233
vt 1874.38 4.0791
f 2601/9444/75 2604/9445/75 2396/9446/75 2395/9447/75 

vt 1738.2 92.5642
vt 1738.2 90.6597
vt 1874.47 90.5128
vt 1874.47 92.4173
f 2593/9448/79 2596/9449/79 2392/9450/79 2391/9451/79 

vt 1738.12 10.8211
vt 1738.12 10.2643
vt 1874.38 10.0839
vt 1874.38 10.6407
f 2585/9452/75 2588/9453/75 2388/9454/75 2387/9455/75 

vt 1738.12 13.5382
vt 1738.12 12.9814
vt 1874.39 12.801
vt 1874.39 13.3578
f 2577/9456/75 2580/9457/75 2384/9458/75 2383/9459/75 

vt 1738.21 99.0745
vt 1738.21 97.1701
vt 1874.47 97.0232
vt 1874.48 98.9276
f 2569/9460/79 2572/9461/79 2380/9462/79 2379/9463/79 

vt 1738.13 20.0998
vt 1738.13 19.543
vt 1874.4 19.3626
vt 1874.4 19.9194
f 2561/9464/75 2564/9465/75 2376/9466/75 2375/9467/75 

vt 1738.13 22.8182
vt 1738.13 22.2615
vt 1874.4 22.0811
vt 1874.4 22.6379
f 2553/9468/75 2556/9469/75 2372/9470/75 2371/9471/75 

usemtl M_0050_LemonChiffon
vt 1874.37 191.726
vn 0.000936004 -1 -2.07776e-14
vt 1874.37 192.496
vt 1738.1 192.494
f 2445/9472/536 2444/9473/536 2550/5945/536 2350/9474/536 2361/5944/536 

usemtl White1
vt 192.494 233.529
f 2263/5689/361 2361/5697/361 2350/9475/361

usemtl FrontColor
vt -191.624 233.534
f 2361/5928/367 2262/9476/367 2263/5927/367

f 2363/5933/367 2262/9476/367 2361/5928/367

f 2262/9476/367 2363/5933/367 2364/5934/367

usemtl M_0024_OrangeRed
vt 1559.29 296.157
vt 1559.29 295.545
vt 1738.42 295.352
vt 1738.42 295.545
vt 1738.42 295.964
f 2181/9477/86 2266/9478/86 2547/9479/86 2364/9480/86 2262/9481/86 

usemtl FrontColor
vt 1738.1 191.513
vn 0.000936004 -1 1.21491e-10
vt 1738.1 191.528
vt 1558.97 191.513
f 2539/9482/537 2362/9483/537 2262/5581/537 2181/5580/537 2261/9484/537 

vt 1559.29 296.102
vt 1559.29 294.555
vt 1738.42 294.362
vt 1738.42 295.909
f 2261/9485/86 2260/9486/86 2538/9487/86 2539/9488/86 

usemtl Color_007
vn -3.43114e-13 4.39769e-16 -1
v -39.6032 5.81225 -4.84493
v -44.1532 5.808 -4.84493
v -44.1532 5.81225 -4.84493
f 2260/4388/538 3697/3038/538 3698/3037/538 3699/4379/538 2538/4378/538 

vt 190.745 230.288
vn 1 0.000936004 7.55562e-13
v -39.6032 5.81225 -4.84043
vt 190.568 230.288
f 3697/9489/539 2260/5577/539 2259/5576/539 3700/9490/539 

usemtl FrontColor
vt 1559.29 294.198
vt 1738.42 294.005
f 2260/9486/86 2259/9491/86 2535/9492/86 2538/9487/86 

vt 1558.97 190.568
vt 1558.97 190.465
vt 1738.1 190.465
vt 1738.1 190.568
f 2259/9493/285 2258/9494/285 2534/9495/285 2535/9496/285 

vt 1738.1 188.034
vn 0.000936004 -1 -5.12026e-12
vt 1558.97 188.034
f 2533/9497/97 2534/9495/540 2258/9494/540 2257/9498/97 

usemtl White1
vt -1559.01 28.9423
vt -1559.01 29.4991
vt -1738.14 29.262
vt -1738.14 28.7052
f 2257/9499/97 2256/9500/97 2532/9501/97 2533/9502/97 

vt 1558.97 187.64
vt 1558.97 187.09
vt 1738.1 187.09
vt 1738.1 187.64
f 2256/9503/97 2255/9504/99 2531/9505/99 2532/9506/97 

vt 1559.36 294.473
vt 1559.36 293.916
vt 1738.49 293.679
vt 1738.49 294.236
f 2255/9507/99 2254/9508/99 2530/9509/99 2531/9510/99 

vt 1558.97 186.696
vt 1558.97 184.187
vt 1738.1 184.187
vt 1738.1 186.696
f 2254/9511/99 2253/9512/97 2529/9513/97 2530/9514/99 

vt -1559.01 31.6622
vt -1559.01 32.219
vt -1738.15 31.9818
vt -1738.14 31.4251
f 2253/9515/97 2252/9516/97 2528/9517/97 2529/9518/97 

vt 1558.97 183.793
vt 1558.97 183.243
vt 1738.1 183.243
vt 1738.1 183.793
f 2252/9519/97 2251/9520/99 2527/9521/99 2528/9522/97 

vt 1559.36 291.753
vt 1559.35 291.196
vt 1738.49 290.959
vt 1738.49 291.516
f 2251/9523/99 2250/9524/99 2526/9525/99 2527/9526/99 

vt 1558.97 182.85
vt 1558.97 180.311
vn 0.000936004 -1 -7.60204e-16
vt 1738.1 180.311
vt 1738.1 182.85
f 2250/9527/99 2249/9528/541 2525/9529/541 2526/9530/99 

vt -1559.09 110.19
vt -1559.09 112.095
vt -1738.22 111.902
vt -1738.22 109.997
f 2249/9531/71 2248/9532/71 2524/9533/71 2525/9534/71 

vt 1558.97 179.366
vt 1558.97 178.391
vt 1738.1 178.391
vt 1738.1 179.366
f 2248/9535/288 2247/9536/288 2523/9537/288 2524/9538/288 

vt 1559.28 289.592
vt 1559.28 287.688
vt 1738.41 287.495
vt 1738.41 289.399
f 2247/9539/86 2246/9540/86 2522/9541/86 2523/9542/86 

vt 1558.97 177.446
vt 1558.97 174.908
vt 1738.1 174.908
vt 1738.1 177.446
f 2246/9543/541 2245/9544/97 2521/9545/97 2522/9546/541 

vt -1559.02 38.2238
vt -1559.02 38.7806
vt -1738.15 38.5435
vt -1738.15 37.9867
f 2245/9547/97 2244/9548/97 2520/9549/97 2521/9550/97 

vt 1558.97 174.514
vt 1558.97 173.964
vt 1738.1 173.964
vt 1738.1 174.514
f 2244/9551/97 2243/9552/99 2519/9553/99 2520/9554/97 

vt 1559.35 285.191
vt 1559.35 284.635
vt 1738.48 284.397
vt 1738.48 284.954
f 2243/9555/99 2242/9556/99 2518/9557/99 2519/9558/99 

vt 1558.97 173.57
vt 1558.97 171.065
vt 1738.1 171.065
vt 1738.1 173.57
f 2242/9559/99 2241/9560/97 2517/9561/97 2518/9562/99 

vt -1559.02 40.9409
vt -1559.02 41.4976
vt -1738.16 41.2605
vt -1738.16 40.7038
f 2241/9563/97 2240/9564/97 2516/9565/97 2517/9566/97 

vt 1558.97 170.671
vt 1558.97 170.121
vt 1738.1 170.121
vt 1738.1 170.671
f 2240/9567/97 2239/9568/99 2515/9569/99 2516/9570/97 

vt 1559.34 282.474
vt 1559.34 281.918
vt 1738.48 281.68
vt 1738.48 282.237
f 2239/9571/99 2238/9572/99 2514/9573/99 2515/9574/99 

vt 1558.97 169.728
vt 1558.97 167.189
vn 0.000936004 -1 -7.60665e-16
vt 1738.1 167.189
vt 1738.1 169.728
f 2238/9575/99 2237/9576/542 2513/9577/542 2514/9578/99 

vt -1559.09 116.701
vt -1559.1 118.605
vt -1738.23 118.412
vt -1738.23 116.508
f 2237/9579/71 2236/9580/71 2512/9581/71 2513/9582/71 

vt 1558.97 166.244
vt 1558.97 165.269
vt 1738.1 165.269
vt 1738.1 166.244
f 2236/9583/291 2235/9584/291 2511/9585/291 2512/9586/291 

vt 1559.27 283.082
vt 1559.27 281.177
vt 1738.41 280.984
vt 1738.41 282.889
f 2235/9587/86 2234/9588/86 2510/9589/86 2511/9590/86 

vt 1558.97 164.324
vt 1558.97 161.786
vt 1738.1 161.786
vt 1738.1 164.324
f 2234/9591/542 2233/9592/97 2509/9593/97 2510/9594/542 

vt -1559.03 47.5025
vt -1559.03 48.0593
vt -1738.17 47.8221
vt -1738.17 47.2654
f 2233/9595/97 2232/9596/97 2508/9597/97 2509/9598/97 

vt 1558.97 161.392
vt 1558.97 160.844
vt 1738.1 160.844
vt 1738.1 161.392
f 2232/9599/97 2231/9600/99 2507/9601/99 2508/9602/97 

vt 1559.33 275.914
vt 1559.33 275.357
vt 1738.47 275.12
vt 1738.47 275.677
f 2231/9603/99 2230/9604/99 2506/9605/99 2507/9606/99 

vt 1558.97 160.45
vt 1558.97 157.941
vt 1738.1 157.941
vt 1738.1 160.45
f 2230/9607/99 2229/9608/97 2505/9609/97 2506/9610/99 

vt -1559.04 50.2209
vt -1559.04 50.7777
vt -1738.17 50.5406
vt -1738.17 49.9838
f 2229/9611/97 2228/9612/97 2504/9613/97 2505/9614/97 

vt 1558.97 157.547
vt 1558.97 156.999
vt 1738.1 156.999
vt 1738.1 157.547
f 2228/9615/97 2227/9616/99 2503/9617/99 2504/9618/97 

vt 1559.33 273.196
vt 1559.33 272.639
vt 1738.46 272.402
vt 1738.46 272.958
f 2227/9619/99 2226/9620/99 2502/9621/99 2503/9622/99 

usemtl FrontColor
vt 1558.97 153.863
vn 0.000936004 -1 -8.26666e-16
vt 1738.1 153.863
vt 1738.1 156.606
vt 1558.97 156.606
f 2225/9623/543 2501/9624/543 2502/9625/99 2226/9626/99 

usemtl M_0050_LemonChiffon
vt -1738.24 124.82
vt -1738.24 123.119
vt -1559.1 123.312
vt -1559.1 125.013
f 2500/9627/71 2501/9628/71 2225/9629/71 2224/9630/71 

vt 1738.1 152.25
vn 0.000936004 -1 -6.26766e-16
vt 1738.1 153.019
vt 1558.97 153.019
vt 1558.97 152.25
f 2499/9631/544 2500/9632/544 2224/9633/544 2223/9634/544 

vt 1738.4 275.867
vt 1738.4 276.275
vt 1559.27 276.469
v -39.6033 5.88125 -3.862
vt 1559.27 276.06
f 2498/9635/86 2499/9636/86 2223/9637/86 3701/9638/86 

vn 1 0.000936004 -6.55352e-11
vt 152.047 233.005
f 2223/5540/545 2222/5539/545 3701/9639/545

vt 1738.1 152.044
vn 0.000936004 -1 -2.92207e-08
vt 1738.1 152.047
vt 1558.97 152.047
vt 1558.97 152.044
f 2497/9640/546 2498/9641/546 3701/9642/546 2222/9643/546 

vt 1738.1 151.843
vn 0.000936004 -1 2.51819e-10
vt 1558.97 151.843
f 2496/9644/547 2497/9640/547 2222/9643/547 1555/9645/547 

usemtl FrontColor
vt 1559.27 275.959
vt 1738.4 275.766
f 1555/9646/86 1554/4391/86 2014/4394/86 2496/9647/86 

vt -151.379 232.191
vt -152.044 233.712
vt -151.843 233.003
f 2014/9648/263 2174/9649/263 2496/9650/263

vt -151.202 231.881
f 2013/9651/263 2174/9649/263 2014/9648/263

vt -151.099 232.059
f 2013/9651/263 2173/9652/263 2174/9649/263

f 2024/4400/263 2173/9652/263 2013/9651/263

f 2024/4400/263 2026/4399/263 2173/9652/263

vt -151.939 233.171
f 2496/9650/263 2174/9649/263 2490/9653/263

vt -152.147 233.535
f 2490/9653/263 2174/9649/263 2489/9654/263

vt -153.225 233.712
f 2489/9654/263 2174/9649/263 2175/9655/263

vt -153.122 233.535
f 2489/9654/263 2175/9655/263 2180/9656/263

vt -153.223 233.358
f 2180/9656/263 2175/9655/263 2178/9657/263

vt -153.319 233.358
f 2178/9657/263 2175/9655/263 2179/9658/263

vt -153.332 233.525
f 2179/9658/263 2175/9655/263 2177/9659/263

vt -153.428 233.358
f 2179/9658/263 2177/9659/263 2176/9660/263

usemtl White1
v -44.1533 5.85725 -3.91073
vt 153.966 232.224
vn 1 0.000933691 3.26399e-08
vt 153.319 233.355
vt 153.223 233.355
vt 153.966 232.056
vt 156.532 232.056
vt 156.926 232.45
vt 157.621 232.45
vt 158.014 232.056
vt 160.377 232.056
vt 160.77 232.45
vt 161.465 232.45
vt 161.859 232.056
vt 164.221 232.056
vt 167.292 232.056
vt 169.654 232.056
vt 170.048 232.45
vt 170.745 232.45
vt 171.138 232.056
vt 173.497 232.056
vt 173.89 232.45
vt 174.587 232.45
vt 174.981 232.056
vt 177.343 232.056
vt 180.414 232.056
vt 182.776 232.056
vt 183.17 232.45
vt 183.867 232.45
vt 184.26 232.056
vt 186.623 232.056
vt 187.016 232.45
vt 187.713 232.45
vt 188.107 232.056
vt 190.465 232.056
vt 192.597 233.7
vt 192.599 233.7
vt 192.7 233.523
v -44.1533 5.89025 -4.89696
vt 192.794 233.523
v -44.1533 5.89925 -4.89182
vt 192.591 233.877
v -44.1533 5.89925 -4.86182
vt 191.41 233.877
v -44.1533 5.85725 -4.83782
vt 190.465 232.224
v -44.1533 5.85725 -4.77792
vt 188.107 232.224
v -44.1533 5.86725 -4.76792
vt 187.713 232.617
v -44.1533 5.86725 -4.75022
vt 187.016 232.617
v -44.1533 5.85725 -4.74022
vt 186.623 232.224
v -44.1533 5.85725 -4.68022
vt 184.26 232.224
v -44.1533 5.86725 -4.67022
vt 183.867 232.617
v -44.1533 5.86725 -4.65252
vt 183.17 232.617
v -44.1533 5.85725 -4.64252
vt 182.776 232.224
v -44.1533 5.85725 -4.58252
vt 180.414 232.224
v -44.1533 5.89925 -4.55852
vt 179.469 233.877
v -44.1533 5.89925 -4.52852
vt 178.288 233.877
v -44.1533 5.85725 -4.50452
vt 177.343 232.224
v -44.1533 5.85725 -4.44452
vt 174.981 232.224
v -44.1533 5.86725 -4.43452
vt 174.587 232.617
v -44.1533 5.86725 -4.41682
vt 173.89 232.617
v -44.1533 5.85725 -4.40682
vt 173.497 232.224
v -44.1533 5.85725 -4.34692
vt 171.138 232.224
v -44.1533 5.86725 -4.33692
vt 170.745 232.617
v -44.1533 5.86725 -4.31922
vt 170.048 232.617
v -44.1533 5.85725 -4.30922
vt 169.654 232.224
v -44.1533 5.85725 -4.24922
vt 167.292 232.224
v -44.1533 5.89925 -4.22522
vt 166.347 233.877
v -44.1533 5.89925 -4.19522
vt 165.166 233.877
v -44.1533 5.85725 -4.17122
vt 164.221 232.224
v -44.1533 5.85725 -4.11122
vt 161.859 232.224
v -44.1533 5.86725 -4.10122
vt 161.465 232.617
v -44.1533 5.86725 -4.08357
vt 160.77 232.617
v -44.1533 5.85725 -4.07357
vt 160.377 232.224
v -44.1533 5.85725 -4.01357
vt 158.014 232.224
v -44.1533 5.86725 -4.00357
vt 157.621 232.617
v -44.1533 5.86725 -3.98592
vt 156.926 232.617
v -44.1533 5.85725 -3.97592
vt 156.532 232.224
f 3702/9661/548 2179/9662/548 2178/9663/548 2488/9664/548 2487/9665/548 2486/9666/548 2485/9667/548 2484/9668/548 2483/9669/548 2482/9670/548 2481/9671/548 2480/9672/548 2479/9673/548 2478/5841/548 2477/5840/548 2476/9674/548 2475/9675/548 2474/9676/548 2473/9677/548 2472/9678/548 2471/9679/548 2470/9680/548 2469/9681/548 2468/9682/548 2467/9683/548 2466/5829/548 2465/5828/548 2464/9684/548 2463/9685/548 2462/9686/548 2461/9687/548 2460/9688/548 2459/9689/548 2458/9690/548 2457/9691/548 2456/9692/548 2455/9693/548 2454/5817/548 2453/5816/548 2354/9694/548 2358/9695/548 2448/9696/548 3703/9697/548 3704/9698/548 3705/9699/548 3706/9700/548 3707/9701/548 3708/9702/548 3709/9703/548 3710/9704/548 3711/9705/548 3712/9706/548 3713/9707/548 3714/9708/548 3715/9709/548 3716/9710/548 3717/9711/548 3718/9712/548 3719/9713/548 3720/9714/548 3721/9715/548 3722/9716/548 3723/9717/548 3724/9718/548 3725/9719/548 3726/9720/548 3727/9721/548 3728/9722/548 3729/9723/548 3730/9724/548 3731/9725/548 3732/9726/548 3733/9727/548 3734/9728/548 3735/9729/548 3736/9730/548 3737/9731/548 3738/9732/548 

vt -1738.24 124.671
v -44.1533 5.89025 -3.89188
vt -1738.24 124.864
v -47.7173 5.88692 -3.89188
vt -1878.55 124.713
v -47.7173 5.85392 -3.91073
vt -1878.55 123.216
vt -1738.24 123.368
f 2179/9733/71 3739/9734/71 3740/9735/71 3741/9736/71 3702/9737/71 

vt 192.698 233.524
vn 1 0.000934238 -1.14396e-08
vt 192.7 233.524
vt 192.599 233.701
vt 192.597 233.701
vt 192.591 233.71
vt 191.41 233.71
vt 190.465 232.057
vt 188.107 232.057
vt 186.623 232.057
vt 184.261 232.057
vt 182.776 232.057
vt 180.414 232.057
vt 179.469 233.71
vt 178.288 233.71
vt 177.343 232.057
vt 174.981 232.057
vt 173.497 232.057
vt 171.139 232.057
vt 169.654 232.057
vt 167.292 232.057
vt 166.347 233.71
vt 165.166 233.71
vt 164.221 232.057
vt 161.859 232.057
vt 160.377 232.057
vt 158.014 232.057
vt 156.532 232.057
vt 153.966 232.057
vt 153.224 233.356
vt 153.319 233.356
vt 153.224 233.524
v -44.1533 5.89475 -3.88931
vt 153.122 233.701
v -44.1533 5.89475 -3.86453
vt 152.147 233.701
v -44.1533 5.88125 -3.85681
vt 151.843 233.169
vt 151.939 233.169
vt 152.044 233.169
vt 152.25 233.524
v -44.1533 5.89025 -3.88669
vt 153.019 233.524
v -44.1533 5.85275 -3.90812
vt 153.863 232.047
v -44.1533 5.85275 -3.97778
vt 156.606 232.047
v -44.1533 5.86275 -3.98778
vt 156.999 232.441
v -44.1533 5.86275 -4.0017
vt 157.547 232.441
v -44.1533 5.85275 -4.0117
vt 157.941 232.047
v -44.1533 5.85275 -4.07543
vt 160.45 232.047
v -44.1533 5.86275 -4.08543
vt 160.844 232.441
v -44.1533 5.86275 -4.09935
vt 161.392 232.441
v -44.1533 5.85275 -4.10935
vt 161.786 232.047
v -44.1533 5.85275 -4.17383
vt 164.324 232.047
v -44.1533 5.89475 -4.19783
vt 165.269 233.701
v -44.1533 5.89475 -4.22261
vt 166.244 233.701
v -44.1533 5.85275 -4.24661
vt 167.189 232.047
v -44.1533 5.85275 -4.31108
vt 169.728 232.047
v -44.1533 5.86275 -4.32108
vt 170.121 232.441
v -44.1533 5.86275 -4.33505
vt 170.671 232.441
v -44.1533 5.85275 -4.34505
vt 171.065 232.047
v -44.1533 5.85275 -4.40868
vt 173.57 232.047
v -44.1533 5.86275 -4.41868
vt 173.964 232.441
v -44.1533 5.86275 -4.43265
vt 174.514 232.441
v -44.1533 5.85275 -4.44265
vt 174.908 232.047
v -44.1533 5.85275 -4.50713
vt 177.446 232.047
v -44.1533 5.89475 -4.53113
vt 178.391 233.701
v -44.1533 5.89475 -4.55591
vt 179.366 233.701
v -44.1533 5.85275 -4.57991
vt 180.311 232.047
v -44.1533 5.85275 -4.64438
vt 182.85 232.047
v -44.1533 5.86275 -4.65438
vt 183.243 232.441
v -44.1533 5.86275 -4.66835
vt 183.793 232.441
v -44.1533 5.85275 -4.67835
vt 184.187 232.047
v -44.1533 5.85275 -4.74208
vt 186.696 232.047
v -44.1533 5.86275 -4.75208
vt 187.09 232.441
v -44.1533 5.86275 -4.76605
vt 187.64 232.441
v -44.1533 5.85275 -4.77605
vt 188.034 232.047
v -44.1533 5.85275 -4.83782
vt 190.465 232.047
vt 190.568 232.047
vt 190.745 232.357
v -44.1533 5.89475 -4.86443
vt 191.513 233.701
vt 191.624 233.701
vt 192.488 233.701
vt 192.584 233.533
v -44.1533 5.89025 -4.89178
vt 192.59 233.524
vt 192.605 233.524
f 2452/9738/549 2448/9739/549 2358/9740/549 2354/9741/549 2453/9742/549 2454/9743/549 2455/9744/549 2456/9745/549 2457/9691/549 2458/9690/549 2459/9746/549 2460/9747/549 2461/9687/549 2462/9686/549 2463/9748/549 2464/9749/549 2465/9750/549 2466/9751/549 2467/9752/549 2468/9753/549 2469/9681/549 2470/9680/549 2471/9754/549 2472/9755/549 2473/9677/549 2474/9676/549 2475/9756/549 2476/9757/549 2477/9758/549 2478/9759/549 2479/9760/549 2480/9761/549 2481/9671/549 2482/9670/549 2483/9762/549 2484/9763/549 2485/9667/549 2486/9666/549 2487/9764/549 2488/9765/549 2178/9766/549 2179/9767/549 3739/9768/549 3742/9769/549 3743/9770/549 3744/9771/549 2490/9772/549 2491/9773/549 2492/9774/549 3745/9775/549 3746/9776/549 3747/9777/549 3748/9778/549 3749/9779/549 3750/9780/549 3751/9781/549 3752/9782/549 3753/9783/549 3754/9784/549 3755/9785/549 3756/9786/549 3757/9787/549 3758/9788/549 3759/9789/549 3760/9790/549 3761/9791/549 3762/9792/549 3763/9793/549 3764/9794/549 3765/9795/549 3766/9796/549 3767/9797/549 3768/9798/549 3769/9799/549 3770/9800/549 3771/9801/549 3772/9802/549 3773/9803/549 3774/9804/549 3775/9805/549 3776/9806/549 3777/9807/549 3778/9808/549 3779/9809/549 2536/9810/549 2537/9811/549 3780/9812/549 2359/9813/549 2355/9814/549 2353/9815/549 3781/9816/549 2347/9817/549 

usemtl FrontColor
vt 1738.1 192.605
vn 0.000936004 -1 -7.97622e-11
v -47.7173 5.88692 -4.89178
vt 1878.42 192.59
v -47.7173 5.88692 -4.89696
vt 1878.42 192.794
vt 1738.1 192.698
f 2347/9818/550 3781/5917/550 3782/9819/550 3783/9820/550 3703/5920/550 2448/5919/550 2452/9821/550 

vt -1738.22 105.344
vt -1738.22 105.537
vt -1874.48 105.39
v -47.7173 5.89142 -4.88921
vt -1878.53 105.386
vt -1878.53 105.182
vt -1738.22 105.333
f 2353/9822/71 2355/9823/71 2356/9824/71 3784/9825/71 3782/9826/71 3781/9827/71 

vt 1878.42 192.488
vn 0.000936004 -1 -4.60558e-12
v -47.7173 5.89142 -4.86443
vt 1878.42 191.513
f 3784/9828/551 2356/5693/551 2360/5695/551 2359/5581/551 3780/9482/551 3785/9829/551 

vt 1738.42 296.055
vt 1738.42 294.508
v -47.7173 5.85729 -4.84493
vt 1878.73 294.356
vt 1878.74 295.904
f 3780/9830/86 2537/9831/86 3786/9832/86 3785/9833/86 

usemtl Color_007
vn -1.11161e-13 -8.65953e-12 -1
v -47.6144 5.80901 -4.84493
v -47.7172 5.80892 -4.84493
vt 1878.63 230.602
f 2538/4378/552 3699/4379/552 3787/6289/552 3788/4380/552 3786/9834/552 2537/4383/552 

vt 190.736 230.466
vn 1 0.000941772 5.04753e-06
vt 190.736 232.203
vt 190.559 231.893
v -44.1532 5.81225 -4.84043
vt 190.559 230.466
f 3699/9835/553 2538/9836/553 2535/9837/553 3789/9838/553 

vt 190.57 232.049
vn 1 0.000935182 -9.58723e-07
vt 190.57 231.881
vt 190.747 232.191
vt 190.747 232.359
f 2536/9839/554 2535/9840/554 2538/9841/554 2537/9842/554 

usemtl FrontColor
vn 1.88738e-15 -1.62954e-11 1
v -47.7173 5.84942 -4.84043
vt -1878.63 230.292
v -47.7172 5.80892 -4.84043
v -47.6144 5.80901 -4.84043
f 2535/4370/555 2536/4371/555 3790/9843/555 3791/4374/555 3792/6284/555 3789/4375/555 

vn 0.000936004 -1 -2.77239e-13
v -47.7173 5.84942 -4.83782
vt 1878.42 190.465
vt 1878.42 190.568
f 2536/9496/556 3779/9495/556 3793/9844/556 3790/9845/556 

v -47.7173 5.84942 -4.77605
vt 1878.42 188.034
f 3794/9846/97 3793/9844/233 3779/9495/233 3778/9497/97 

v -47.7173 5.89142 -3.88931
vt -153.966 232.228
v -47.7173 5.85392 -3.97592
vt -156.532 232.228
v -47.7173 5.86392 -3.98592
vt -156.926 232.621
v -47.7173 5.86392 -4.00357
vt -157.621 232.621
v -47.7173 5.85392 -4.01357
vt -158.014 232.228
v -47.7173 5.85392 -4.07357
vt -160.377 232.228
v -47.7173 5.86392 -4.08357
vt -160.77 232.621
v -47.7173 5.86392 -4.10122
vt -161.465 232.621
v -47.7173 5.85392 -4.11122
vt -161.859 232.228
v -47.7173 5.85392 -4.17122
vt -164.221 232.228
v -47.7173 5.89592 -4.19522
vt -165.166 233.881
v -47.7173 5.89592 -4.22522
vt -166.347 233.881
v -47.7173 5.85392 -4.24922
vt -167.292 232.228
v -47.7173 5.85392 -4.30922
vt -169.654 232.228
v -47.7173 5.86392 -4.31922
vt -170.048 232.621
v -47.7173 5.86392 -4.33692
vt -170.745 232.621
v -47.7173 5.85392 -4.34692
vt -171.138 232.228
v -47.7173 5.85392 -4.40682
vt -173.497 232.228
v -47.7173 5.86392 -4.41682
vt -173.89 232.621
v -47.7173 5.86392 -4.43452
vt -174.587 232.621
v -47.7173 5.85392 -4.44452
vt -174.981 232.228
v -47.7173 5.85392 -4.50452
vt -177.343 232.228
v -47.7173 5.89592 -4.52852
vt -178.288 233.881
v -47.7173 5.89592 -4.55852
vt -179.469 233.881
v -47.7173 5.85392 -4.58252
vt -180.414 232.228
v -47.7173 5.85392 -4.64252
vt -182.776 232.228
v -47.7173 5.86392 -4.65252
vt -183.17 232.621
v -47.7173 5.86392 -4.67022
vt -183.867 232.621
v -47.7173 5.85392 -4.68022
vt -184.261 232.228
v -47.7173 5.85392 -4.74022
vt -186.623 232.228
v -47.7173 5.86392 -4.75022
vt -187.016 232.621
v -47.7173 5.86392 -4.76792
vt -187.713 232.621
v -47.7173 5.85392 -4.77792
vt -188.107 232.228
v -47.7173 5.85392 -4.83782
vt -190.465 232.228
v -47.7173 5.89592 -4.86182
vt -191.41 233.881
v -47.7173 5.89592 -4.89182
vt -192.591 233.881
vt -192.794 233.527
vt -192.59 233.527
vt -191.513 233.704
vt -190.745 232.36
vt -190.568 232.05
vt -190.465 232.05
vt -188.034 232.05
v -47.7173 5.85942 -4.76605
vt -187.64 232.444
v -47.7173 5.85942 -4.75208
vt -187.09 232.444
v -47.7173 5.84942 -4.74208
vt -186.696 232.05
v -47.7173 5.84942 -4.67835
vt -184.187 232.05
v -47.7173 5.85942 -4.66835
vt -183.793 232.444
v -47.7173 5.85942 -4.65438
vt -183.243 232.444
v -47.7173 5.84942 -4.64438
vt -182.85 232.05
v -47.7173 5.84942 -4.57991
vt -180.311 232.05
v -47.7173 5.89142 -4.55591
vt -179.366 233.704
v -47.7173 5.89142 -4.53113
vt -178.391 233.704
v -47.7173 5.84942 -4.50713
vt -177.446 232.05
v -47.7173 5.84942 -4.44265
vt -174.908 232.05
v -47.7173 5.85942 -4.43265
vt -174.514 232.444
v -47.7173 5.85942 -4.41868
vt -173.964 232.444
v -47.7173 5.84942 -4.40868
vt -173.57 232.05
v -47.7173 5.84942 -4.34505
vt -171.065 232.05
v -47.7173 5.85942 -4.33505
vt -170.671 232.444
v -47.7173 5.85942 -4.32108
vt -170.121 232.444
v -47.7173 5.84942 -4.31108
vt -169.728 232.05
v -47.7173 5.84942 -4.24661
vt -167.189 232.05
v -47.7173 5.89142 -4.22261
vt -166.244 233.704
v -47.7173 5.89142 -4.19783
vt -165.269 233.704
v -47.7173 5.84942 -4.17383
vt -164.324 232.05
v -47.7173 5.84942 -4.10935
vt -161.786 232.05
v -47.7173 5.85942 -4.09935
vt -161.392 232.444
v -47.7173 5.85942 -4.08543
vt -160.844 232.444
v -47.7173 5.84942 -4.07543
vt -160.45 232.05
v -47.7173 5.84942 -4.0117
vt -157.941 232.05
v -47.7173 5.85942 -4.0017
vt -157.547 232.444
v -47.7173 5.85942 -3.98778
vt -156.999 232.444
v -47.7173 5.84942 -3.97778
vt -156.606 232.05
v -47.7173 5.84942 -3.90812
vt -153.863 232.05
v -47.7173 5.88692 -3.88669
vt -153.019 233.527
v -47.7173 5.88692 -3.86714
vt -152.25 233.527
v -47.7173 5.87792 -3.862
vt -152.047 233.172
v -47.7173 5.87792 -3.86192
vt -152.044 233.172
v -47.7173 5.87792 -3.85681
vt -151.843 233.172
v -47.7173 5.89142 -3.86453
f 3795/3969/258 3740/3968/258 3741/9847/258 3796/9848/258 3797/9849/258 3798/9850/258 3799/9851/258 3800/9852/258 3801/9853/258 3802/9854/258 3803/9855/258 3804/9856/258 3805/9857/258 3806/9858/258 3807/9859/258 3808/9860/258 3809/9861/258 3810/9862/258 3811/9863/258 3812/9864/258 3813/9865/258 3814/9866/258 3815/9867/258 3816/9868/258 3817/9869/258 3818/9870/258 3819/9871/258 3820/9872/258 3821/9873/258 3822/9874/258 3823/9875/258 3824/9876/258 3825/9877/258 3826/9878/258 3827/9879/258 3828/9880/258 3829/9881/258 3830/9882/258 3783/9883/258 3782/9884/258 3784/5795/258 3785/9885/258 3786/9886/258 3790/9887/258 3793/9888/258 3794/9889/258 3831/9890/258 3832/9891/258 3833/9892/258 3834/9893/258 3835/9894/258 3836/9895/258 3837/9896/258 3838/9897/258 3839/9898/258 3840/9899/258 3841/9900/258 3842/9901/258 3843/9902/258 3844/9903/258 3845/9904/258 3846/9905/258 3847/9906/258 3848/9907/258 3849/9908/258 3850/9909/258 3851/9910/258 3852/9911/258 3853/9912/258 3854/9913/258 3855/9914/258 3856/9915/258 3857/9916/258 3858/9917/258 3859/9918/258 3860/9919/258 3861/9920/258 3862/9921/258 3863/9922/258 3864/9923/258 3865/9924/258 3866/9925/258 3867/9926/258 3868/3970/258 

vt -1738.24 125.068
vt -1878.55 124.917
f 3742/9927/71 3795/9928/71 3740/9735/71 3739/9734/71 

usemtl White1
vt 1738.1 153.122
vn 0.000936004 -1 -7.61289e-16
vt 1738.1 152.147
vt 1878.42 152.147
vt 1878.42 153.122
f 3742/9929/557 3743/9930/557 3868/9931/557 3795/9932/557 

v -44.1533 5.89925 -3.89192
vt 153.225 233.883
vt 152.147 233.706
vt 153.122 233.706
f 3869/9933/260 3743/9934/260 3742/9935/260

f 2011/4360/260 3743/9934/260 3869/9933/260

vt 151.843 233.175
f 2011/4360/260 3744/9936/260 3743/9934/260

f 2011/4360/260 2012/4361/260 3744/9936/260

usemtl FrontColor
vt 1738.4 275.912
vt 1883.5 276.367
vt 1878.72 276.373
vt 1878.71 275.76
f 3744/9937/86 2012/4362/86 1893/4365/86 1892/9938/86 3868/9939/86 3867/9940/86 

vt 1883.2 153.122
vt 1883.2 152.147
f 1891/9941/474 3795/9932/474 3868/9931/474 1892/9942/474 

vt -1883.34 124.708
vt -1883.34 124.912
f 1890/9943/71 3740/9735/71 3795/9928/71 1891/9944/71 

vt 1738.1 153.332
vn 0.000936004 -1 -7.88464e-13
vt 1878.42 153.224
vt 1883.2 153.224
vt 1883.2 153.428
v -44.1533 5.89025 -3.89706
f 2177/9945/558 3739/5491/558 3740/9946/558 1890/9947/558 1889/9948/558 3870/5493/558 

usemtl White1
vt 153.223 233.529
vt 153.332 233.529
f 3869/9933/260 3739/9949/260 2177/9950/260

f 3869/9933/260 3742/9935/260 3739/9949/260

vt 153.427 233.529
f 3869/9933/260 2177/9950/260 3870/9951/260

usemtl FrontColor
vt 1738.24 125.171
vt 1738.24 124.763
vt 1883.34 124.606
vt 1883.34 125.014
f 3869/9952/79 3870/9953/79 1889/9954/79 1888/9955/79 

vn -0.000936004 1 7.27701e-14
vt -1883.2 153.225
vt -1883.2 152.044
f 2011/5483/559 3869/5482/559 1888/9956/559 1887/9957/559 

usemtl M_0024_OrangeRed
vt 1738.4 276.524
f 3743/9958/86 3744/9937/86 3867/9940/86 3868/9939/86 

usemtl M_0050_LemonChiffon
vt 1878.42 151.843
vn 0.000936004 -1 2.51587e-10
vt 1878.42 152.044
vt 1738.1 151.939
f 3867/9959/560 3866/9960/560 2491/9640/560 2490/9961/560 3744/9644/560 

vt 1878.42 152.047
f 3866/9960/257 3865/9962/257 2493/9641/257 2491/9640/257 

vt 1878.71 275.862
vt 1878.72 276.27
vt 1738.4 276.421
vt 1738.4 276.013
f 3865/9963/86 3864/9964/86 2492/9965/86 2493/9966/86 

vt 1878.42 152.25
vn 0.000936004 -1 3.61573e-14
vt 1878.42 153.019
f 3864/9967/561 3863/9968/561 3745/9632/561 2492/9631/561 

vt -1878.55 124.814
vt -1878.55 123.114
vt -1738.24 123.265
vt -1738.24 124.965
f 3863/9969/71 3862/9970/71 3746/9971/71 3745/9972/71 

usemtl FrontColor
vn 0.000936004 -1 -8.39975e-16
vt 1878.42 153.863
vt 1878.42 156.606
f 3746/9624/562 3862/9973/562 3861/9974/99 3747/9625/99 

usemtl White1
vt 1738.46 273.077
vt 1738.46 272.52
vt 1878.78 272.335
vt 1878.78 272.891
f 3748/9975/99 3747/9976/99 3861/9977/99 3860/9978/99 

vt 1878.42 156.999
vt 1878.42 157.547
f 3749/9618/97 3748/9617/99 3860/9979/99 3859/9980/97 

vt -1738.17 50.1024
vt -1738.17 50.6592
vt -1878.48 50.4734
vt -1878.48 49.9166
f 3750/9981/97 3749/9982/97 3859/9983/97 3858/9984/97 

vt 1878.42 157.941
vt 1878.42 160.45
f 3751/9610/99 3750/9609/97 3858/9985/97 3857/9986/99 

vt 1738.47 275.796
vt 1738.47 275.239
vt 1878.78 275.053
vt 1878.78 275.61
f 3752/9987/99 3751/9988/99 3857/9989/99 3856/9990/99 

vt 1878.42 160.844
vt 1878.42 161.392
f 3753/9602/97 3752/9601/99 3856/9991/99 3855/9992/97 

vt -1738.17 47.3839
vt -1738.17 47.9407
vt -1878.48 47.755
vt -1878.48 47.1982
f 3754/9993/97 3753/9994/97 3855/9995/97 3854/9996/97 

vn 0.000936004 -1 -7.62237e-16
vt 1878.42 161.786
vt 1878.42 164.324
f 3755/9594/563 3754/9593/97 3854/9997/97 3853/9998/563 

vt 1738.41 283.034
vt 1738.41 281.13
vt 1878.72 280.978
vt 1878.72 282.883
f 3756/9999/86 3755/10000/86 3853/10001/86 3852/10002/86 

vt 1878.42 165.269
vt 1878.42 166.244
f 3757/9586/557 3756/9585/557 3852/10003/557 3851/10004/557 

vt -1738.23 116.653
vt -1738.23 118.558
vt -1878.55 118.406
vt -1878.54 116.502
f 3758/10005/71 3757/10006/71 3851/10007/71 3850/10008/71 

vt 1878.42 167.189
vt 1878.42 169.728
f 3759/9578/99 3758/9577/563 3850/10009/563 3849/10010/99 

vt 1738.48 282.356
vt 1738.48 281.799
vt 1878.79 281.613
vt 1878.79 282.17
f 3760/10011/99 3759/10012/99 3849/10013/99 3848/10014/99 

vt 1878.42 170.121
vt 1878.42 170.671
f 3761/9570/97 3760/9569/99 3848/10015/99 3847/10016/97 

vt -1738.16 40.8223
vt -1738.16 41.3791
vt -1878.47 41.1934
vt -1878.47 40.6366
f 3762/10017/97 3761/10018/97 3847/10019/97 3846/10020/97 

vt 1878.42 171.065
vt 1878.42 173.57
f 3763/9562/99 3762/9561/97 3846/10021/97 3845/10022/99 

vt 1738.48 285.073
vt 1738.48 284.516
vt 1878.79 284.33
vt 1878.8 284.887
f 3764/10023/99 3763/10024/99 3845/10025/99 3844/10026/99 

vt 1878.42 173.964
vt 1878.42 174.514
f 3765/9554/97 3764/9553/99 3844/10027/99 3843/10028/97 

vt -1738.15 38.1052
vt -1738.15 38.662
vt -1878.47 38.4763
vt -1878.47 37.9195
f 3766/10029/97 3765/10030/97 3843/10031/97 3842/10032/97 

vt 1878.42 174.908
vt 1878.42 177.446
f 3767/9546/563 3766/9545/97 3842/10033/97 3841/10034/563 

vt 1738.41 289.545
vt 1738.41 287.64
vt 1878.73 287.489
vt 1878.73 289.393
f 3768/10035/86 3767/10036/86 3841/10037/86 3840/10038/86 

vn 0.000936004 -1 -2.99018e-14
vt 1878.42 178.391
vt 1878.42 179.366
f 3769/9538/564 3768/9537/564 3840/10039/564 3839/10040/564 

vt -1738.22 110.143
vt -1738.22 112.047
vt -1878.54 111.896
vt -1878.54 109.992
f 3770/10041/71 3769/10042/71 3839/10043/71 3838/10044/71 

vt 1878.42 180.311
vt 1878.42 182.85
f 3771/9530/99 3770/9529/563 3838/10045/563 3837/10046/99 

vt 1738.49 291.634
vt 1738.49 291.078
vt 1878.8 290.892
vt 1878.8 291.449
f 3772/10047/99 3771/10048/99 3837/10049/99 3836/10050/99 

vt 1878.42 183.243
vt 1878.42 183.793
f 3773/9522/97 3772/9521/99 3836/10051/99 3835/10052/97 

vt -1738.14 31.5436
vt -1738.15 32.1004
vt -1878.46 31.9147
vt -1878.46 31.3579
f 3774/10053/97 3773/10054/97 3835/10055/97 3834/10056/97 

vt 1878.42 184.187
vt 1878.42 186.696
f 3775/9514/99 3774/9513/97 3834/10057/97 3833/10058/99 

vt 1738.49 294.354
vt 1738.49 293.797
vt 1878.81 293.612
vt 1878.81 294.169
f 3776/10059/99 3775/10060/99 3833/10061/99 3832/10062/99 

vt 1878.42 187.09
vt 1878.42 187.64
f 3777/9506/97 3776/9505/99 3832/10063/99 3831/10064/97 

vt -1738.14 28.8238
vt -1738.14 29.3806
vt -1878.46 29.1948
vt -1878.46 28.638
f 3778/10065/97 3777/10066/97 3831/10067/97 3794/10068/97 

usemtl M_0050_LemonChiffon
vt 152.25 233.527
vn 1 0.000936004 -1.19665e-10
vt 152.044 233.172
vt 152.047 233.172
f 2492/10069/565 2491/10070/565 2493/10071/565

usemtl White1
vt -1878.42 153.966
vt -1738.1 153.966
vt -1738.1 156.532
vt -1878.42 156.532
f 3741/10072/183 3702/10073/183 3738/10074/74 3796/10075/74 

vt -1738.46 272.594
vt -1738.46 273.15
vt -1878.78 272.965
vt -1878.78 272.408
f 3738/10076/74 3737/10077/74 3797/10078/74 3796/10079/74 

vt -1738.1 156.926
vt -1738.1 157.621
vt -1878.42 157.621
vt -1878.42 156.926
f 3737/10080/74 3736/10081/75 3798/10082/75 3797/10083/74 

vt 1738.17 50.7325
vt 1738.17 50.1758
vt 1878.48 49.99
vt 1878.48 50.5468
f 3736/10084/75 3735/10085/75 3799/10086/75 3798/10087/75 

vt -1738.1 158.014
vt -1738.1 160.377
vt -1878.42 160.377
vt -1878.42 158.014
f 3735/10088/75 3734/10089/74 3800/10090/74 3799/10091/75 

vt -1738.47 275.312
vt -1738.47 275.869
vt -1878.78 275.683
vt -1878.78 275.126
f 3734/10092/74 3733/10093/74 3801/10094/74 3800/10095/74 

vt -1738.1 160.77
vt -1738.1 161.465
vt -1878.42 161.465
vt -1878.42 160.77
f 3733/10096/74 3732/10097/75 3802/10098/75 3801/10099/74 

vt 1738.17 48.0141
vt 1738.17 47.4573
vt 1878.48 47.2716
vt 1878.48 47.8283
f 3732/10100/75 3731/10101/75 3803/10102/75 3802/10103/75 

vt -1738.1 161.859
vt -1738.1 164.221
vn -0.000936004 1 7.61397e-16
vt -1878.42 164.221
vt -1878.42 161.859
f 3731/10104/75 3730/10105/566 3804/10106/566 3803/10107/75 

vt -1738.41 281.233
vt -1738.41 283.137
vt -1878.72 282.986
vt -1878.72 281.081
f 3730/10108/77 3729/10109/77 3805/10110/77 3804/10111/77 

vt -1738.1 165.166
vn -0.000936004 1 7.60286e-16
vt -1738.1 166.347
vt -1878.42 166.347
vt -1878.42 165.166
f 3729/10112/567 3728/10113/567 3806/10114/567 3805/10115/567 

vt 1738.23 118.661
vt 1738.23 116.756
vt 1878.54 116.605
vt 1878.55 118.509
f 3728/10116/79 3727/10117/79 3807/10118/79 3806/10119/79 

vt -1738.1 167.292
vt -1738.1 169.654
vt -1878.42 169.654
vt -1878.42 167.292
f 3727/10120/566 3726/10121/74 3808/10122/74 3807/10123/566 

vt -1738.48 281.872
vt -1738.48 282.429
vt -1878.79 282.243
vt -1878.79 281.687
f 3726/10124/74 3725/10125/74 3809/10126/74 3808/10127/74 

vt -1738.1 170.048
vt -1738.1 170.745
vt -1878.42 170.745
vt -1878.42 170.048
f 3725/10128/74 3724/10129/75 3810/10130/75 3809/10131/74 

vt 1738.16 41.4525
vt 1738.16 40.8957
vt 1878.47 40.71
vt 1878.47 41.2667
f 3724/10132/75 3723/10133/75 3811/10134/75 3810/10135/75 

vt -1738.1 171.138
vt -1738.1 173.497
vt -1878.42 173.497
vt -1878.42 171.138
f 3723/10136/75 3722/10137/74 3812/10138/74 3811/10139/75 

vt -1738.48 284.589
vt -1738.48 285.146
vt -1878.8 284.96
vt -1878.79 284.404
f 3722/10140/74 3721/10141/74 3813/10142/74 3812/10143/74 

vt -1738.1 173.89
vt -1738.1 174.587
vt -1878.42 174.587
vt -1878.42 173.89
f 3721/10144/74 3720/10145/75 3814/10146/75 3813/10147/74 

vt 1738.15 38.7354
vt 1738.15 38.1786
vt 1878.47 37.9929
vt 1878.47 38.5497
f 3720/10148/75 3719/10149/75 3815/10150/75 3814/10151/75 

vt -1738.1 174.981
vt -1738.1 177.343
vt -1878.42 177.343
vt -1878.42 174.981
f 3719/10152/75 3718/10153/566 3816/10154/566 3815/10155/75 

vt -1738.41 287.743
vt -1738.41 289.647
vt -1878.73 289.496
vt -1878.73 287.592
f 3718/10156/77 3717/10157/77 3817/10158/77 3816/10159/77 

vt -1738.1 178.288
vt -1738.1 179.469
vt -1878.42 179.469
vt -1878.42 178.288
f 3717/10160/567 3716/10161/567 3818/10162/567 3817/10163/567 

vt 1738.22 112.15
vt 1738.22 110.246
vt 1878.54 110.094
vt 1878.54 111.999
f 3716/10164/79 3715/10165/79 3819/10166/79 3818/10167/79 

vt -1738.1 180.414
vt -1738.1 182.776
vt -1878.42 182.776
vt -1878.42 180.414
f 3715/10168/566 3714/10169/74 3820/10170/74 3819/10171/566 

vt -1738.49 291.151
vt -1738.49 291.708
vt -1878.8 291.522
vt -1878.8 290.965
f 3714/10172/74 3713/10173/74 3821/10174/74 3820/10175/74 

vt -1738.1 183.17
vt -1738.1 183.867
vt -1878.42 183.867
vt -1878.42 183.17
f 3713/10176/74 3712/10177/75 3822/10178/75 3821/10179/74 

vt 1738.15 32.1738
vt 1738.15 31.617
vt 1878.46 31.4313
vt 1878.46 31.9881
f 3712/10180/75 3711/10181/75 3823/10182/75 3822/10183/75 

vt -1738.1 184.261
vt -1738.1 186.623
vt -1878.42 186.623
vt -1878.42 184.261
f 3711/10184/75 3710/10185/74 3824/10186/74 3823/10187/75 

vt -1738.49 293.871
vt -1738.49 294.428
vt -1878.81 294.242
vt -1878.81 293.685
f 3710/10188/74 3709/10189/74 3825/10190/74 3824/10191/74 

vt -1738.1 187.016
vt -1738.1 187.713
vt -1878.42 187.713
vt -1878.42 187.016
f 3709/10192/74 3708/10193/75 3826/10194/75 3825/10195/74 

vt 1738.14 29.4539
vt 1738.14 28.8972
vt 1878.46 28.7114
vt 1878.46 29.2682
f 3708/10196/75 3707/10197/75 3827/10198/75 3826/10199/75 

vt -1878.42 188.107
vt -1738.1 188.107
vt -1738.1 190.465
vn -0.000936004 1 5.2917e-12
vt -1878.42 190.465
f 3827/10200/75 3707/10201/75 3706/10202/568 3828/10203/568 

usemtl FrontColor
vt -1738.42 294.253
vt -1738.42 296.158
vt -1878.74 296.006
vt -1878.73 294.102
f 3706/10204/77 3705/10205/77 3829/10206/77 3828/10207/77 

vt -1738.1 191.41
vn -0.000936004 1 4.88023e-14
vt -1738.1 192.591
vt -1878.42 192.591
vt -1878.42 191.41
f 3705/10208/569 3704/10209/569 3830/10210/569 3829/10211/569 

vt 1738.22 105.64
vt 1738.22 105.232
vt 1878.53 105.08
vt 1878.53 105.489
f 3704/10212/79 3703/10213/79 3783/10214/79 3830/10215/79 

usemtl Color_007
vt -190.745 230.456
vt -190.568 230.456
f 3786/9886/417 3788/10216/417 3791/10217/417 3790/9887/417 

vt 1878.42 190.745
vn 0.000936004 -1 -1.31084e-09
vt 1874.37 190.745
vt 1874.37 190.568
f 3788/10218/570 3787/10219/570 3792/10220/570 3791/9845/570 

usemtl FrontColor
v -47.6144 5.80501 -4.82774
vt -190.069 230.298
vn -1 -0.000936004 -3.9832e-13
v -47.6144 5.80801 -4.82774
vt -190.069 230.417
v -47.6144 5.80827 -4.82777
vt -190.07 230.427
v -47.6144 5.80851 -4.82787
vt -190.074 230.436
v -47.6144 5.80872 -4.82803
vt -190.08 230.444
v -47.6144 5.80888 -4.82824
vt -190.088 230.451
v -47.6144 5.80898 -4.82848
vt -190.098 230.455
v -47.6144 5.80901 -4.82874
vt -190.108 230.456
v -47.6144 5.80901 -4.84774
vt -190.856 230.456
v -47.6144 5.80401 -4.84774
vt -190.856 230.259
v -47.6144 5.80401 -4.82874
vt -190.108 230.259
v -47.6144 5.80405 -4.82848
vt -190.098 230.26
v -47.6144 5.80415 -4.82824
vt -190.088 230.264
v -47.6144 5.80431 -4.82803
vt -190.08 230.271
v -47.6144 5.80451 -4.82787
vt -190.074 230.279
v -47.6144 5.80476 -4.82777
vt -190.07 230.288
f 3871/10221/571 3872/10222/571 3873/10223/571 3874/10224/571 3875/10225/571 3876/10226/571 3877/10227/571 3878/10228/571 3792/10217/571 3787/10216/571 3879/10229/571 3880/10230/571 3881/10231/571 3882/10232/571 3883/10233/571 3884/10234/571 3885/10235/571 3886/10236/571 

usemtl M_0050_LemonChiffon
v -44.1532 5.80825 -4.82774
v -44.1532 5.81125 -4.82774
vt -1874.58 228.662
vt -1874.58 228.544
f 3887/4787/52 3888/4788/53 3872/10237/53 3871/10238/52 

v -44.1532 5.80725 -4.82874
vt 190.124 230.25
vn 1 0.000930589 -9.13568e-06
v -44.1532 5.80725 -4.84774
vt 190.872 230.25
v -44.1532 5.808 -4.84774
vt 190.872 230.279
v -44.1532 5.81225 -4.84774
vt 190.872 230.446
vt 190.761 230.446
vt 190.584 230.446
v -44.1532 5.81225 -4.82874
vt 190.124 230.446
v -44.1532 5.81222 -4.82848
vt 190.114 230.445
v -44.1532 5.81212 -4.82824
vt 190.104 230.441
v -44.1532 5.81196 -4.82803
vt 190.096 230.435
v -44.1532 5.81175 -4.82787
vt 190.09 230.427
v -44.1532 5.81151 -4.82777
vt 190.086 230.417
vt 190.084 230.407
vt 190.084 230.289
v -44.1532 5.808 -4.82777
vt 190.086 230.279
v -44.1532 5.80775 -4.82787
vt 190.09 230.269
v -44.1532 5.80762 -4.82797
vt 190.094 230.264
v -44.1532 5.80755 -4.82803
vt 190.096 230.261
v -44.1532 5.80739 -4.82824
vt 190.104 230.255
v -44.1532 5.80729 -4.82848
vt 190.114 230.251
f 3889/10239/572 3890/10240/572 3891/10241/572 3892/10242/572 3699/10243/572 3789/10244/572 3893/10245/572 3894/10246/572 3895/10247/572 3896/10248/572 3897/10249/572 3898/10250/572 3888/10251/572 3887/10252/572 3899/10253/572 3900/10254/572 3901/10255/572 3902/10256/572 3903/10257/572 3904/10258/572 

vt 1738.1 190.856
vt 1738.1 190.108
vt 1874.37 190.108
vt 1874.37 190.856
f 3890/10259/211 3889/10260/56 3881/10261/56 3880/10262/211 

vt -1736.92 -170.886
vt -1736.92 -170.876
vt -1873.18 -171.853
vt -1873.18 -171.863
f 3889/10263/56 3904/10264/57 3882/10265/57 3881/10266/56 

vt -1737.88 -91.7615
vt -1737.88 -91.7512
vt -1874.15 -92.0845
vt -1874.15 -92.0948
f 3904/10267/57 3903/10268/58 3883/10269/58 3882/10270/57 

vt -1738.08 -13.3035
vt -1738.08 -13.2932
vt -1874.35 -13.5027
vt -1874.35 -13.513
f 3903/10271/58 3902/10272/59 3884/10273/59 3883/10274/58 

vt -1738.18 64.9257
vt -1738.18 64.9321
vt -1874.45 64.7713
vt -1874.45 64.7611
vt -1738.18 64.9218
f 3901/10275/311 3900/10276/60 3885/10277/60 3884/10278/59 3902/10279/59 

vt -1738.24 138.251
vt -1738.24 138.261
vt -1874.51 138.123
vt -1874.51 138.113
f 3900/10280/60 3899/10281/61 3886/10282/61 3885/10283/60 

vt -1738.29 201.868
vt -1738.29 201.878
vt -1874.56 201.75
vt -1874.56 201.739
f 3899/10284/61 3887/10285/52 3871/10286/52 3886/10287/61 

vt 1874.58 228.505
vn -9.13464e-13 1.87358e-09 -1
f 3880/10288/573 3879/6289/573 3892/4379/573 3891/3037/573 3890/4841/573 

vt -1874.37 190.856
vn -0.000936004 1 1.23906e-10
vt -1874.37 190.745
vt -1738.1 190.745
vt -1738.1 190.856
f 3879/10289/574 3787/10290/574 3699/10291/574 3892/10292/574 

vt -1738.1 190.568
vn -0.000936004 1 4.28498e-10
vt -1874.37 190.568
f 3789/10293/575 3699/10291/575 3787/10290/575 3792/10294/575 

usemtl Color_007
v -44.1532 5.808 -4.84043
vt -190.568 230.193
vn -1 -0.000881059 7.56048e-12
vt -190.568 230.36
vt -190.745 230.36
vt -190.745 230.193
f 3905/10295/576 3789/10296/576 3699/10297/576 3698/10298/576 

usemtl FrontColor
f 3700/4918/524 2259/4919/524 2535/4370/524 3789/4375/524 3905/4920/524 

usemtl Color_007
vt 1558.97 190.745
vn 0.000936004 -1 -8.82503e-10
vt 1738.1 190.745
f 3697/10299/577 3700/9493/577 3905/9496/577 3698/10300/577 

usemtl M_0050_LemonChiffon
v -39.6032 5.80725 -4.82874
vt 190.108 230.091
vn 1 0.000936004 -1.0853e-12
v -39.6032 5.80725 -4.84774
vt 190.856 230.091
v -39.6032 5.81225 -4.84774
vt 190.856 230.288
v -39.6032 5.81225 -4.82874
vt 190.108 230.288
v -39.6032 5.81222 -4.82848
vt 190.098 230.287
v -39.6032 5.81212 -4.82824
vt 190.088 230.283
v -39.6032 5.81196 -4.82803
vt 190.08 230.277
v -39.6032 5.81175 -4.82787
vt 190.074 230.269
v -39.6032 5.81151 -4.82777
vt 190.07 230.259
v -39.6032 5.81125 -4.82774
vt 190.069 230.249
v -39.6032 5.80825 -4.82774
vt 190.069 230.131
v -39.6032 5.808 -4.82777
vt 190.07 230.121
v -39.6032 5.80775 -4.82787
vt 190.074 230.111
v -39.6032 5.80755 -4.82803
vt 190.08 230.103
v -39.6032 5.80739 -4.82824
vt 190.088 230.097
v -39.6032 5.80729 -4.82848
vt 190.098 230.093
f 3906/10301/578 3907/10302/578 3908/10303/578 3697/9489/578 3700/9490/578 3909/10304/578 3910/10305/578 3911/10306/578 3912/10307/578 3913/10308/578 3914/10309/578 3915/10310/578 3916/10311/578 3917/10312/578 3918/10313/578 3919/10314/578 3920/10315/578 3921/10316/578 

vt 1558.97 190.856
vt 1558.97 190.108
v -44.1532 5.803 -4.82874
v -44.1532 5.803 -4.84774
f 3907/10317/211 3906/10318/56 3922/10260/56 3923/10259/211 

vt -1557.79 -169.624
vt -1557.79 -169.613
v -44.1532 5.80303 -4.82848
vt -1736.92 -170.898
vt -1736.92 -170.908
f 3906/10319/56 3921/10320/57 3924/10321/57 3922/10322/56 

vt -1558.75 -91.3875
vt -1558.75 -91.3772
v -44.1532 5.80313 -4.82824
vt -1737.88 -91.8154
vt -1737.88 -91.8257
f 3921/10323/57 3920/10324/58 3925/10325/58 3924/10326/57 

vt -1558.95 -13.1301
vt -1558.95 -13.1199
v -44.1532 5.80329 -4.82803
vt -1738.08 -13.3953
vt -1738.08 -13.4056
f 3920/10327/58 3919/10328/59 3926/10329/59 3925/10330/58 

vt -1559.05 65.0002
vt -1559.05 65.0104
v -44.1532 5.8035 -4.82787
vt -1738.18 64.7991
vt -1738.18 64.7888
f 3919/10331/59 3918/10332/60 3927/10333/60 3926/10334/59 

vt -1559.11 138.277
vt -1559.11 138.288
v -44.1532 5.80374 -4.82777
vt -1738.24 138.106
vt -1738.24 138.096
f 3918/10335/60 3917/10336/61 3928/10337/61 3927/10338/60 

vt -1559.16 201.871
vt -1559.16 201.881
v -44.1532 5.804 -4.82774
vt -1738.29 201.712
vt -1738.29 201.702
f 3917/10339/61 3916/10340/52 3929/10341/52 3928/10342/61 

v -44.1532 5.807 -4.82774
f 3916/3056/52 3915/3057/53 3930/3058/53 3929/3059/52 

vt -1559.21 251.616
vt -1559.21 251.626
v -44.1532 5.80725 -4.82777
vt -1738.34 251.457
vt -1738.34 251.447
f 3915/10343/53 3914/10344/68 3931/10345/68 3930/10346/53 

vt -1559.26 283.889
vt -1559.26 283.899
v -44.1532 5.8075 -4.82787
vt -1738.39 283.717
vt -1738.39 283.707
f 3914/10347/68 3913/10348/67 3932/10349/67 3931/10350/68 

vt -1559.32 296.554
vt -1559.32 296.565
v -44.1532 5.8077 -4.82803
vt -1738.45 296.353
vt -1738.45 296.349
vt -1738.45 296.343
f 3913/10351/67 3912/10352/66 3933/10353/66 3901/10354/322 3932/10355/67 

vt -1559.41 288.587
vt -1559.41 288.597
v -44.1532 5.80786 -4.82824
vt -1738.55 288.322
vt -1738.55 288.311
f 3912/10356/66 3911/10357/65 3934/10358/65 3933/10359/66 

vt -1559.61 259.93
vt -1559.61 259.94
v -44.1532 5.80796 -4.82848
vt -1738.74 259.502
vt -1738.74 259.492
f 3911/10360/65 3910/10361/64 3935/10362/64 3934/10363/65 

vt -1560.49 207.345
vt -1560.49 207.355
v -44.1532 5.808 -4.82874
vt -1739.62 206.071
vt -1739.62 206.061
f 3910/10364/64 3909/10365/62 3936/10366/62 3935/10367/64 

vt -1558.97 190.108
vt -1558.97 190.568
vn -0.000936004 1 -3.98549e-10
vt -1738.1 190.108
f 3909/10368/62 3700/10369/579 3905/10293/579 3936/10370/62 

usemtl FrontColor
vt -190.061 230.118
vn -1 -0.000928515 -4.61187e-06
vt -190.061 230.236
vt -190.062 230.246
vt -190.066 230.256
vt -190.07 230.261
vt -190.072 230.264
vt -190.08 230.27
vt -190.09 230.274
vt -190.1 230.275
vt -190.56 230.275
vt -190.737 230.275
vt -190.848 230.275
vt -190.848 230.246
vt -190.848 230.078
vt -190.1 230.078
vt -190.09 230.08
vt -190.08 230.084
vt -190.072 230.09
vt -190.066 230.098
vt -190.062 230.108
f 3929/10371/580 3930/10372/580 3931/10373/580 3932/10374/580 3901/10375/580 3933/10376/580 3934/10377/580 3935/10378/580 3936/10379/580 3905/10380/580 3698/10381/580 3891/10382/580 3890/10383/580 3923/10384/580 3922/10385/580 3924/10386/580 3925/10387/580 3926/10388/580 3927/10389/580 3928/10390/580 

usemtl M_0050_LemonChiffon
vn -0.000936004 1 2.44437e-10
vt -1558.97 190.745
vt -1558.97 190.856
f 3891/10292/581 3698/10291/581 3697/10391/581 3908/10392/581 

vn -1.13329e-12 1.88109e-09 -1
f 3890/4841/582 3891/3037/582 3908/3038/582 3907/3039/582 3923/3036/582 

vn -0.000936004 1 -1.9477e-10
vt -1874.37 190.108
f 3893/10370/62 3789/10293/583 3792/10294/583 3878/10393/62 

vt -1739.62 206.083
vt -1739.62 206.093
vt -1875.89 205.116
vt -1875.89 205.105
f 3894/10394/64 3893/10395/62 3878/10396/62 3877/10397/64 

vt -1738.74 259.556
vt -1738.74 259.567
vt -1875.01 259.233
vt -1875.01 259.223
f 3895/10398/65 3894/10399/64 3877/10400/64 3876/10401/65 

vt -1738.55 288.414
vt -1738.55 288.424
vt -1874.81 288.214
vt -1874.81 288.204
f 3896/10402/66 3895/10403/65 3876/10404/65 3875/10405/66 

vt -1738.45 296.476
vt -1738.45 296.486
vt -1874.72 296.326
vt -1874.72 296.315
f 3897/10406/67 3896/10407/66 3875/10408/66 3874/10409/67 

vt -1738.39 283.862
vt -1738.39 283.872
vt -1874.66 283.734
vt -1874.66 283.724
f 3898/10410/68 3897/10411/67 3874/10412/67 3873/10413/68 

vt -1738.34 251.613
vt -1738.34 251.623
vt -1874.61 251.495
vt -1874.61 251.485
f 3888/10414/53 3898/10415/68 3873/10416/68 3872/10417/53 

usemtl FrontColor
vt 1738.42 294.15
vt 1878.73 293.999
f 2537/9831/86 2536/10418/86 3790/10419/86 3786/9832/86 

vt -192.68 233.24
vn -1 -0.000867526 -1.19947e-05
vt -192.584 233.408
vt -192.677 233.408
vt -192.773 233.24
f 2348/10420/584 2347/10421/584 2452/10422/584 2540/10423/584 

vt -1558.97 191.41
vn -0.000936004 1 2.47585e-14
vt -1558.97 192.591
f 2187/10424/585 2186/10425/585 2453/10209/585 2454/10208/585 

vt -1559.29 294.301
vt -1559.29 296.205
vt -1738.42 296.012
vt -1738.42 294.108
f 2188/10426/77 2187/10427/77 2454/10428/77 2455/10429/77 

usemtl White1
vt -1558.97 188.107
vt -1558.97 190.465
f 2456/10201/75 2189/10430/75 2188/10431/333 2455/10202/333 

vt 1559.01 29.5725
vt 1559.01 29.0157
vt 1738.14 28.7786
vt 1738.14 29.3354
f 2190/10432/75 2189/10433/75 2456/10434/75 2457/10435/75 

vt -1558.97 187.016
vt -1558.97 187.713
f 2191/10436/74 2190/10437/75 2457/10193/75 2458/10192/74 

vt -1559.36 293.989
vt -1559.36 294.546
vt -1738.49 294.309
vt -1738.49 293.752
f 2192/10438/74 2191/10439/74 2458/10440/74 2459/10441/74 

vt -1558.97 184.261
vt -1558.97 186.623
f 2193/10442/75 2192/10443/74 2459/10185/74 2460/10184/75 

vt 1559.01 32.2924
vt 1559.01 31.7356
vt 1738.14 31.4985
vt 1738.15 32.0552
f 2194/10444/75 2193/10445/75 2460/10446/75 2461/10447/75 

vt -1558.97 183.17
vt -1558.97 183.867
f 2195/10448/74 2194/10449/75 2461/10177/75 2462/10176/74 

vt -1559.35 291.27
vt -1559.36 291.826
vt -1738.49 291.589
vt -1738.49 291.032
f 2196/10450/74 2195/10451/74 2462/10452/74 2463/10453/74 

vt -1558.97 180.414
vt -1558.97 182.776
f 2197/10454/247 2196/10455/74 2463/10169/74 2464/10168/247 

vt 1559.09 112.198
vt 1559.09 110.293
vt 1738.22 110.1
vt 1738.22 112.005
f 2198/10456/79 2197/10457/79 2464/10458/79 2465/10459/79 

vt -1558.97 178.288
vn -0.000936004 1 7.61776e-16
vt -1558.97 179.469
f 2199/10460/586 2198/10461/586 2465/10161/586 2466/10160/586 

vt -1559.28 287.79
vt -1559.28 289.695
vt -1738.41 289.502
vt -1738.41 287.597
f 2200/10462/77 2199/10463/77 2466/10464/77 2467/10465/77 

vt -1558.97 174.981
vt -1558.97 177.343
f 2201/10466/75 2200/10467/247 2467/10153/247 2468/10152/75 

vt 1559.02 38.854
vt 1559.02 38.2972
vt 1738.15 38.0601
vt 1738.15 38.6168
f 2202/10468/75 2201/10469/75 2468/10470/75 2469/10471/75 

vt -1558.97 173.89
vt -1558.97 174.587
f 2203/10472/74 2202/10473/75 2469/10145/75 2470/10144/74 

vt -1559.35 284.708
vt -1559.35 285.265
vt -1738.48 285.028
vt -1738.48 284.471
f 2204/10474/74 2203/10475/74 2470/10476/74 2471/10477/74 

vt -1558.97 171.138
vt -1558.97 173.497
f 2205/10478/75 2204/10479/74 2471/10137/74 2472/10136/75 

vt 1559.02 41.571
vt 1559.02 41.0143
vt 1738.16 40.7771
vt 1738.16 41.3339
f 2206/10480/75 2205/10481/75 2472/10482/75 2473/10483/75 

vt -1558.97 170.048
vt -1558.97 170.745
f 2207/10484/74 2206/10485/75 2473/10129/75 2474/10128/74 

vt -1559.34 281.991
vt -1559.34 282.548
vt -1738.48 282.311
vt -1738.48 281.754
f 2208/10486/74 2207/10487/74 2474/10488/74 2475/10489/74 

vt -1558.97 167.292
vt -1558.97 169.654
f 2209/10490/247 2208/10491/74 2475/10121/74 2476/10120/247 

vt 1559.1 118.708
vt 1559.09 116.804
vt 1738.23 116.61
vt 1738.23 118.515
f 2210/10492/79 2209/10493/79 2476/10494/79 2477/10495/79 

vt -1558.97 165.166
vn -0.000936004 1 7.61966e-16
vt -1558.97 166.347
f 2211/10496/587 2210/10497/587 2477/10113/587 2478/10112/587 

vt -1559.27 281.28
vt -1559.27 283.185
vt -1738.41 282.991
vt -1738.41 281.087
f 2212/10498/77 2211/10499/77 2478/10500/77 2479/10501/77 

vt -1558.97 161.859
vt -1558.97 164.221
f 2213/10502/75 2212/10503/247 2479/10105/247 2480/10104/75 

vt 1559.03 48.1326
vt 1559.03 47.5759
vt 1738.17 47.3387
vt 1738.17 47.8955
f 2214/10504/75 2213/10505/75 2480/10506/75 2481/10507/75 

vt -1558.97 160.77
vt -1558.97 161.465
f 2215/10508/74 2214/10509/75 2481/10097/75 2482/10096/74 

vt -1559.33 275.431
vt -1559.33 275.987
vt -1738.47 275.75
vt -1738.47 275.194
f 2216/10510/74 2215/10511/74 2482/10512/74 2483/10513/74 

vt -1558.97 158.014
vt -1558.97 160.377
f 2217/10514/75 2216/10515/74 2483/10089/74 2484/10088/75 

vt 1559.04 50.8511
vt 1559.04 50.2943
vt 1738.17 50.0572
vt 1738.17 50.614
f 2218/10516/75 2217/10517/75 2484/10518/75 2485/10519/75 

vt -1558.97 156.926
vt -1558.97 157.621
f 2219/10520/74 2218/10521/75 2485/10081/75 2486/10080/74 

vt -1559.33 272.712
vt -1559.33 273.269
vt -1738.46 273.032
vt -1738.46 272.475
f 2220/10522/74 2219/10523/74 2486/10524/74 2487/10525/74 

vt -1558.97 153.966
vt -1558.97 156.532
f 2488/10073/499 2221/10526/499 2220/10527/74 2487/10074/74 

vt -1559.1 123.415
vt -1738.24 123.222
f 2221/10528/71 1558/5494/71 2178/5497/71 2488/10529/71 

vt 1558.97 153.122
vn 0.000936004 -1 -5.90885e-14
vt 1558.97 152.147
f 1557/10530/588 1556/10531/588 2489/9930/588 2180/9929/588 

usemtl M_0024_OrangeRed
vt 1559.27 276.571
vt 1738.4 275.959
vt 1738.4 276.378
f 1556/10532/86 1555/9646/86 2496/9647/86 2490/10533/86 2489/10534/86 

usemtl M_0050_LemonChiffon
f 2363/5792/344 2361/5790/344 2545/5791/344

vt 1874.69 295.452
vt 1874.69 295.86
vt 1738.42 296.007
vt 1738.42 295.599
f 2446/10535/86 2445/10536/86 2361/10537/86 2545/10538/86 

vt 1874.37 191.524
f 2367/5708/264 2446/10539/264 2545/5938/264 2363/5709/264 

usemtl White1
f 2355/5691/361 2361/5697/361 2263/5689/361

usemtl M_0050_LemonChiffon
vn 1 0.000936004 -1.1439e-11
vt 191.524 233.005
f 2268/5587/589 2267/5586/589 2548/10540/589

usemtl FrontColor
v -44.1532 5.808 -3.84053
f 2023/4918/524 1553/4919/524 2013/4370/524 2017/4375/524 3937/4920/524 

usemtl Color_007
vt -151.157 230.145
vt -151.157 230.313
vt -151.334 230.313
vt -151.334 230.145
f 3937/10541/525 2017/10542/525 2019/10543/525 2022/10544/525 

usemtl M_0050_LemonChiffon
v -44.1532 5.80725 -3.82603
vt 150.646 230.245
v -44.1532 5.80725 -3.84503
vt 151.394 230.245
vt 151.394 230.274
vt 151.394 230.442
vt 151.216 230.442
v -44.1532 5.81225 -3.82603
vt 150.646 230.442
v -44.1532 5.81222 -3.82577
vt 150.635 230.44
v -44.1532 5.81212 -3.82553
vt 150.626 230.436
v -44.1532 5.81196 -3.82532
vt 150.618 230.43
v -44.1532 5.81175 -3.82516
vt 150.611 230.422
v -44.1532 5.81151 -3.82506
vt 150.607 230.412
v -44.1532 5.81125 -3.82503
vt 150.606 230.402
v -44.1532 5.80825 -3.82503
vt 150.606 230.284
v -44.1532 5.808 -3.82506
vt 150.607 230.274
v -44.1532 5.80775 -3.82516
vt 150.611 230.264
v -44.1532 5.80762 -3.82526
vt 150.615 230.259
v -44.1532 5.80755 -3.82532
vt 150.618 230.256
v -44.1532 5.80739 -3.82553
vt 150.626 230.25
v -44.1532 5.80729 -3.82577
vt 150.635 230.246
f 3938/10545/526 3939/10546/526 2022/10547/526 2019/10548/526 2017/10549/526 3940/10550/526 3941/10551/526 3942/10552/526 3943/10553/526 3944/10554/526 3945/10555/526 3946/10556/526 3947/10557/526 3948/10558/526 3949/10559/526 3950/10560/526 3951/10561/526 3952/10562/526 3953/10563/526 

vt 1738.1 151.379
vt 1738.1 150.631
v -47.7172 5.80392 -3.82603
vt 1878.42 150.631
v -47.7172 5.80392 -3.84503
vt 1878.42 151.379
f 3939/10564/508 3938/10565/56 3954/10566/56 3955/10567/508 

vt -1737.2 -131.748
vt -1737.2 -131.738
v -47.7172 5.80395 -3.82577
vt -1877.51 -132.744
vt -1877.51 -132.754
f 3938/10568/56 3953/10569/57 3956/10570/57 3954/10571/56 

vt -1737.97 -55.2898
vt -1737.97 -55.2795
v -47.7172 5.80405 -3.82553
vt -1878.29 -55.6227
vt -1878.29 -55.633
f 3953/10572/57 3952/10573/58 3957/10574/58 3956/10575/57 

vt -1738.13 18.0155
vt -1738.13 18.0258
v -47.7172 5.80421 -3.82532
vt -1878.45 17.8101
vt -1878.45 17.7998
f 3952/10576/58 3951/10577/59 3958/10578/59 3957/10579/58 

vt -1738.21 88.9576
vt -1738.21 88.9641
v -47.7172 5.80442 -3.82516
vt -1878.52 88.7985
vt -1878.52 88.7882
vt -1738.21 88.9538
f 3950/10580/311 3949/10581/60 3959/10582/60 3958/10583/59 3951/10584/59 

vt -1738.26 153.358
vt -1738.26 153.368
v -47.7172 5.80466 -3.82506
vt -1878.57 153.226
vt -1878.57 153.216
f 3949/10585/60 3948/10586/61 3960/10587/61 3959/10588/60 

vt -1738.3 207.021
vt -1738.3 207.031
v -47.7172 5.80492 -3.82503
vt -1878.61 206.899
vt -1878.61 206.888
f 3948/10589/61 3947/10590/52 3961/10591/52 3960/10592/61 

v -47.7172 5.80792 -3.82503
vt -1878.63 228.658
vt -1878.63 228.54
f 3947/4787/52 3946/4788/53 3962/10593/53 3961/10594/52 

vt -1738.34 246.46
vt -1738.34 246.471
v -47.7172 5.80818 -3.82506
vt -1878.65 246.338
vt -1878.65 246.328
f 3946/10595/53 3945/10596/68 3963/10597/68 3962/10598/53 

vt -1738.37 268.755
vt -1738.37 268.765
v -47.7172 5.80842 -3.82516
vt -1878.69 268.623
vt -1878.69 268.613
f 3945/10599/68 3944/10600/67 3964/10601/67 3963/10602/68 

vt -1738.42 272.444
vt -1738.42 272.454
v -47.7172 5.80863 -3.82532
vt -1878.74 272.289
vt -1878.74 272.279
f 3944/10603/67 3943/10604/66 3965/10605/66 3964/10606/67 

vt -1738.5 257.094
vt -1738.5 257.105
v -47.7172 5.80878 -3.82553
vt -1878.81 256.889
vt -1878.81 256.879
f 3943/10607/66 3942/10608/65 3966/10609/65 3965/10610/66 

vt -1738.65 223.085
vt -1738.65 223.095
v -47.7172 5.80888 -3.82577
vt -1878.97 222.752
vt -1878.97 222.741
f 3942/10611/65 3941/10612/64 3967/10613/64 3966/10614/65 

vt -1739.34 166.944
vt -1739.34 166.955
v -47.7172 5.80892 -3.82603
vt -1879.65 165.949
vt -1879.65 165.938
f 3941/10615/64 3940/10616/62 3968/10617/62 3967/10618/64 

vt -1738.1 150.631
vt -1738.1 151.202
vn -0.000936004 1 -1.56309e-10
vt -1878.42 151.202
vt -1878.42 150.631
f 3940/10619/62 2017/10620/590 2016/10621/590 3968/10622/62 

vt -1878.42 151.379
vn -0.000936004 1 5.03826e-10
vt -1738.1 151.379
f 2020/10623/591 2016/10621/591 2017/10620/591 2019/10624/591 

usemtl FrontColor
vt -150.592 230.298
vn -1 -0.000936004 -5.11508e-13
vt -150.592 230.417
vt -150.593 230.427
vt -150.597 230.436
vt -150.603 230.444
vt -150.611 230.451
vt -150.621 230.455
vt -150.631 230.456
vt -151.379 230.259
vt -150.631 230.259
vt -150.621 230.26
vt -150.611 230.264
vt -150.603 230.271
vt -150.597 230.279
vt -150.593 230.288
f 3961/10625/592 3962/10626/592 3963/10627/592 3964/10628/592 3965/10629/592 3966/10630/592 3967/10631/592 3968/10632/592 2016/4377/592 2020/4376/592 3955/10633/592 3954/10634/592 3956/10635/592 3957/10636/592 3958/10637/592 3959/10638/592 3960/10639/592 

usemtl Color_007
vt 1883.2 151.379
vn 0.000936004 -1 -1.38575e-09
vt 1878.42 151.202
f 2018/10640/593 2020/10567/593 2016/10641/593 2015/4345/593 

usemtl M_0050_LemonChiffon
vt 1878.63 228.501
vn -7.90035e-13 1.82367e-09 -1
f 3955/10642/594 2020/4380/594 2019/4379/594 2022/3037/594 3939/4841/594 

usemtl FrontColor
v -44.1532 5.804 -3.82503
vt -150.582 230.114
v -44.1532 5.807 -3.82503
vt -150.582 230.233
v -44.1532 5.80725 -3.82506
vt -150.584 230.243
v -44.1532 5.8075 -3.82516
vt -150.588 230.252
vt -150.591 230.257
v -44.1532 5.8077 -3.82532
vt -150.594 230.26
v -44.1532 5.80786 -3.82553
vt -150.602 230.267
v -44.1532 5.80796 -3.82577
vt -150.611 230.271
v -44.1532 5.808 -3.82603
vt -150.622 230.272
vt -151.192 230.272
vt -151.37 230.272
vt -151.37 230.243
v -44.1532 5.803 -3.84503
vt -151.37 230.075
v -44.1532 5.803 -3.82603
vt -150.622 230.075
v -44.1532 5.80303 -3.82577
vt -150.611 230.076
v -44.1532 5.80313 -3.82553
vt -150.602 230.08
v -44.1532 5.80329 -3.82532
vt -150.594 230.087
v -44.1532 5.8035 -3.82516
vt -150.588 230.095
v -44.1532 5.80374 -3.82506
vt -150.584 230.104
f 3969/10643/533 3970/10644/533 3971/10645/533 3972/10646/533 3950/10647/533 3973/10648/533 3974/10649/533 3975/10650/533 3976/10651/533 3937/10652/533 2022/10653/533 3939/10654/533 3977/10655/533 3978/10656/533 3979/10657/533 3980/10658/533 3981/10659/533 3982/10660/533 3983/10661/533 

usemtl M_0050_LemonChiffon
v -39.6032 5.80825 -3.82503
v -39.6032 5.81125 -3.82503
f 3984/3056/52 3985/3057/53 3970/3058/53 3969/3059/52 

v -39.6032 5.80725 -3.82603
vt 150.631 230.091
vn 1 0.000936004 -2.04919e-13
v -39.6032 5.80725 -3.84503
vt 151.379 230.091
v -39.6032 5.81225 -3.82603
vt 150.631 230.288
v -39.6032 5.81222 -3.82577
vt 150.621 230.287
v -39.6032 5.81212 -3.82553
vt 150.611 230.283
v -39.6032 5.81196 -3.82532
vt 150.603 230.277
v -39.6032 5.81175 -3.82516
vt 150.597 230.269
v -39.6032 5.81151 -3.82506
vt 150.593 230.259
vt 150.592 230.249
vt 150.592 230.131
v -39.6032 5.808 -3.82506
vt 150.593 230.121
v -39.6032 5.80775 -3.82516
vt 150.597 230.111
v -39.6032 5.80755 -3.82532
vt 150.603 230.103
v -39.6032 5.80739 -3.82553
vt 150.611 230.097
v -39.6032 5.80729 -3.82577
vt 150.621 230.093
f 3986/10662/595 3987/10663/595 2021/4389/595 2023/4390/595 3988/10664/595 3989/10665/595 3990/10666/595 3991/10667/595 3992/10668/595 3993/10669/595 3985/10670/595 3984/10671/595 3994/10672/595 3995/10673/595 3996/10674/595 3997/10675/595 3998/10676/595 

vt 1558.97 151.379
vn 0.000936004 -1 1.26981e-10
vt 1558.97 150.631
f 3987/10677/596 3986/10678/56 3978/10565/56 3977/10564/596 

vt -1558.07 -130.485
vt -1558.07 -130.475
vt -1737.2 -131.76
vt -1737.2 -131.77
f 3986/10679/56 3998/10680/57 3979/10681/57 3978/10682/56 

vt -1558.84 -54.9158
vt -1558.84 -54.9055
vt -1737.97 -55.3437
vt -1737.97 -55.3539
f 3998/10683/57 3997/10684/58 3980/10685/58 3979/10686/57 

vt -1559 18.1889
vt -1559 18.1992
vt -1738.13 17.9237
vt -1738.13 17.9135
f 3997/10687/58 3996/10688/59 3981/10689/59 3980/10690/58 

vt -1559.07 89.0321
vt -1559.07 89.0424
vt -1738.21 88.831
vt -1738.21 88.8208
f 3996/10691/59 3995/10692/60 3982/10693/60 3981/10694/59 

vt -1559.12 153.384
vt -1559.12 153.395
vt -1738.26 153.213
vt -1738.26 153.203
f 3995/10695/60 3994/10696/61 3983/10697/61 3982/10698/60 

vt -1559.16 207.024
vt -1559.16 207.034
vt -1738.3 206.865
vt -1738.3 206.854
f 3994/10699/61 3984/10700/52 3969/10701/52 3983/10702/61 

vn -1.29299e-12 1.96886e-09 -1
f 3939/4841/597 2022/3037/597 2021/3038/597 3987/3039/597 3977/3036/597 

usemtl Color_007
vt -1558.97 151.202
vn -0.000936004 1 8.82021e-10
vt -1558.97 151.379
f 2023/10703/598 2021/10704/598 2022/10624/598 3937/10620/598 

usemtl M_0050_LemonChiffon
vt -1558.97 150.631
f 3937/10620/515 3976/10619/62 3988/10705/62 2023/10703/515 

vt -1560.21 168.207
vt -1560.21 168.217
vt -1739.34 166.933
vt -1739.34 166.923
f 3989/10706/64 3988/10707/62 3976/10708/62 3975/10709/64 

vt -1559.52 223.458
vt -1559.52 223.469
vt -1738.65 223.031
vt -1738.65 223.02
f 3990/10710/65 3989/10711/64 3975/10712/64 3974/10713/65 

vt -1559.37 257.268
vt -1559.37 257.278
vt -1738.5 257.003
vt -1738.5 256.992
f 3991/10714/66 3990/10715/65 3974/10716/65 3973/10717/66 

vt -1559.29 272.522
vt -1559.29 272.533
vt -1738.42 272.321
vt -1738.42 272.318
vt -1738.42 272.311
f 3992/10718/67 3991/10719/66 3973/10720/66 3950/10721/322 3972/10722/67 

vt -1559.24 268.781
vt -1559.24 268.792
vt -1738.37 268.61
vt -1738.37 268.6
f 3993/10723/68 3992/10724/67 3972/10725/67 3971/10726/68 

vt -1559.2 246.463
vt -1559.2 246.474
vt -1738.33 246.304
vt -1738.33 246.294
f 3985/10727/53 3993/10728/68 3971/10729/68 3970/10730/53 

usemtl White1
vt 1738.18 60.0098
vt 1738.18 59.4531
vt 1883.28 59.261
vt 1883.28 59.8178
f 1996/10731/75 1999/10732/75 1881/10733/75 1880/10734/75 

vt 1738.24 131.681
vt 1738.24 129.777
vt 1883.34 129.62
vt 1883.34 131.525
f 1988/10735/79 1991/10736/79 1877/10737/79 1876/10738/79 

vt 1738.19 66.5714
vt 1738.19 66.0147
vt 1883.29 65.8226
vt 1883.29 66.3794
f 1980/10739/75 1983/10740/75 1873/10741/75 1872/10742/75 

vt 1738.19 69.2885
vt 1738.19 68.7317
vt 1883.29 68.5397
vt 1883.29 69.0964
f 1972/10743/75 1975/10744/75 1869/10745/75 1868/10746/75 

vt 1738.25 138.192
vt 1738.25 136.287
vt 1883.35 136.131
vt 1883.35 138.035
f 1964/10747/79 1967/10748/79 1865/10749/79 1864/10750/79 

vt 1738.2 75.8501
vt 1738.2 75.2933
vt 1883.3 75.1013
vt 1883.3 75.6581
f 1956/10751/75 1959/10752/75 1861/10753/75 1860/10754/75 

vt 1738.21 78.5686
vt 1738.21 78.0118
vt 1883.3 77.8197
vt 1883.31 78.3765
f 1948/10755/75 1951/10756/75 1857/10757/75 1856/10758/75 

vt 1738.1 74.3821
vt 1738.1 73.4067
vt 1886.78 73.4067
vt 1886.78 74.3821
f 1764/10759/350 1806/10760/350 1762/10761/350 1682/10762/350 

usemtl M_0024_OrangeRed
vt 1738.36 237.458
vt 1738.36 236.846
vt 1887.04 236.685
vt 1887.04 237.298
f 1806/10763/86 1807/10764/86 1761/10765/86 1762/10766/86 

usemtl M_0050_LemonChiffon
vt 1886.78 73.1029
vn 0.000936004 -1 2.51445e-10
vt 1738.1 73.1988
f 1761/10767/599 1680/3733/599 1675/3726/599 1390/10768/599 1807/3725/599 

usemtl FrontColor
vt 1559.22 236.893
vt 1559.22 235.958
vt 1738.36 235.765
vt 1738.36 236.7
f 1300/10769/86 1299/10770/86 1392/10771/86 1391/10772/86 

vt 1559.22 235.601
vt 1738.36 235.408
f 1299/10770/86 1261/10773/86 1264/10774/86 1392/10771/86 

usemtl Color_007
v -39.6032 5.81225 -1.84503
vt 72.6389 230.288
vn 1 0.000936004 9.29729e-13
v -39.6032 5.81225 -1.84053
vt 72.4618 230.288
f 3999/10775/600 1299/3172/600 1261/3171/600 4000/10776/600 

vn -2.48079e-13 7.95356e-12 -1
v -44.1532 5.808 -1.84503
v -44.1532 5.81225 -1.84503
f 1299/4388/601 3999/3038/601 4001/3037/601 4002/4379/601 1392/4378/601 

vt -1558.97 72.4618
vt -1558.97 72.6389
vt -1738.1 72.6389
v -44.1532 5.808 -1.84053
vt -1738.1 72.4618
f 4000/10777/598 3999/10778/598 4001/10779/598 4003/10780/598 

usemtl M_0050_LemonChiffon
v -39.6032 5.80725 -1.82603
vt 71.8909 230.091
vn 1 0.000936004 -2.05641e-13
v -39.6032 5.80725 -1.84503
vt 72.6389 230.091
v -39.6032 5.81225 -1.82603
vt 71.8909 230.288
v -39.6032 5.81222 -1.82577
vt 71.8807 230.287
v -39.6032 5.81212 -1.82553
vt 71.8712 230.283
v -39.6032 5.81196 -1.82532
vt 71.8631 230.277
v -39.6032 5.81175 -1.82516
vt 71.8568 230.269
v -39.6032 5.81151 -1.82506
vt 71.8529 230.259
v -39.6032 5.81125 -1.82503
vt 71.8515 230.249
v -39.6032 5.80825 -1.82503
vt 71.8515 230.131
v -39.6032 5.808 -1.82506
vt 71.8529 230.121
v -39.6032 5.80775 -1.82516
vt 71.8568 230.111
v -39.6032 5.80755 -1.82532
vt 71.8631 230.103
v -39.6032 5.80739 -1.82553
vt 71.8712 230.097
v -39.6032 5.80729 -1.82577
vt 71.8807 230.093
f 4004/10781/602 4005/10782/602 3999/10775/602 4000/10776/602 4006/10783/602 4007/10784/602 4008/10785/602 4009/10786/602 4010/10787/602 4011/10788/602 4012/10789/602 4013/10790/602 4014/10791/602 4015/10792/602 4016/10793/602 4017/10794/602 4018/10795/602 

vt 1558.97 72.6389
vt 1558.97 71.8909
v -44.1532 5.803 -1.82603
vt 1738.1 71.8909
v -44.1532 5.803 -1.84503
vt 1738.1 72.6389
f 4005/10796/596 4004/10797/56 4019/10798/56 4020/10799/596 

vt -1558.63 -52.4209
vt -1558.63 -52.4107
v -44.1532 5.80303 -1.82577
vt -1737.76 -53.6952
vt -1737.76 -53.7055
f 4004/10800/56 4018/10801/57 4021/10802/57 4019/10803/56 

vt -1559.02 17.8304
vt -1559.02 17.8407
v -44.1532 5.80313 -1.82553
vt -1738.15 17.4025
vt -1738.15 17.3923
f 4018/10804/57 4017/10805/58 4022/10806/58 4021/10807/57 

vt -1559.09 80.6576
vt -1559.09 80.6679
v -44.1532 5.80329 -1.82532
vt -1738.23 80.3924
vt -1738.23 80.3822
f 4017/10808/58 4016/10809/59 4023/10810/59 4022/10811/58 

vt -1559.13 136.966
vt -1559.13 136.976
v -44.1532 5.8035 -1.82516
vt -1738.26 136.765
vt -1738.26 136.755
f 4016/10812/59 4015/10813/60 4024/10814/60 4023/10815/59 

vt -1559.15 183.517
vt -1559.15 183.527
v -44.1532 5.80374 -1.82506
vt -1738.29 183.346
vt -1738.29 183.335
f 4015/10816/60 4014/10817/61 4025/10818/61 4024/10819/60 

vt -1559.17 217.301
vt -1559.17 217.312
v -44.1532 5.804 -1.82503
vt -1738.31 217.142
vt -1738.31 217.132
f 4014/10820/61 4013/10821/52 4026/10822/52 4025/10823/61 

v -44.1532 5.807 -1.82503
f 4013/3056/52 4012/3057/53 4027/3058/53 4026/3059/52 

vt -1559.19 236.186
vt -1559.19 236.196
v -44.1532 5.80725 -1.82506
vt -1738.33 236.027
vt -1738.33 236.017
f 4012/10824/53 4011/10825/68 4028/10826/68 4027/10827/53 

vt -1559.21 238.649
vt -1559.21 238.659
v -44.1532 5.8075 -1.82516
vt -1738.34 238.478
vt -1738.34 238.467
f 4011/10828/68 4010/10829/67 4029/10830/67 4028/10831/68 

vt -1559.23 224.589
vt -1559.23 224.599
v -44.1532 5.8077 -1.82532
vt -1738.37 224.387
v -44.1532 5.80762 -1.82526
vt -1738.37 224.384
vt -1738.37 224.377
f 4010/10832/67 4009/10833/66 4030/10834/66 4031/10835/322 4029/10836/67 

vt -1559.27 194.799
vt -1559.27 194.809
v -44.1532 5.80786 -1.82553
vt -1738.4 194.534
vt -1738.4 194.524
f 4009/10837/66 4008/10838/65 4032/10839/65 4030/10840/66 

vt -1559.34 150.712
vt -1559.34 150.723
v -44.1532 5.80796 -1.82577
vt -1738.47 150.284
vt -1738.47 150.274
f 4008/10841/65 4007/10842/64 4033/10843/64 4032/10844/65 

vt -1559.65 90.1425
vt -1559.65 90.1528
v -44.1532 5.808 -1.82603
vt -1738.78 88.8683
vt -1738.78 88.858
f 4007/10845/64 4006/10846/62 4034/10847/62 4033/10848/64 

vt -1738.1 71.8909
vt -1558.97 71.8909
f 4003/10780/515 4034/10849/62 4006/10850/62 4000/10777/515 

usemtl FrontColor
vt -71.8421 230.114
vt -71.8421 230.233
vt -71.8434 230.243
vt -71.8473 230.252
vt -71.8513 230.257
vt -71.8536 230.26
vt -71.8618 230.267
vt -71.8713 230.271
vt -71.8814 230.272
vt -72.4523 230.272
vt -72.6295 230.272
v -44.1532 5.80725 -1.84503
vt -72.6295 230.243
vt -72.6295 230.075
vt -71.8814 230.075
vt -71.8713 230.076
vt -71.8618 230.08
vt -71.8536 230.087
vt -71.8473 230.095
vt -71.8434 230.104
f 4026/10851/533 4027/10852/533 4028/10853/533 4029/10854/533 4031/10855/533 4030/10856/533 4032/10857/533 4033/10858/533 4034/10859/533 4003/10860/533 4001/10861/533 4035/10862/533 4020/10863/533 4019/10864/533 4021/10865/533 4022/10866/533 4023/10867/533 4024/10868/533 4025/10869/533 

usemtl Color_007
vt -72.4166 230.145
v -44.1532 5.81225 -1.84053
vt -72.4166 230.313
vt -72.5937 230.313
vt -72.5937 230.145
f 4003/10870/525 4036/10871/525 4002/10872/525 4001/10873/525 

usemtl FrontColor
f 4000/4918/524 1261/4919/524 1264/4370/524 4036/4375/524 4003/4920/524 

usemtl Color_007
vt -72.5802 232.208
vt -72.5802 230.471
vt -72.403 230.471
vt -72.403 231.898
f 1392/10874/277 4002/10875/277 4036/10876/277 1264/10877/277 

usemtl M_0050_LemonChiffon
vn -0.000936004 1 1.65086e-16
v -47.9297 5.80872 -1.84503
vt -1886.78 72.6389
v -47.9297 5.80872 -1.82603
vt -1886.78 71.8909
v -44.1532 5.81225 -1.82603
f 4036/10780/603 4002/10779/603 4037/10878/603 4038/10879/62 4039/10849/62 

v -44.1532 5.80725 -1.82603
vt 71.9053 230.245
vt 72.6534 230.245
vt 72.6534 230.274
vt 72.6534 230.442
vt 72.4762 230.442
vt 71.9053 230.442
v -44.1532 5.81222 -1.82577
vt 71.8952 230.44
v -44.1532 5.81212 -1.82553
vt 71.8857 230.436
v -44.1532 5.81196 -1.82532
vt 71.8775 230.43
v -44.1532 5.81175 -1.82516
vt 71.8713 230.422
v -44.1532 5.81151 -1.82506
vt 71.8673 230.412
v -44.1532 5.81125 -1.82503
vt 71.866 230.402
v -44.1532 5.80825 -1.82503
vt 71.866 230.284
v -44.1532 5.808 -1.82506
vt 71.8673 230.274
v -44.1532 5.80775 -1.82516
vt 71.8713 230.264
vt 71.8752 230.259
v -44.1532 5.80755 -1.82532
vt 71.8775 230.256
v -44.1532 5.80739 -1.82553
vt 71.8857 230.25
v -44.1532 5.80729 -1.82577
vt 71.8952 230.246
f 4040/10880/526 4035/10881/526 4001/10882/526 4002/10883/526 4036/10884/526 4039/10885/526 4041/10886/526 4042/10887/526 4043/10888/526 4044/10889/526 4045/10890/526 4046/10891/526 4047/10892/526 4048/10893/526 4049/10894/526 4031/10895/526 4050/10896/526 4051/10897/526 4052/10898/526 

v -47.9297 5.80372 -1.82603
vt 1886.78 71.8909
v -47.9297 5.80372 -1.84503
vt 1886.78 72.6389
f 4035/10799/211 4040/10798/56 4053/10899/56 4054/10900/211 

vt -1737.76 -53.6836
vt -1737.76 -53.6733
v -47.9297 5.80375 -1.82577
vt -1886.44 -54.7395
vt -1886.44 -54.7498
f 4040/10901/56 4052/10902/57 4055/10903/57 4053/10904/56 

vt -1738.15 17.4564
vt -1738.15 17.4667
v -47.9297 5.80385 -1.82553
vt -1886.83 17.1031
vt -1886.83 17.0928
f 4052/10905/57 4051/10906/58 4056/10907/58 4055/10908/57 

vt -1738.23 80.4842
vt -1738.23 80.4945
v -47.9297 5.80401 -1.82532
vt -1886.91 80.2659
vt -1886.91 80.2556
f 4051/10909/58 4050/10910/59 4057/10911/59 4056/10912/58 

vt -1738.26 136.892
vt -1738.26 136.898
v -47.9297 5.80422 -1.82516
vt -1886.95 136.723
vt -1886.95 136.712
vt -1738.26 136.888
f 4031/10913/311 4049/10914/60 4058/10915/60 4057/10916/59 4050/10917/59 

vt -1738.29 183.49
vt -1738.29 183.501
v -47.9297 5.80446 -1.82506
vt -1886.97 183.35
vt -1886.97 183.34
f 4049/10918/60 4048/10919/61 4059/10920/61 4058/10921/60 

vt -1738.31 217.298
vt -1738.31 217.309
v -47.9297 5.80472 -1.82503
vt -1886.99 217.168
vt -1886.99 217.158
f 4048/10922/61 4047/10923/52 4060/10924/52 4059/10925/61 

v -47.9297 5.80772 -1.82503
vt -1887 228.65
vt -1887 228.532
f 4047/4787/52 4046/4788/53 4061/10926/53 4060/10927/52 

vt -1738.33 236.183
vt -1738.33 236.193
v -47.9297 5.80798 -1.82506
vt -1887.01 236.053
vt -1887.01 236.042
f 4046/10928/53 4045/10929/68 4062/10930/68 4061/10931/53 

vt -1738.34 238.622
vt -1738.34 238.633
v -47.9297 5.80822 -1.82516
vt -1887.03 238.482
vt -1887.03 238.472
f 4045/10932/68 4044/10933/67 4063/10934/67 4062/10935/68 

vt -1738.37 224.51
vt -1738.37 224.52
v -47.9297 5.80843 -1.82532
vt -1887.05 224.345
vt -1887.05 224.335
f 4044/10936/67 4043/10937/66 4064/10938/66 4063/10939/67 

vt -1738.4 194.626
vt -1738.4 194.636
v -47.9297 5.80859 -1.82553
vt -1887.08 194.407
vt -1887.08 194.397
f 4043/10940/66 4042/10941/65 4065/10942/65 4064/10943/66 

vt -1738.47 150.338
vt -1738.47 150.349
v -47.9297 5.80869 -1.82577
vt -1887.16 149.985
vt -1887.16 149.975
f 4042/10944/65 4041/10945/64 4066/10946/64 4065/10947/65 

vt -1738.78 88.8799
vt -1738.78 88.8902
vt -1887.46 87.824
vt -1887.46 87.8137
f 4041/10948/64 4039/10949/62 4038/10950/62 4066/10951/64 

usemtl FrontColor
vt -71.8515 230.298
vn -1 -0.000936004 -4.54387e-13
vt -71.8515 230.417
vt -71.8529 230.427
vt -71.8568 230.436
vt -71.8631 230.444
vt -71.8712 230.451
vt -71.8807 230.455
vt -71.8909 230.456
vt -72.6389 230.456
vt -72.6389 230.259
vt -71.8909 230.259
vt -71.8807 230.26
vt -71.8712 230.264
vt -71.8631 230.271
vt -71.8568 230.279
vt -71.8529 230.288
f 4060/10952/604 4061/10953/604 4062/10954/604 4063/10955/604 4064/10956/604 4065/10957/604 4066/10958/604 4038/10959/604 4037/10960/604 4054/10961/604 4053/10962/604 4055/10963/604 4056/10964/604 4057/10965/604 4058/10966/604 4059/10967/604 

usemtl M_0050_LemonChiffon
vt 1887 228.493
vn -8.36137e-13 1.82167e-09 -1
f 4054/10968/605 4037/4761/605 4002/4379/605 4001/3037/605 4035/4841/605 

vn -1.28672e-12 1.96567e-09 -1
f 4035/4841/606 4001/3037/606 3999/3038/606 4005/3039/606 4020/3036/606 

usemtl M_0024_OrangeRed
vt 1559.22 237.505
vt 1738.36 236.893
vt 1738.36 237.312
f 1301/10969/86 1300/10769/86 1391/10772/86 1390/10970/86 1389/10971/86 

usemtl White1
vt 1558.97 74.3821
vn 0.000936004 -1 -5.90892e-14
vt 1558.97 73.4067
f 1302/10972/607 1301/10973/607 1389/10760/607 1388/10759/607 

vt 1558.97 35.016
vt 1558.97 34.0405
vt 1738.1 34.0405
vt 1738.1 35.016
f 1341/10974/371 1342/10975/371 1429/10976/371 1348/10977/371 

usemtl M_0024_OrangeRed
vt 1559.2 217.974
vt 1559.2 217.362
vt 1738.34 217.169
vt 1738.34 217.781
f 1342/10978/86 1343/10979/86 1428/10980/86 1429/10981/86 

usemtl M_0050_LemonChiffon
vt 1738.1 33.7368
vt 1738.1 33.9377
vt 1558.97 33.9377
vt 1558.97 33.7368
f 1428/10982/229 1427/10983/229 1344/10984/229 1343/10985/229 

vt 1738.1 33.9409
v -39.6033 5.88125 -0.862098
vt 1558.97 33.9409
f 1427/10983/257 1426/10986/257 4067/10987/257 1344/10984/257 

vt 1738.34 217.27
vt 1738.34 217.678
vt 1559.2 217.871
vt 1559.2 217.463
f 1426/10988/86 1425/10989/86 1345/10990/86 4067/10991/86 

vt 1738.1 34.1433
vt 1738.1 34.9132
vt 1558.97 34.9132
vt 1558.97 34.1433
f 1425/10992/293 1346/10993/293 1265/10994/293 1345/10995/293 

vn 1 0.000936004 -1.14242e-11
vt 33.9409 233.005
f 1345/3218/608 1344/3217/608 4067/10996/608

usemtl FrontColor
vt 1738.1 69.9273
vt 1558.97 69.9273
f 1393/10997/97 1263/3134/98 1262/3133/98 1298/10998/97 

usemtl White1
vt -1559.12 112.456
vt -1559.12 113.013
vt -1738.25 112.776
vt -1738.25 112.219
f 1298/10999/97 1297/11000/97 1394/11001/97 1393/11002/97 

vt 1558.97 69.5336
vt 1558.97 68.9835
vt 1738.1 68.9835
vt 1738.1 69.5336
f 1297/11003/97 1296/11004/99 1395/11005/99 1394/11006/97 

vt 1559.25 210.959
vt 1559.25 210.402
vt 1738.38 210.165
vt 1738.38 210.722
f 1296/11007/99 1295/11008/99 1396/11009/99 1395/11010/99 

vt 1558.97 68.5898
vt 1558.97 66.0809
vt 1738.1 66.0809
vt 1738.1 68.5898
f 1295/11011/99 1294/11012/97 1397/11013/97 1396/11014/99 

vt -1559.12 115.176
vt -1559.12 115.733
vt -1738.26 115.496
vt -1738.26 114.939
f 1294/11015/97 1293/11016/97 1398/11017/97 1397/11018/97 

vt 1558.97 65.6872
vt 1558.97 65.1371
vt 1738.1 65.1371
vt 1738.1 65.6872
f 1293/11019/97 1292/11020/99 1399/11021/99 1398/11022/97 

vt 1559.24 208.239
vt 1559.24 207.682
vt 1738.38 207.445
vt 1738.38 208.002
f 1292/11023/99 1291/11024/99 1400/11025/99 1399/11026/99 

vt 1558.97 64.7434
vt 1558.97 62.205
vt 1738.1 62.205
vt 1738.1 64.7434
f 1291/11027/99 1290/11028/24 1401/11029/24 1400/11030/99 

vt -1559.15 168.788
vt -1559.15 170.692
vt -1738.29 170.499
vt -1738.28 168.594
f 1290/11031/71 1289/11032/71 1402/11033/71 1401/11034/71 

vt 1558.97 61.2601
vn 0.000936004 -1 -2.99004e-14
vt 1558.97 60.2846
vt 1738.1 60.2846
vt 1738.1 61.2601
f 1289/11035/609 1288/11036/609 1403/11037/609 1402/11038/609 

vt 1559.22 230.995
vt 1559.22 229.091
vt 1738.35 228.897
vt 1738.35 230.802
f 1288/11039/86 1287/11040/86 1404/11041/86 1403/11042/86 

vt 1558.97 59.3397
vt 1558.97 56.8013
vt 1738.1 56.8013
vt 1738.1 59.3397
f 1287/11043/24 1286/11044/97 1405/11045/97 1404/11046/24 

vt -1559.13 121.737
vt -1559.13 122.294
vt -1738.26 122.057
vt -1738.26 121.5
f 1286/11047/97 1285/11048/97 1406/11049/97 1405/11050/97 

vt 1558.97 56.4076
vt 1558.97 55.8575
vt 1738.1 55.8575
vt 1738.1 56.4076
f 1285/11051/97 1284/11052/99 1407/11053/99 1406/11054/97 

vt 1559.24 201.678
vt 1559.24 201.121
vt 1738.37 200.884
vt 1738.37 201.441
f 1284/11055/99 1283/11056/99 1408/11057/99 1407/11058/99 

vt 1558.97 55.4638
vt 1558.97 52.9588
vt 1738.1 52.9588
vt 1738.1 55.4638
f 1283/11059/99 1282/11060/97 1409/11061/97 1408/11062/99 

vt -1559.13 124.455
vt -1559.13 125.011
vt -1738.27 124.774
vt -1738.27 124.217
f 1282/11063/97 1281/11064/97 1410/11065/97 1409/11066/97 

vt 1558.97 52.5651
vt 1558.97 52.015
vt 1738.1 52.015
vt 1738.1 52.5651
f 1281/11067/97 1280/11068/99 1411/11069/99 1410/11070/97 

vt 1559.23 198.961
vt 1559.23 198.404
vt 1738.37 198.167
vt 1738.37 198.723
f 1280/11071/99 1279/11072/99 1412/11073/99 1411/11074/99 

vt 1558.97 51.6213
vt 1558.97 49.0829
vt 1738.1 49.0829
vt 1738.1 51.6213
f 1279/11075/99 1278/11076/24 1413/11077/24 1412/11078/99 

vt -1559.16 175.298
vt -1559.16 177.202
vt -1738.29 177.009
vt -1738.29 175.105
f 1278/11079/71 1277/11080/71 1414/11081/71 1413/11082/71 

vt 1558.97 48.138
vn 0.000936004 -1 -7.60774e-16
vt 1558.97 47.1626
vt 1738.1 47.1626
vt 1738.1 48.138
f 1277/11083/610 1276/11084/610 1415/11085/610 1414/11086/610 

vt 1559.21 224.485
vt 1559.21 222.58
vt 1738.34 222.387
vt 1738.34 224.292
f 1276/11087/86 1275/11088/86 1416/11089/86 1415/11090/86 

vt 1558.97 46.2177
vt 1558.97 43.6793
vt 1738.1 43.6793
vt 1738.1 46.2177
f 1275/11091/24 1274/11092/97 1417/11093/97 1416/11094/24 

vt -1559.14 131.016
vt -1559.14 131.573
vt -1738.28 131.336
vt -1738.28 130.779
f 1274/11095/97 1273/11096/97 1418/11097/97 1417/11098/97 

vt 1558.97 43.2856
vt 1558.97 42.7375
vt 1738.1 42.7375
vt 1738.1 43.2856
f 1273/11099/97 1272/11100/99 1419/11101/99 1418/11102/97 

vt 1559.22 192.4
vt 1559.22 191.844
vt 1738.36 191.606
vt 1738.36 192.163
f 1272/11103/99 1271/11104/99 1420/11105/99 1419/11106/99 

vt 1558.97 42.3438
vt 1558.97 39.8348
vt 1738.1 39.8348
vt 1738.1 42.3438
f 1271/11107/99 1270/11108/97 1421/11109/97 1420/11110/99 

vt -1559.15 133.735
vt -1559.15 134.291
vt -1738.28 134.054
vt -1738.28 133.498
f 1270/11111/97 1269/11112/97 1422/11113/97 1421/11114/97 

vt 1558.97 39.4411
vt 1558.97 38.893
vt 1738.1 38.893
vt 1738.1 39.4411
f 1269/11115/97 1268/11116/99 1423/11117/99 1422/11118/97 

vt 1559.22 189.682
vt 1559.22 189.125
vt 1738.35 188.888
vt 1738.35 189.445
f 1268/11119/99 1267/11120/99 1424/11121/99 1423/11122/99 

usemtl FrontColor
vt 1558.97 35.7568
vn 0.000936004 -1 -7.91131e-16
vt 1738.1 35.7568
vt 1738.1 38.4993
vt 1558.97 38.4993
f 1266/11123/611 1347/11124/611 1424/11125/99 1267/11126/99 

g Mesh17 Model

usemtl M_0050_LemonChiffon
v -44.1532 5.803 -6.84236
v -44.1532 5.808 -6.84236
v -39.6032 5.81225 -6.84236
v -39.6032 5.80725 -6.84236
f 4068/3036/240 4069/3037/240 4070/3038/240 4071/3039/240 

usemtl FrontColor
v -44.1532 5.807 -6.82236
vt -268.6 230.117
vn -1 -0.000859947 2.0092e-06
v -44.1532 5.80725 -6.82239
vt -268.602 230.127
v -44.1532 5.80725 -6.82854
vt -268.844 230.127
v -44.1532 5.80729 -6.82828
vt -268.833 230.128
v -44.1532 5.80739 -6.82804
vt -268.824 230.132
v -44.1532 5.80755 -6.82783
vt -268.816 230.138
v -44.1532 5.80775 -6.82767
vt -268.81 230.147
v -44.1532 5.808 -6.82757
vt -268.806 230.156
vt -269.388 230.156
vt -269.388 229.959
v -44.1532 5.803 -6.82336
vt -268.64 229.959
v -44.1532 5.80303 -6.8231
vt -268.629 229.96
v -44.1532 5.80313 -6.82286
vt -268.62 229.964
v -44.1532 5.80329 -6.82265
vt -268.612 229.971
v -44.1532 5.8035 -6.82249
vt -268.606 229.979
v -44.1532 5.80374 -6.82239
vt -268.602 229.988
v -44.1532 5.804 -6.82236
vt -268.6 229.999
f 4072/11127/612 4073/11128/612 4074/11129/612 4075/11130/612 4076/11131/612 4077/11132/612 4078/11133/612 4079/11134/612 4069/11135/612 4068/11136/612 4080/11137/612 4081/11138/612 4082/11139/612 4083/11140/612 4084/11141/612 4085/11142/612 4086/11143/612 

usemtl M_0050_LemonChiffon
v -39.6032 5.81125 -6.82236
vt -1559.22 261.866
v -39.6032 5.81151 -6.82239
vt -1559.22 261.876
vt -1738.35 261.707
vt -1738.35 261.697
f 4087/11144/53 4088/11145/68 4073/11146/68 4072/11147/53 

v -39.6032 5.80725 -6.82336
vt 268.636 230.091
vn 1 0.000936004 -1.13494e-09
v -39.6032 5.80725 -6.82854
vt 268.84 230.091
v -39.6032 5.80729 -6.82828
vt 268.83 230.093
v -39.6032 5.80739 -6.82804
vt 268.82 230.097
v -39.6032 5.80755 -6.82783
vt 268.812 230.103
v -39.6032 5.80775 -6.82767
vt 268.806 230.111
v -39.6032 5.808 -6.82757
vt 268.802 230.121
v -39.6032 5.80825 -6.82754
vt 268.801 230.131
v -39.6032 5.81125 -6.82754
vt 268.801 230.249
v -39.6032 5.81151 -6.82757
vt 268.802 230.259
v -39.6032 5.81175 -6.82767
vt 268.806 230.269
v -39.6032 5.81196 -6.82783
vt 268.812 230.277
v -39.6032 5.81212 -6.82804
vt 268.82 230.283
v -39.6032 5.81222 -6.82828
vt 268.83 230.287
v -39.6032 5.81225 -6.82854
vt 268.84 230.288
v -39.6032 5.81225 -6.82336
vt 268.636 230.288
v -39.6032 5.81222 -6.8231
vt 268.626 230.287
v -39.6032 5.81212 -6.82286
vt 268.616 230.283
v -39.6032 5.81196 -6.82265
vt 268.608 230.277
v -39.6032 5.81175 -6.82249
vt 268.602 230.269
vt 268.598 230.259
vt 268.597 230.249
v -39.6032 5.80825 -6.82236
vt 268.597 230.131
v -39.6032 5.808 -6.82239
vt 268.598 230.121
v -39.6032 5.80775 -6.82249
vt 268.602 230.111
v -39.6032 5.80755 -6.82265
vt 268.608 230.103
v -39.6032 5.80739 -6.82286
vt 268.616 230.097
v -39.6032 5.80729 -6.8231
vt 268.626 230.093
f 4089/11148/613 4090/11149/613 4091/11150/613 4092/11151/613 4093/11152/613 4094/11153/613 4095/11154/613 4096/11155/613 4097/11156/613 4098/11157/613 4099/11158/613 4100/11159/613 4101/11160/613 4102/11161/613 4103/11162/613 4104/11163/613 4105/11164/613 4106/11165/613 4107/11166/613 4108/11167/613 4088/11168/613 4087/11169/613 4109/11170/613 4110/11171/613 4111/11172/613 4112/11173/613 4113/11174/613 4114/11175/613 

vt 1558.97 268.84
vn 0.000936004 -1 1.28999e-10
vt 1558.97 268.636
vt 1738.1 268.636
vt 1738.1 269.384
f 4090/11176/614 4089/11177/56 4080/11178/56 4068/11179/614 4071/6559/614 

vt -1557.23 -247.478
vt -1557.23 -247.468
vt -1736.36 -248.752
vt -1736.36 -248.763
f 4089/11180/56 4114/11181/57 4081/11182/57 4080/11183/56 

vt -1558.57 -163.938
vt -1558.57 -163.928
vt -1737.7 -164.366
vt -1737.7 -164.376
f 4114/11184/57 4113/11185/58 4082/11186/58 4081/11187/57 

vt -1558.85 -75.4307
vt -1558.85 -75.4204
vt -1737.99 -75.6959
vt -1737.99 -75.7061
f 4113/11188/58 4112/11189/59 4083/11190/59 4082/11191/58 

vt -1558.99 17.1952
vt -1558.99 17.2055
vt -1738.12 16.9942
vt -1738.12 16.9839
f 4112/11192/59 4111/11193/60 4084/11194/60 4083/11195/59 

vt -1559.08 108.226
vt -1559.08 108.236
vt -1738.21 108.055
vt -1738.21 108.044
f 4111/11196/60 4110/11197/61 4085/11198/61 4084/11199/60 

vt -1559.15 191.621
vt -1559.15 191.631
vt -1738.28 191.462
vt -1738.28 191.452
f 4110/11200/61 4109/11201/52 4086/11202/52 4085/11203/61 

f 4109/3056/52 4087/3057/53 4072/3058/53 4086/3059/52 

vt 269.384 230.288
vn 1 0.000936004 4.12869e-10
vt 269.384 230.091
f 4070/11204/615 4103/11162/615 4102/11161/615 4101/11160/615 4100/11159/615 4099/11158/615 4098/11157/615 4097/11156/615 4096/11155/615 4095/11154/615 4094/11153/615 4093/11152/615 4092/11151/615 4091/11150/615 4090/11149/615 4071/11205/615 

vt -1558.97 268.84
vn -0.000936004 1 3.9212e-09
vt -1558.97 269.384
vt -1738.1 269.384
vt -1738.1 268.802
v -44.1532 5.808 -6.82336
vt -1738.1 268.636
vt -1558.97 268.636
f 4103/11206/616 4070/11207/616 4069/11208/616 4079/11209/616 4115/11210/62 4104/11211/62 

usemtl FrontColor
vt -268.482 230.297
vn -1 -0.000940851 -8.86222e-05
vt -268.648 230.297
vt -268.652 230.287
vt -268.658 230.279
vt -268.666 230.273
vt -268.676 230.269
vt -268.686 230.267
vt -268.444 230.267
v -44.1532 5.8075 -6.82249
vt -268.448 230.277
v -44.1532 5.8077 -6.82265
vt -268.454 230.285
v -44.1532 5.80786 -6.82286
vt -268.462 230.291
v -44.1532 5.80796 -6.8231
vt -268.472 230.295
f 4115/11212/617 4079/11213/617 4078/11214/617 4077/11215/617 4076/11216/617 4075/11217/617 4074/11218/617 4073/11219/617 4116/11220/617 4117/11221/617 4118/11222/617 4119/11223/617 

usemtl M_0050_LemonChiffon
vt -1559.29 313.94
vt -1559.29 313.95
vt -1738.42 313.769
vt -1738.42 313.759
f 4088/11224/68 4108/11225/67 4116/11226/67 4073/11227/68 

vt -1559.38 344.359
vt -1559.38 344.37
vt -1738.51 344.158
vt -1738.51 344.148
f 4108/11228/67 4107/11229/66 4117/11230/66 4116/11231/67 

vt -1559.51 350.887
vt -1559.51 350.898
vt -1738.64 350.622
vt -1738.64 350.612
f 4107/11232/66 4106/11233/65 4118/11234/65 4117/11235/66 

vt -1559.79 332.481
vt -1559.79 332.491
vt -1738.92 332.053
vt -1738.92 332.042
f 4106/11236/65 4105/11237/64 4119/11238/64 4118/11239/65 

vt -1561.05 285.2
vt -1561.05 285.21
vt -1740.18 283.925
vt -1740.18 283.915
f 4105/11240/64 4104/11241/62 4115/11242/62 4119/11243/64 

